{"val_loss": [1.1851749531058378, 0.9582139142723971, 0.8078692846520003, 0.7062200862307881, 0.6314596686252328, 0.5702444592187571, 0.5164272812909858, 0.46649297378784005, 0.42030959073887314, 0.37834033577941184, 0.3403606428656467, 0.30674443688503533, 0.27770518078360446, 0.2526903457419817, 0.23100150775077732, 0.21217765433843747, 0.1963548195916553, 0.18289313066837398, 0.17153720938882164, 0.16183582779973052, 0.15338752747968185, 0.1461404520411824, 0.13984313953754512, 0.13436491059702496, 0.12958575403967568, 0.12533289817876594, 0.1216219757185426, 0.11851929769266484, 0.11579179469236107, 0.11317963707585667, 0.1108492075703865, 0.10890337443628977, 0.10714355041814405, 0.1054456133482068, 0.10395959955315258, 0.10263831757528838, 0.10149634040372316, 0.10048325585071431, 0.09946954336970351, 0.09859297493862551, 0.09749490940986677, 0.09655782632356466, 0.09588328367748926, 0.09534389092478641, 0.09452547566142193, 0.0937258317026981, 0.09300613351339518, 0.09245936988398086, 0.09199149404154268, 0.09151292956152628, 0.0908395204433175, 0.09036029442105183, 0.08998117301353188, 0.08942896145027737, 0.08889202236436135, 0.08865047454140908, 0.088215256672959, 0.08765698276286901, 0.08716269357259883, 0.08690420382244643, 0.0864110067486763, 0.0861784720490145, 0.08569547464681226, 0.085630445806093, 0.08526448472294697, 0.08471205639977787, 0.0842105477701786, 0.08397136351396871, 0.08376685166081717, 0.08336727563724962, 0.08330124893853831, 0.08277391434408897, 0.08253045016249945, 0.0823125236256178, 0.0819143271723459, 0.08169521824565044, 0.08158717529718267, 0.08116414831128231, 0.08078251865714095, 0.08064359426498413, 0.08039582156857779, 0.08039893625780593, 0.08021681859742763, 0.07970098198153251, 0.07928541995758234, 0.07907502110614333, 0.07889556780804036, 0.07884443083474803, 0.07871285808640857, 0.07839433398357658, 0.07814121280991754, 0.07778353122777718, 0.07766420584778454, 0.07779979515214298, 0.07765151924172113, 0.07738581230474073, 0.07696567042622456, 0.07678012134030808, 0.07664259159287741, 0.07671957255102867], "loss": [1.355878380841987, 1.074852053509202, 0.8849535293357317, 0.7603834812031236, 0.6672536841658658, 0.6071276165718256, 0.5548657622448233, 0.4987472739330558, 0.46980021859324256, 0.4297149236812148, 0.3930977319562158, 0.3635925886242889, 0.3308223929516105, 0.3078494785830032, 0.28083263718804646, 0.2666549495486326, 0.2491351816543313, 0.22524328945681107, 0.21501955286014912, 0.20172051738860997, 0.19250294496846754, 0.18002476213976396, 0.1722087839315104, 0.16838995349961658, 0.16623057043829628, 0.14467561002387558, 0.14753414794456127, 0.152675342421199, 0.14555965190710024, 0.1367595701716667, 0.13216928375321765, 0.1329245414844779, 0.12652303451715513, 0.12679272508898445, 0.12037183673575867, 0.12298513983571252, 0.11843770777070245, 0.12305377458417138, 0.11651838362910026, 0.1201168946748556, 0.11045495074155719, 0.11210121907467066, 0.1124045318642328, 0.11297888932533043, 0.1112159114590911, 0.10666523804498274, 0.1059054006324258, 0.10712284716062767, 0.10780084930187048, 0.103124390334584, 0.1019225649015848, 0.10336729936128439, 0.10498860062554825, 0.10096127574526986, 0.09986337256986041, 0.10290623872086059, 0.10014473560244538, 0.09724267294933629, 0.09602361882841864, 0.09622053438147833, 0.09773234641829202, 0.09816577701374542, 0.09447661406079004, 0.10069393401229104, 0.09591355001510576, 0.09519494342249493, 0.09442415798819342, 0.09180470244135967, 0.09174460241960924, 0.09350679624219273, 0.0953240467365398, 0.08956179057442865, 0.09329556465842002, 0.09047639300656873, 0.08943858378848364, 0.09092356160629628, 0.09134634514880735, 0.08615769861742507, 0.09101661953122117, 0.08914988349343456, 0.08900174619846565, 0.08972827812959981, 0.08629514138365901, 0.0859178420762683, 0.08259337915237559, 0.08626810270686482, 0.08485744269781334, 0.08900056952653929, 0.08413812466139017, 0.08300624112057131, 0.08614566766245421, 0.08194930158382238, 0.08666144571332045, 0.0844438555975293, 0.08524153381586075, 0.08209079763917036, 0.08242683753717778, 0.08275532705146213, 0.08291150768135869, 0.08481366915065189]}