{"val_loss": [1.8298649787902832, 1.7686375379562378, 1.7097363471984863, 1.6531567573547363, 1.5988763570785522, 1.5468600988388062, 1.497067928314209, 1.4494495391845703, 1.4039506912231445, 1.3605133295059204, 1.3190783262252808, 1.2795815467834473, 1.2419588565826416, 1.2061407566070557, 1.1720601320266724, 1.1396498680114746, 1.108839988708496, 1.0795588493347168, 1.0517398118972778, 1.0253115892410278, 1.0002044439315796, 0.9763511419296265, 0.9536838531494141, 0.9321369528770447, 0.9116460680961609, 0.8921710252761841, 0.8736616373062134, 0.8560613989830017, 0.839314877986908, 0.8233676552772522, 0.8081700205802917, 0.7936723828315735, 0.7798281908035278, 0.766593337059021, 0.7539209723472595, 0.7417727112770081, 0.7301067113876343, 0.7188847064971924, 0.7080690264701843, 0.6976261734962463, 0.6875278353691101, 0.6777388453483582, 0.6682323813438416, 0.6589796543121338, 0.6499588489532471, 0.6411445736885071, 0.6325163245201111, 0.6240511536598206, 0.6157323718070984, 0.6075406670570374, 0.599460780620575, 0.591475784778595, 0.5835800766944885, 0.575758695602417, 0.5680020451545715, 0.5603039860725403, 0.5526488423347473, 0.5450267791748047, 0.537436306476593, 0.5298724174499512, 0.5223277807235718, 0.5148047208786011, 0.5072999000549316, 0.4998175799846649, 0.4923490881919861, 0.48488911986351013, 0.4774373769760132, 0.4699927270412445, 0.4625556766986847, 0.4551343619823456, 0.4477309584617615, 0.4403538703918457, 0.43300044536590576, 0.4256722927093506, 0.4183717370033264, 0.41110241413116455, 0.40386253595352173, 0.39666643738746643, 0.38951876759529114, 0.38241052627563477, 0.3753499388694763, 0.36834782361984253, 0.3614020347595215, 0.3545176088809967, 0.3477027118206024, 0.3409588038921356, 0.334293931722641, 0.32769834995269775, 0.3211801052093506, 0.31474626064300537, 0.30839642882347107, 0.3021322190761566, 0.29595306515693665, 0.2898717522621155, 0.2838808596134186, 0.2779892683029175, 0.2721910774707794, 0.26650333404541016, 0.26092150807380676, 0.2554531395435333], "loss": [1.8921689987182617, 1.8281652927398682, 1.766001582145691, 1.7068912982940674, 1.6498472690582275, 1.5953339338302612, 1.5437073707580566, 1.4928840398788452, 1.4448132514953613, 1.3992518186569214, 1.3547166585922241, 1.3120921850204468, 1.2731341123580933, 1.2348889112472534, 1.1992928981781006, 1.1643152236938477, 1.1322546005249023, 1.1007564067840576, 1.0706465244293213, 1.0431623458862305, 1.014945387840271, 0.9922757744789124, 0.9668015241622925, 0.9439980983734131, 0.9228172898292542, 0.9005877375602722, 0.880994975566864, 0.8626476526260376, 0.8449259400367737, 0.8288583755493164, 0.8121691942214966, 0.7961962819099426, 0.7812721133232117, 0.7670901417732239, 0.7550317049026489, 0.7400965690612793, 0.7297013998031616, 0.7164181470870972, 0.7050209045410156, 0.6937616467475891, 0.6831111311912537, 0.6758334040641785, 0.6648865342140198, 0.6556405425071716, 0.6451098322868347, 0.636645495891571, 0.62591552734375, 0.6199007034301758, 0.6086254715919495, 0.6030356884002686, 0.5945857167243958, 0.5880007147789001, 0.5774975419044495, 0.5706257224082947, 0.5615851879119873, 0.5533233880996704, 0.5475358963012695, 0.5393550992012024, 0.5318405628204346, 0.5241255164146423, 0.5180256366729736, 0.5093008875846863, 0.502417266368866, 0.49237391352653503, 0.48727065324783325, 0.4819774925708771, 0.47479113936424255, 0.46772029995918274, 0.4604741036891937, 0.4511197507381439, 0.4443483054637909, 0.4347594380378723, 0.4288102388381958, 0.42238736152648926, 0.41634345054626465, 0.409061998128891, 0.40303418040275574, 0.3930797278881073, 0.38575783371925354, 0.3824906349182129, 0.37473416328430176, 0.36638563871383667, 0.362448513507843, 0.3547176718711853, 0.3469022512435913, 0.34087619185447693, 0.3342887759208679, 0.3303444981575012, 0.3231637179851532, 0.3158450424671173, 0.31101253628730774, 0.3059634566307068, 0.30073267221450806, 0.29303255677223206, 0.28992193937301636, 0.28281503915786743, 0.2798331677913666, 0.271241694688797, 0.26761916279792786, 0.26066040992736816]}