{"val_loss": [11.433661460876465, 10.737377166748047, 10.065338134765625, 9.4194974899292, 8.802630424499512, 8.217674255371094, 7.666352272033691, 7.149044513702393, 6.664554119110107, 6.210807800292969, 5.7850823402404785, 5.384870529174805, 5.008312225341797, 4.6537675857543945, 4.319877624511719, 4.005699634552002, 3.710282325744629, 3.4327504634857178, 3.1722984313964844, 2.9281184673309326, 2.699522018432617, 2.485778331756592, 2.2861783504486084, 2.100005626678467, 1.926590919494629, 1.7652740478515625, 1.6154179573059082, 1.4763884544372559, 1.3475806713104248, 1.2283926010131836, 1.118269443511963, 1.0166800022125244, 0.9230684041976929, 0.8369497060775757, 0.7578374147415161, 0.6852642893791199, 0.6187903881072998, 0.5579944849014282, 0.5024789571762085, 0.45186281204223633, 0.405788391828537, 0.3639122247695923, 0.3259141445159912, 0.29149240255355835, 0.26036277413368225, 0.23225995898246765, 0.206935316324234, 0.18414966762065887, 0.16368933022022247, 0.1453491449356079, 0.12893913686275482, 0.11428602039813995, 0.10122612863779068, 0.08960956335067749, 0.07929743081331253, 0.07016192376613617, 0.06208479404449463, 0.05495946481823921, 0.04868706315755844, 0.04317689687013626, 0.0383477509021759, 0.03412448614835739, 0.030439548194408417, 0.02723170630633831, 0.024445345625281334, 0.022030644118785858, 0.019942838698625565, 0.01814161241054535, 0.016591046005487442, 0.015259004198014736, 0.014117009937763214, 0.013139680027961731, 0.012304596602916718, 0.011592034250497818, 0.010984579101204872, 0.010467061772942543, 0.010026155039668083, 0.009650318883359432, 0.00932955089956522, 0.009055200964212418, 0.008819830603897572, 0.0086170993745327, 0.008441573940217495, 0.008288688026368618, 0.008154570125043392, 0.008035971783101559, 0.007930203340947628, 0.00783502496778965, 0.007748614065349102, 0.00766947865486145, 0.007596408948302269, 0.007528435438871384, 0.007464798167347908, 0.007404892705380917, 0.007348258979618549, 0.007294544950127602, 0.007243480999022722, 0.007194868288934231, 0.007148565258830786, 0.007104459684342146], "loss": [12.153421401977539, 11.439436912536621, 10.749247550964355, 10.083462715148926, 9.44383716583252, 8.832839012145996, 8.253104209899902, 7.706127166748047, 7.192200183868408, 6.710176467895508, 6.25813102722168, 5.833531379699707, 5.434048175811768, 5.057954788208008, 4.703710556030273, 4.3700151443481445, 4.055966377258301, 3.7606360912323, 3.4831647872924805, 3.222755193710327, 2.9786059856414795, 2.750032424926758, 2.5363059043884277, 2.3367185592651367, 2.1505560874938965, 1.977149248123169, 1.8158388137817383, 1.6659879684448242, 1.5269625186920166, 1.398158311843872, 1.27897310256958, 1.16885244846344, 1.0672650337219238, 0.973655104637146, 0.8875378966331482, 0.8084269165992737, 0.735854983329773, 0.6693819761276245, 0.6085869073867798, 0.5530722141265869, 0.5024567246437073, 0.4563828706741333, 0.41450726985931396, 0.3765096366405487, 0.3420882821083069, 0.3109590411186218, 0.2828565537929535, 0.2575322091579437, 0.23474684357643127, 0.21428675949573517, 0.19594678282737732, 0.17953699827194214, 0.1648840606212616, 0.15182435512542725, 0.1402079463005066, 0.12989592552185059, 0.12076056003570557, 0.11268354952335358, 0.1055583506822586, 0.09928606450557709, 0.09377598762512207, 0.08894692361354828, 0.08472371846437454, 0.08103887736797333, 0.07783110439777374, 0.07504481077194214, 0.07263017445802689, 0.07054243981838226, 0.06874125450849533, 0.0671907439827919, 0.06585875153541565, 0.06471681594848633, 0.06373953074216843, 0.0629044845700264, 0.06219197437167168, 0.06158456206321716, 0.061067089438438416, 0.060626208782196045, 0.06025040149688721, 0.05992968752980232, 0.05965535342693329, 0.05942002311348915, 0.059217337518930435, 0.059041839092969894, 0.05888897553086281, 0.05875489488244057, 0.05863633379340172, 0.058530595153570175, 0.058435436338186264, 0.05834906920790672, 0.05826997011899948, 0.058196909725666046, 0.0581289604306221, 0.058065369725227356, 0.05800548568367958, 0.05794886499643326, 0.05789519473910332, 0.05784416198730469, 0.05779557302594185, 0.05774928256869316]}