{"val_loss": [3.5674131378646967, 3.2767072574112768, 3.005803814230039, 2.7539564066155013, 2.520117863204128, 2.3030341595642327, 2.1012417586274847, 1.9127916633620743, 1.7351300984390021, 1.5654406455136085, 1.4008045353630716, 1.238953900891681, 1.08006732870442, 0.9282886233440665, 0.790743043718412, 0.6737137538518092, 0.5777439613674962, 0.4996790717276492, 0.4355828008910482, 0.3817474495532901, 0.3356407661308614, 0.2956131784490837, 0.26054985185926277, 0.22968953512897788, 0.2024708327858947, 0.17843615327232568, 0.15721604112506837, 0.13849546107672905, 0.1219930566789568, 0.10746135210344034, 0.09467975679756135, 0.08345039315926012, 0.0735950196782748, 0.06495767675859984, 0.05739785574896391, 0.050787229379711224, 0.04501027108509411, 0.03996761221178742, 0.03557361119477324, 0.03174376926680868, 0.02840430168218391, 0.025504030720439066, 0.022985510239305423, 0.020799833472615988, 0.018901375028514123, 0.017250497168464253, 0.015817188881626424, 0.014573623996603396, 0.013488799001472864, 0.0125383678101754, 0.011706908933760585, 0.01098018773477669, 0.010349694177392841, 0.009804594806980255, 0.009324794281418471, 0.008900695480406284, 0.008527367209741312, 0.008198144621858302, 0.007903470816596071, 0.007642959944846094, 0.007414245454580054, 0.007209612240711617, 0.00702919113601363, 0.006870079886659171, 0.006723623643376569, 0.006589220205047565, 0.006463627515057492, 0.006346968511595975, 0.00623891145250825, 0.0061359932617277135, 0.006046020418636559, 0.005963029913864163, 0.005878801847439866, 0.00579504759679007, 0.005713364094957825, 0.005633286568661069, 0.005554096459216157, 0.005480695956263893, 0.005415294312171696, 0.0053551731660038005, 0.005297650680552388, 0.005242523354615352, 0.005188623995541833, 0.005133344210655422, 0.0050798930090584955, 0.005028915180023326, 0.0049812240641593005, 0.004934755301954904, 0.004892868758720714, 0.004855092885622451, 0.004819509345864834, 0.004788825847930455, 0.0047525813001706154, 0.0047153225132488, 0.004679059609770775, 0.004644137142991373, 0.004611716540746911, 0.004578773188585228, 0.004542566973051822, 0.004507483113123927], "loss": [3.876960789510446, 3.56460173924764, 3.2717878504316937, 2.997870389805284, 2.741955653641575, 2.5018629473309186, 2.276754379272461, 2.063497592312421, 1.8601957411729089, 1.6633107588272686, 1.4710710067157597, 1.2792194508766943, 1.1023173369178476, 0.9398362978484279, 0.8073349424110826, 0.7011283294175022, 0.6146197600882183, 0.5437942983568177, 0.4823636948600296, 0.4291519665902899, 0.3818796106087145, 0.33972155447154084, 0.3021014150260955, 0.268566033405851, 0.23868427835693656, 0.2121630090382672, 0.1885641901067985, 0.16761460207229437, 0.14913160313469495, 0.1327623227076937, 0.11833000847304515, 0.10562675434720609, 0.09446202952039334, 0.08462394265703453, 0.07602667069250299, 0.06845504305390425, 0.06185647781736167, 0.056063106644523235, 0.05103839003993559, 0.04661596294983413, 0.04279701683179352, 0.03939399914455044, 0.036510633348032485, 0.03400097842248835, 0.03183657514263493, 0.02996495940773062, 0.028280224521146265, 0.026887417561555094, 0.02566075108425562, 0.02462430055751357, 0.023707396848950277, 0.022902080745891083, 0.022223497719265694, 0.021610090436861497, 0.021113742475015247, 0.020642667748900348, 0.020268556943466496, 0.019939289680978124, 0.019643143324773443, 0.019371597572814588, 0.019152286765707092, 0.01895138543359069, 0.018771818283107852, 0.018608609849745914, 0.018472393079437027, 0.018355363647836125, 0.018269181901285816, 0.0181440264708543, 0.01805279737468376, 0.017974778410595978, 0.01790681728270165, 0.017848898317347203, 0.017779679319193196, 0.017734697680602703, 0.01767344364910856, 0.01761283295214638, 0.017564100913645686, 0.0175005544352439, 0.01745084944621537, 0.017407506776525992, 0.01737571838347949, 0.017318946128898813, 0.017279357136797534, 0.017257943128546078, 0.017210260409024333, 0.017171112950458083, 0.017137504449879475, 0.017091245686476544, 0.01706115361447482, 0.017036266162876013, 0.017011337516497273, 0.016973895222930482, 0.016958614905155444, 0.016925375547635464, 0.01690333680242531, 0.01687215488086375, 0.0168454014919987, 0.016823488771337873, 0.016796705197514028, 0.016771246390345024]}