{"val_loss": [10.270555259645448, 9.117497969043347, 8.060286721517873, 7.114023851793866, 6.276982754699944, 5.533837902453518, 4.869301958601604, 4.27319783942644, 3.7390114872954614, 3.261508431545524, 2.8361022158186566, 2.458481045656426, 2.1244899949362113, 1.8301858624746634, 1.5718147477438285, 1.3458132466604544, 1.1488197773926019, 0.9777449702107629, 0.8296951984250268, 0.7020227650339289, 0.592306349166604, 0.4983418322810831, 0.41813594472500704, 0.3499066866645517, 0.29205617678257845, 0.2431581951389017, 0.20196342849454216, 0.1673638857612314, 0.13839458310326866, 0.11421245717725088, 0.09408827507218649, 0.07738972097173218, 0.06357507794633392, 0.05217831596270088, 0.04280502738994221, 0.03511765616577725, 0.02883178382649902, 0.023706712001977964, 0.019540656531272932, 0.01616458986098914, 0.013437133470131445, 0.011240908125227735, 0.009478390397316263, 0.00806883461195831, 0.006945688003139903, 0.006054221843766381, 0.0053495049563258195, 0.004794766866537028, 0.004360053431993538, 0.004020974253008301, 0.003757797621999138, 0.003554553002869898, 0.0033984088642132837, 0.0032790652422104464, 0.00318830691696715, 0.0031196037289332743, 0.0030678014718573685, 0.0030288533289563055, 0.0029996009597684755, 0.0029776054416429396, 0.002960988791486205, 0.0029483300294409426, 0.0029385597553364066, 0.002930880538657192, 0.002924713558813398, 0.0029196338980754678, 0.0029153460853321607, 0.0029116391958741022, 0.002908371419595309, 0.0029054454459209542, 0.0029028007208348012, 0.002900390698061895, 0.00289819300420178, 0.0028961836793568244, 0.0028943536323025936, 0.002892688902224912, 0.002891176201533093, 0.0028898039103536183, 0.0028885626883874108, 0.002887439746193068, 0.0028864239060948063, 0.002885501436499316, 0.002884662316664476, 0.0028838937445146632, 0.0028831861866277088, 0.002882532390960774, 0.0028819205174439176, 0.0028813456495602927, 0.002880799676140034, 0.0028802779044724944, 0.0028797740589596274, 0.002879283726648536, 0.0028788071223209764, 0.002878339127312566, 0.00287787790063682, 0.0028774220182365457, 0.0028769701011767683, 0.0028765221386281557, 0.0028760790474741727, 0.0028756352957309216], "loss": [11.5002845350162, 10.268929880718852, 9.1192690605341, 8.06517889702967, 7.121251394582349, 6.285664063091426, 5.543344630751499, 4.879300753275554, 4.283537169759588, 3.749618940575178, 3.2723435745682825, 2.8471381202224615, 2.469696828561236, 2.135867107746213, 1.84170863794726, 1.5834680379823196, 1.3575833185698636, 1.1606941269349682, 0.9897119499916254, 0.8417441091796224, 0.7141439651334008, 0.6044908845147421, 0.5105818004109138, 0.430424104827319, 0.36223670655442763, 0.30442233510719713, 0.2555554539196251, 0.21438732235006583, 0.17981056499388792, 0.1508606314197067, 0.12669495787731436, 0.10658465949601906, 0.08989781227915786, 0.07609299333520637, 0.06470446271258731, 0.05533803629782773, 0.04765637409548427, 0.04137523403001386, 0.03625408821385498, 0.03209126417257989, 0.028717858023768247, 0.025992581765203512, 0.023798139578150225, 0.02203707772400952, 0.020628710154646127, 0.019506524165355883, 0.018615840205041936, 0.017911749379348384, 0.01735751996495465, 0.016923213493107825, 0.01658446012541305, 0.016321543337011985, 0.016118505897448045, 0.015962529248853986, 0.015843314429124195, 0.015752659251465816, 0.015684040147782297, 0.015632307720045712, 0.0155934142454188, 0.015564204554629419, 0.015542246401309967, 0.015525662419638892, 0.01551302893506002, 0.015503278651902841, 0.015495619729392288, 0.015489471260487109, 0.015484409031364344, 0.015480134563968163, 0.015476445082661718, 0.015473189395527507, 0.01547027805228104, 0.015467647224837957, 0.01546525562456412, 0.01546306781788436, 0.015461071863654972, 0.015459256665420163, 0.015457606094694414, 0.015456106210517328, 0.015454748219471107, 0.01545352254842603, 0.015452410007805326, 0.015451409218674021, 0.01545049847905026, 0.015449675868532454, 0.015448917237709659, 0.015448225445525592, 0.015447584753350695, 0.01544698183388673, 0.015446418910756592, 0.015445883638521498, 0.01544537391629099, 0.015444884610961574, 0.015444407499460288, 0.01544394450940827, 0.015443485266305217, 0.01544303830366495, 0.015442590554093206, 0.015442148356359134, 0.015441718655674494, 0.015441284449987634]}