{"val_loss": [3.553837776184082, 3.4104385375976562, 3.2718100547790527, 3.1379566192626953, 3.0088534355163574, 2.884443521499634, 2.7646689414978027, 2.6494498252868652, 2.538698673248291, 2.4323270320892334, 2.3302319049835205, 2.2323086261749268, 2.1384425163269043, 2.0485239028930664, 1.9624289274215698, 1.8800380229949951, 1.8012216091156006, 1.7258530855178833, 1.653799057006836, 1.5849237442016602, 1.519094467163086, 1.4561774730682373, 1.396034836769104, 1.3385125398635864, 1.28346586227417, 1.2307562828063965, 1.180239200592041, 1.131763219833374, 1.0851995944976807, 1.0403940677642822, 0.9971712827682495, 0.9553968906402588, 0.9149085879325867, 0.8755335807800293, 0.8371282815933228, 0.7995799779891968, 0.7627692222595215, 0.7266368865966797, 0.6911415457725525, 0.656314492225647, 0.622214674949646, 0.5889090299606323, 0.556498646736145, 0.5251138210296631, 0.49488258361816406, 0.46585968136787415, 0.4381347894668579, 0.411749929189682, 0.38675111532211304, 0.36314183473587036, 0.34089013934135437, 0.3199717402458191, 0.30031853914260864, 0.2819156050682068, 0.26469433307647705, 0.24860107898712158, 0.23357564210891724, 0.219529926776886, 0.20643939077854156, 0.1942204236984253, 0.18283557891845703, 0.17221599817276, 0.16232562065124512, 0.1531163454055786, 0.14451837539672852, 0.13649621605873108, 0.12901689112186432, 0.1220305860042572, 0.11549662053585052, 0.10938549041748047, 0.10366240888834, 0.09829980880022049, 0.0932762622833252, 0.08856658637523651, 0.08414497971534729, 0.07998783886432648, 0.07607931643724442, 0.07239464670419693, 0.06892342865467072, 0.06566117703914642, 0.06258703768253326, 0.059690169990062714, 0.05695484206080437, 0.05437595397233963, 0.051946043968200684, 0.04965433105826378, 0.04749903082847595, 0.045464154332876205, 0.04354464262723923, 0.04173595458269119, 0.04003068432211876, 0.03842068463563919, 0.03690176084637642, 0.03546854481101036, 0.034111250191926956, 0.032827842980623245, 0.031616609543561935, 0.030473746359348297, 0.029388463124632835, 0.028367476537823677], "loss": [3.701820135116577, 3.5534489154815674, 3.409669876098633, 3.2706046104431152, 3.1363463401794434, 3.006749391555786, 2.8817973136901855, 2.7613465785980225, 2.6454248428344727, 2.5338587760925293, 2.4265003204345703, 2.323453664779663, 2.224226474761963, 2.1289284229278564, 2.037482738494873, 1.9493577480316162, 1.864746332168579, 1.7833819389343262, 1.7047781944274902, 1.6290209293365479, 1.556198239326477, 1.4841190576553345, 1.4151625633239746, 1.3486899137496948, 1.282280445098877, 1.2176189422607422, 1.1536575555801392, 1.0906944274902344, 1.0282320976257324, 0.9683922529220581, 0.9066770076751709, 0.8469109535217285, 0.7912989258766174, 0.736944317817688, 0.6852017641067505, 0.6334543824195862, 0.5876531600952148, 0.5409697890281677, 0.5042744874954224, 0.46893101930618286, 0.43639570474624634, 0.41068586707115173, 0.38448795676231384, 0.3590278625488281, 0.3363574147224426, 0.31870803236961365, 0.29929041862487793, 0.28269219398498535, 0.26589882373809814, 0.25093913078308105, 0.23750033974647522, 0.22390460968017578, 0.21234264969825745, 0.19920536875724792, 0.18856501579284668, 0.17792150378227234, 0.16787099838256836, 0.1593719720840454, 0.1495320200920105, 0.14199021458625793, 0.13365015387535095, 0.12678742408752441, 0.11940333247184753, 0.11292879283428192, 0.10757522284984589, 0.10171901434659958, 0.09624223411083221, 0.09165343642234802, 0.08721292018890381, 0.08282282948493958, 0.07896427810192108, 0.07531870156526566, 0.07169611752033234, 0.06851658970117569, 0.06562219560146332, 0.06292086839675903, 0.060236603021621704, 0.05809982866048813, 0.055730514228343964, 0.0532972551882267, 0.0515604168176651, 0.04972028732299805, 0.04820012301206589, 0.04642476886510849, 0.044888872653245926, 0.043584201484918594, 0.04204870015382767, 0.04111580550670624, 0.039930276572704315, 0.03880910575389862, 0.037881333380937576, 0.03708348050713539, 0.0361730232834816, 0.0353887714445591, 0.034874141216278076, 0.03410949930548668, 0.03337559849023819, 0.03275617957115173, 0.03227324038743973, 0.031762901693582535]}