{"val_loss": [1.3123348785001179, 1.239701742349669, 1.1698665951573572, 1.1051012674967449, 1.045639156371124, 0.9904829582502676, 0.9397320969160213, 0.8933330875958583, 0.8505917159161827, 0.8116109556005907, 0.7761513313581777, 0.7439586797425913, 0.7147998689681061, 0.6885762417963309, 0.664998544278995, 0.6434335389802622, 0.6240382790565491, 0.6063713833343151, 0.5903387263763783, 0.575934232667435, 0.5627004675162856, 0.5507165480029675, 0.5395954828853755, 0.5294052806011466, 0.5199476378832677, 0.5110933461854624, 0.5028433152871539, 0.49506417633027067, 0.48772230767464453, 0.4807595518208289, 0.4741371918556302, 0.46779810227164925, 0.46160826248716014, 0.455521869104962, 0.4495106205459713, 0.44366751230040263, 0.437958033278931, 0.432290560515352, 0.4266870707966561, 0.4211615257022917, 0.4156672621882239, 0.4101946256881536, 0.40477767817733823, 0.39942549688871515, 0.39408404027768806, 0.3888211164825646, 0.38363567872564924, 0.3785354063030361, 0.37352595541828365, 0.36854875457379244, 0.3636219533838967, 0.3587359529595042, 0.35388661655344705, 0.34913881296335264, 0.3445155126179836, 0.33997850824696146, 0.33544906419376996, 0.3309752365877462, 0.3265703653180322, 0.32223430968994315, 0.3179276906704718, 0.31362710789192555, 0.3094287279040314, 0.3053390106489492, 0.3013266117073769, 0.2973182601060054, 0.29333498635033306, 0.28942279321278713, 0.2855857271094655, 0.28178564176078913, 0.278027205735214, 0.27436963509219564, 0.2707530211570651, 0.26715275275614836, 0.26355951100356817, 0.26001967016116595, 0.2565983554651571, 0.2532291042712308, 0.24991374168285105, 0.24670575455177662, 0.24354397118553633, 0.24048038369925448, 0.23753383108811785, 0.2346277106408925, 0.23176237478736758, 0.22896726360154707, 0.22622492147046466, 0.22348085045814514, 0.22070041275763697, 0.21795604141183603, 0.21530065518016964, 0.2126578740602316, 0.21005294512408648, 0.2074871974629025, 0.20491650908492332, 0.20241862050322598, 0.2000215933766476, 0.19768633930258048, 0.19538137224293495, 0.19311044012853343], "loss": [1.3919180308201515, 1.3112012129421382, 1.2379316923230193, 1.1674508004225501, 1.1021079287048459, 1.0420894687489946, 0.9863879551259123, 0.9350743552511053, 0.8883274035860401, 0.8450191575427388, 0.8053047185720399, 0.7693906186162963, 0.7366141210230746, 0.7066916652428087, 0.6795821587244669, 0.6549474278161692, 0.632208181906116, 0.6110076765681423, 0.5911374697389529, 0.5726578563682793, 0.5556063462597455, 0.5387632232303767, 0.5224812317264173, 0.5070152920345927, 0.4914085814195086, 0.4784371554851532, 0.4635465216729068, 0.44918258268703787, 0.4351279213446979, 0.4204513347426126, 0.4085901846257291, 0.393359501694524, 0.3807931821937709, 0.36966705715009407, 0.35614106636638787, 0.3453565572583398, 0.3325807533060858, 0.3236599827921668, 0.3109909115835678, 0.3024833784546963, 0.29222081428350405, 0.28625438841738443, 0.27752595308215117, 0.2696475058562996, 0.2647328418354655, 0.2555406546407892, 0.24949194086614504, 0.2435169926909513, 0.23648903952088468, 0.23157241882741914, 0.22675751276718553, 0.22187001067538595, 0.21629334720530252, 0.21347246059151584, 0.20780055432818656, 0.20629826188087463, 0.2047477082688679, 0.19584602810615717, 0.19501541104427603, 0.19038017174994298, 0.18807657490405003, 0.18249740884747617, 0.18200586516727774, 0.1806932326204093, 0.17778997943382854, 0.1753633584856063, 0.17170976691467818, 0.1707000942655312, 0.16929218946963318, 0.16650776946267418, 0.16431098737457925, 0.161740909944209, 0.15881903157677763, 0.15951345167880834, 0.15637496552726096, 0.152410464231358, 0.15207673031692356, 0.15052781236726184, 0.148576798018559, 0.14282856084579645, 0.145496461858121, 0.14237754110449044, 0.14109314308148022, 0.1408512428287388, 0.13820065477097682, 0.1381033121846443, 0.13555029138576152, 0.13344791647075682, 0.1325417376996935, 0.1309184150178303, 0.12986553061840145, 0.1281231570151425, 0.1290314282442248, 0.12593468746473624, 0.12588446662407513, 0.12540257930062537, 0.12357519682525664, 0.12351969433154246, 0.1216948665389719, 0.11963394983101261]}