{"val_loss": [3.703702449798584, 3.5292232036590576, 3.361177921295166, 3.1995229721069336, 3.0441808700561523, 2.8950393199920654, 2.7519664764404297, 2.614792823791504, 2.4833273887634277, 2.3573503494262695, 2.236586570739746, 2.1207079887390137, 2.009296417236328, 1.9018089771270752, 1.7975754737854004, 1.6957886219024658, 1.5955713987350464, 1.4961358308792114, 1.39694344997406, 1.297938346862793, 1.1996382474899292, 1.1031513214111328, 1.0100215673446655, 0.9219204187393188, 0.8402289152145386, 0.7657174468040466, 0.698531448841095, 0.6382441520690918, 0.5841941833496094, 0.5356165170669556, 0.49175402522087097, 0.4519675374031067, 0.4157107472419739, 0.3825142979621887, 0.3520457148551941, 0.3240342438220978, 0.2982454299926758, 0.2745009660720825, 0.2526558041572571, 0.2325708121061325, 0.21412011981010437, 0.19719718396663666, 0.1817113310098648, 0.167564257979393, 0.15466296672821045, 0.1429162323474884, 0.1322343945503235, 0.12252739071846008, 0.11372219026088715, 0.10574108362197876, 0.09850668907165527, 0.09195131808519363, 0.08601617813110352, 0.0806397795677185, 0.07574300467967987, 0.07125981152057648, 0.06714880466461182, 0.06334926187992096, 0.05983830615878105, 0.056557849049568176, 0.05347444489598274, 0.05056845396757126, 0.04778724163770676, 0.04515708237886429, 0.042650796473026276, 0.04028799757361412, 0.03806348145008087, 0.03597092255949974, 0.034014783799648285, 0.03219630569219589, 0.03051549196243286, 0.02896777167916298, 0.027552396059036255, 0.026263989508152008, 0.025099214166402817, 0.024039559066295624, 0.023084748536348343, 0.02222345396876335, 0.021446606144309044, 0.020743761211633682, 0.020105788484215736, 0.01953231915831566, 0.019013646990060806, 0.01854397915303707, 0.018122414126992226, 0.017736582085490227, 0.017383966594934464, 0.01706136204302311, 0.016766898334026337, 0.016493234783411026, 0.01624002307653427, 0.016003744676709175, 0.01578357070684433, 0.01557499635964632, 0.015376337803900242, 0.015186433680355549, 0.015003440901637077, 0.014827653765678406, 0.014658982865512371, 0.014497804455459118], "loss": [3.8844833374023438, 3.702517032623291, 3.5267295837402344, 3.357118606567383, 3.1934633255004883, 3.035749912261963, 2.8837828636169434, 2.7369441986083984, 2.59504771232605, 2.4572463035583496, 2.3235301971435547, 2.1919355392456055, 2.06280517578125, 1.9336470365524292, 1.8058524131774902, 1.6801152229309082, 1.5571829080581665, 1.4406535625457764, 1.3288010358810425, 1.2268006801605225, 1.1343402862548828, 1.0473761558532715, 0.9686673283576965, 0.8977180123329163, 0.8334846496582031, 0.7738613486289978, 0.7206078767776489, 0.6721527576446533, 0.6256837844848633, 0.5830724239349365, 0.5438464879989624, 0.506808340549469, 0.4721306562423706, 0.4403366148471832, 0.4096449315547943, 0.3815677762031555, 0.35531100630760193, 0.33072084188461304, 0.3083174228668213, 0.2868233919143677, 0.26734182238578796, 0.24929389357566833, 0.23255330324172974, 0.21733015775680542, 0.20299240946769714, 0.18994291126728058, 0.17804701626300812, 0.1672326624393463, 0.1570233404636383, 0.14780846238136292, 0.13955797255039215, 0.13189616799354553, 0.1247900128364563, 0.11844360828399658, 0.11294780671596527, 0.10783703625202179, 0.1029561460018158, 0.09880013763904572, 0.094743512570858, 0.09139113128185272, 0.08830740302801132, 0.08534873276948929, 0.08313554525375366, 0.08050687611103058, 0.07856053858995438, 0.07652696967124939, 0.0749010518193245, 0.07345321029424667, 0.07200860977172852, 0.07078615576028824, 0.06961749494075775, 0.06863359361886978, 0.0676998570561409, 0.06685633957386017, 0.06606024503707886, 0.06556551903486252, 0.06483625620603561, 0.0643559992313385, 0.06385322660207748, 0.06348385661840439, 0.0631343200802803, 0.06269324570894241, 0.062423545867204666, 0.062146808952093124, 0.061842069029808044, 0.06170713156461716, 0.061465732753276825, 0.06126747280359268, 0.06106819584965706, 0.0609537810087204, 0.06079057604074478, 0.060662273317575455, 0.060531117022037506, 0.060449596494436264, 0.06034719944000244, 0.06025885045528412, 0.06016158312559128, 0.06007146090269089, 0.05997758358716965, 0.05989150330424309]}