{"val_loss": [2.1022186279296875, 2.0286989212036133, 1.9575634002685547, 1.888810634613037, 1.8224291801452637, 1.7583911418914795, 1.6966698169708252, 1.637230634689331, 1.5800299644470215, 1.525026559829712, 1.4721732139587402, 1.4214191436767578, 1.372713327407837, 1.3259966373443604, 1.2812097072601318, 1.2382961511611938, 1.1971921920776367, 1.1578432321548462, 1.1201847791671753, 1.0841498374938965, 1.0496809482574463, 1.0167083740234375, 0.9851639270782471, 0.9549852609634399, 0.9261095523834229, 0.8984731435775757, 0.8720273971557617, 0.846703827381134, 0.8221573829650879, 0.7989058494567871, 0.7765909433364868, 0.7551469206809998, 0.7345046997070312, 0.7146053314208984, 0.6953685283660889, 0.6767286062240601, 0.658604621887207, 0.6409320831298828, 0.6236201524734497, 0.6066010594367981, 0.5898067951202393, 0.5731636881828308, 0.5566239356994629, 0.540148913860321, 0.5237137675285339, 0.5072987079620361, 0.49091482162475586, 0.474571168422699, 0.4582969546318054, 0.44212785363197327, 0.4261072278022766, 0.4102931022644043, 0.3947402238845825, 0.3794786036014557, 0.364562451839447, 0.35003647208213806, 0.3359038233757019, 0.3222082555294037, 0.30896344780921936, 0.2961902618408203, 0.28390440344810486, 0.27211707830429077, 0.2607976794242859, 0.2499351054430008, 0.2395244836807251, 0.22955739498138428, 0.22005924582481384, 0.21099624037742615, 0.20235970616340637, 0.19412022829055786, 0.18626268208026886, 0.17876477539539337, 0.17163139581680298, 0.1648215353488922, 0.15833111107349396, 0.1521453857421875, 0.14623579382896423, 0.14059987664222717, 0.13522586226463318, 0.13009819388389587, 0.12521253526210785, 0.1205192431807518, 0.11602696031332016, 0.11173733323812485, 0.10764522850513458, 0.10372038930654526, 0.09995262324810028, 0.09635328501462936, 0.09290818870067596, 0.08961465209722519, 0.08645348250865936, 0.08342181146144867, 0.08051276206970215, 0.07770887017250061, 0.07502090930938721, 0.07243020832538605, 0.06995266675949097, 0.06757550686597824, 0.06529830396175385, 0.06310834735631943], "loss": [2.177865505218506, 2.1015658378601074, 2.0275490283966064, 1.9558460712432861, 1.8866205215454102, 1.8197007179260254, 1.755069375038147, 1.69260573387146, 1.6325838565826416, 1.5746808052062988, 1.5188045501708984, 1.4649853706359863, 1.4132996797561646, 1.3637504577636719, 1.3157567977905273, 1.2693467140197754, 1.2249293327331543, 1.181882619857788, 1.1403146982192993, 1.1006731986999512, 1.06148362159729, 1.024017095565796, 0.9875526428222656, 0.9518528580665588, 0.9164575338363647, 0.8823889493942261, 0.8479936122894287, 0.814257025718689, 0.7807230353355408, 0.7471548318862915, 0.7140060663223267, 0.6807223558425903, 0.6483606100082397, 0.6125961542129517, 0.5824732780456543, 0.5527236461639404, 0.5183209180831909, 0.4885866940021515, 0.46012741327285767, 0.4306468367576599, 0.4039303958415985, 0.3791555166244507, 0.3536882698535919, 0.33161717653274536, 0.3110916018486023, 0.29108116030693054, 0.273800790309906, 0.2580420970916748, 0.2436453402042389, 0.23015683889389038, 0.21919089555740356, 0.20637643337249756, 0.193944051861763, 0.18599198758602142, 0.17569464445114136, 0.16703595221042633, 0.16190709173679352, 0.15344074368476868, 0.14678102731704712, 0.1402418464422226, 0.13360802829265594, 0.1272907704114914, 0.1234414279460907, 0.11766330897808075, 0.11273767054080963, 0.10857652872800827, 0.10237294435501099, 0.09905003011226654, 0.09473490715026855, 0.09176646173000336, 0.08821995556354523, 0.08499021828174591, 0.08094898611307144, 0.07895100116729736, 0.07558511197566986, 0.07289072871208191, 0.0709410011768341, 0.0680413767695427, 0.06568703055381775, 0.06360965967178345, 0.061214253306388855, 0.060889117419719696, 0.05844131112098694, 0.05622759461402893, 0.05441723018884659, 0.05379115045070648, 0.05246618390083313, 0.050361502915620804, 0.049332886934280396, 0.048004359006881714, 0.047306984663009644, 0.04617465287446976, 0.04523131251335144, 0.04481649398803711, 0.04334033280611038, 0.0431247353553772, 0.04151713848114014, 0.041087910532951355, 0.040172528475522995, 0.039882637560367584]}