{"val_loss": [1.3241360187530518, 1.2923531532287598, 1.2617266178131104, 1.2322540283203125, 1.2039234638214111, 1.1767174005508423, 1.1506133079528809, 1.1255886554718018, 1.1016145944595337, 1.0786631107330322, 1.0567034482955933, 1.035704493522644, 1.015634536743164, 0.9964613914489746, 0.9781488180160522, 0.9606616497039795, 0.9439653158187866, 0.9280238151550293, 0.9128031730651855, 0.8982676267623901, 0.8843826651573181, 0.8711145520210266, 0.8584312200546265, 0.8462967276573181, 0.8346789479255676, 0.8235599994659424, 0.8129193782806396, 0.8027295470237732, 0.7929625511169434, 0.7835934162139893, 0.7745972871780396, 0.7659473419189453, 0.757620096206665, 0.7495917677879333, 0.7418419122695923, 0.73434978723526, 0.7270964980125427, 0.720061719417572, 0.7132289409637451, 0.706579864025116, 0.7000983357429504, 0.6937708854675293, 0.6875830292701721, 0.6815200448036194, 0.6755700707435608, 0.6697198152542114, 0.6639618277549744, 0.6582844853401184, 0.6526789665222168, 0.6471363306045532, 0.6416479349136353, 0.6362058520317078, 0.6308014392852783, 0.6254299879074097, 0.6200854778289795, 0.6147636771202087, 0.609455943107605, 0.6041585803031921, 0.5988686680793762, 0.5935815572738647, 0.5882956385612488, 0.5830087065696716, 0.5777108669281006, 0.5724024772644043, 0.5670833587646484, 0.5617503523826599, 0.556405782699585, 0.5510492324829102, 0.5456795692443848, 0.5402959585189819, 0.5348978042602539, 0.5294830203056335, 0.5240558385848999, 0.5186154842376709, 0.5131620168685913, 0.5076957941055298, 0.5022183656692505, 0.4967336654663086, 0.49124184250831604, 0.4857485592365265, 0.4802466928958893, 0.47474372386932373, 0.46923351287841797, 0.4637192487716675, 0.45820558071136475, 0.4526928663253784, 0.4471764862537384, 0.44163650274276733, 0.43613332509994507, 0.4306378662586212, 0.4251503646373749, 0.4196740388870239, 0.4142110347747803, 0.4087652266025543, 0.4033345878124237, 0.39792728424072266, 0.39254310727119446, 0.3871835768222809, 0.3818509578704834, 0.37654706835746765], "loss": [1.354794979095459, 1.3218541145324707, 1.289818525314331, 1.258786916732788, 1.228896141052246, 1.2001723051071167, 1.1728603839874268, 1.1468455791473389, 1.1216436624526978, 1.097076177597046, 1.0740892887115479, 1.0516151189804077, 1.0309975147247314, 1.0105515718460083, 0.9909491539001465, 0.9726895093917847, 0.9548616409301758, 0.9375031590461731, 0.9217058420181274, 0.9065821170806885, 0.8916868567466736, 0.8778767585754395, 0.8640227913856506, 0.8520342707633972, 0.839206874370575, 0.8275328874588013, 0.8163399696350098, 0.8051315546035767, 0.7956082224845886, 0.7848846316337585, 0.7750962972640991, 0.7667604684829712, 0.7575610876083374, 0.7502537369728088, 0.7412588596343994, 0.7331677079200745, 0.7257044315338135, 0.7188642024993896, 0.7116038799285889, 0.7050045728683472, 0.6977838277816772, 0.6909920573234558, 0.6848079562187195, 0.678432822227478, 0.6720870733261108, 0.667293906211853, 0.6598130464553833, 0.6550674438476562, 0.6492209434509277, 0.6420307159423828, 0.6378098726272583, 0.6321282386779785, 0.6265097260475159, 0.6200626492500305, 0.6151400804519653, 0.6098625659942627, 0.6052273511886597, 0.599358320236206, 0.5938513278961182, 0.5904379487037659, 0.5836542844772339, 0.5782804489135742, 0.573839008808136, 0.5676742792129517, 0.562798798084259, 0.558136522769928, 0.5521695613861084, 0.5464038848876953, 0.5418127775192261, 0.5362402200698853, 0.5305699706077576, 0.5255722403526306, 0.518916130065918, 0.5153053998947144, 0.5091445446014404, 0.5043633580207825, 0.4981541931629181, 0.49220794439315796, 0.48695462942123413, 0.48104581236839294, 0.4769953489303589, 0.4704364836215973, 0.46609941124916077, 0.4603338837623596, 0.45501309633255005, 0.44932132959365845, 0.44602686166763306, 0.437619149684906, 0.432819128036499, 0.4279544949531555, 0.42363351583480835, 0.4179311990737915, 0.4119027256965637, 0.4068639576435089, 0.40272408723831177, 0.3951222002506256, 0.3917602300643921, 0.3864392936229706, 0.38063278794288635, 0.37561771273612976]}