{"val_loss": [4.4144062995910645, 4.103418350219727, 3.8116295337677, 3.54164719581604, 3.2944533824920654, 3.069276809692383, 2.8639068603515625, 2.675420045852661, 2.5010647773742676, 2.338685989379883, 2.186739444732666, 2.044072389602661, 1.9098933935165405, 1.7836189270019531, 1.6647347211837769, 1.5528724193572998, 1.4476442337036133, 1.3487544059753418, 1.2558950185775757, 1.1687670946121216, 1.0871124267578125, 1.0106537342071533, 0.9391322135925293, 0.8723064064979553, 0.8099288940429688, 0.7517620921134949, 0.6975772380828857, 0.6471525430679321, 0.6002764701843262, 0.5567356944084167, 0.5163367986679077, 0.47888514399528503, 0.4441959261894226, 0.41209426522254944, 0.382412314414978, 0.35498690605163574, 0.3296654224395752, 0.30630338191986084, 0.28476250171661377, 0.2649114429950714, 0.24662743508815765, 0.22979362308979034, 0.21430037915706635, 0.20004531741142273, 0.1869315505027771, 0.17486882209777832, 0.16377240419387817, 0.1535639613866806, 0.14417028427124023, 0.13552311062812805, 0.12755942344665527, 0.12022051215171814, 0.11345238983631134, 0.10720540583133698, 0.10143361240625381, 0.09609492123126984, 0.09115070104598999, 0.08656539767980576, 0.08230678737163544, 0.07834546267986298, 0.07465452700853348, 0.07120933383703232, 0.06798794120550156, 0.06497036665678024, 0.06213824078440666, 0.05947517603635788, 0.05696653574705124, 0.05459896847605705, 0.052360545843839645, 0.050240546464920044, 0.04822935163974762, 0.046318307518959045, 0.04449981823563576, 0.042766910046339035, 0.04111352190375328, 0.03953409194946289, 0.03802372142672539, 0.03657805919647217, 0.035193074494600296, 0.03386526554822922, 0.03259153291583061, 0.03136897459626198, 0.030194971710443497, 0.02906726486980915, 0.027983658015727997, 0.02694227546453476, 0.02594129554927349, 0.024979088455438614, 0.024054108187556267, 0.02316492609679699, 0.022310251370072365, 0.02148878388106823, 0.020699389278888702, 0.019940877333283424, 0.019212204962968826, 0.018512342125177383, 0.017840292304754257, 0.017195090651512146, 0.016575826331973076, 0.015981556847691536], "loss": [4.741648197174072, 4.418192386627197, 4.109679698944092, 3.820035457611084, 3.551825761795044, 3.306023597717285, 3.081883668899536, 2.877262592315674, 2.689297914505005, 2.51529860496521, 2.3531651496887207, 2.2013871669769287, 2.0588371753692627, 1.9247416257858276, 1.7985260486602783, 1.6796859502792358, 1.567855954170227, 1.4626524448394775, 1.363781452178955, 1.2709368467330933, 1.1838207244873047, 1.1021753549575806, 1.025724172592163, 0.9542088508605957, 0.8873881101608276, 0.8250150084495544, 0.7668517231941223, 0.7126699090003967, 0.662247896194458, 0.6153740882873535, 0.5718352198600769, 0.5314379930496216, 0.49398788809776306, 0.4592999517917633, 0.42719945311546326, 0.3975185453891754, 0.37009403109550476, 0.3447733521461487, 0.3214121162891388, 0.29987189173698425, 0.28002139925956726, 0.26173797249794006, 0.24490465223789215, 0.22941184043884277, 0.2151571810245514, 0.2020438015460968, 0.1899814009666443, 0.1788853257894516, 0.1686771810054779, 0.1592838019132614, 0.15063686668872833, 0.14267346262931824, 0.135334774851799, 0.12856684625148773, 0.12232007831335068, 0.11654852330684662, 0.11121000349521637, 0.10626593977212906, 0.10168080776929855, 0.09742233157157898, 0.09346112608909607, 0.08977033197879791, 0.08632530272006989, 0.08310409635305405, 0.0800866112112999, 0.07725459337234497, 0.07459161430597305, 0.07208311557769775, 0.06971566379070282, 0.06747738271951675, 0.06535749137401581, 0.06334636360406876, 0.06143541261553764, 0.059617042541503906, 0.057884227484464645, 0.05623088777065277, 0.054651565849781036, 0.05314129218459129, 0.051695678383111954, 0.05031082406640053, 0.04898305982351303, 0.04770943522453308, 0.046486951410770416, 0.0453130304813385, 0.04418537765741348, 0.04310188069939613, 0.04206053167581558, 0.04105966538190842, 0.04009752720594406, 0.03917263448238373, 0.03828351944684982, 0.03742891922593117, 0.036607492715120316, 0.03581813722848892, 0.03505972772836685, 0.03433108329772949, 0.03363130986690521, 0.03295934572815895, 0.032314203679561615, 0.031694989651441574]}