{"val_loss": [1.0544183816788433, 0.8279663834440367, 0.6818614354315643, 0.5915978049043633, 0.5306441388858338, 0.4825211478632303, 0.4442390803946923, 0.41500054058062813, 0.3924334492309222, 0.37395210041094684, 0.35815274930328983, 0.3440587823047112, 0.3308015263156446, 0.31859747188467996, 0.30757575531905934, 0.297076158028013, 0.2871161376936944, 0.2780222695553922, 0.26937825846646773, 0.26110323599894253, 0.25334448036308127, 0.24593541737199462, 0.23914442773145936, 0.23266093758421763, 0.22658384100693027, 0.22046164825384842, 0.21499750460572106, 0.20956728696696705, 0.20463821849729452, 0.2006515723397345, 0.19605976428484992, 0.19229787844109764, 0.18828283447855224, 0.184377005250684, 0.18079707301434125, 0.17734492842744037, 0.17442376096263795, 0.17175721189882193, 0.168382730773499, 0.1659200255337348, 0.163538353851466, 0.16094737947935264, 0.15845902292561556, 0.15626140395505306, 0.15451220324221496, 0.15235456320223095, 0.15031200032661474, 0.148444626294669, 0.14647553851660083, 0.1451148653713036, 0.14323818102115538, 0.14150285022382644, 0.13957117352543807, 0.1383452835954007, 0.13689093095816332, 0.13547184568763665, 0.13420423456049926, 0.13322431936243812, 0.1321024574568517, 0.1305850362474314, 0.12973909021561625, 0.12850960904252365, 0.12751567725601784, 0.12659374222333206, 0.125584340408397, 0.1245661159445979, 0.12349567096976688, 0.12296355756696942, 0.12205409624417286, 0.12137602564354337, 0.11972343633277292, 0.11924348518742231, 0.11833551718062334, 0.11760278502015016, 0.11736313144608242, 0.11565287559750477, 0.11429466959780372, 0.11390069939298822, 0.11393022335757633, 0.11297301349969835, 0.11178385362834971, 0.11102805690383608, 0.11079771490421933, 0.10969385811278827, 0.10898257555758081, 0.10805904637717999, 0.10777923238018285, 0.10682534874433677, 0.10586162695260215, 0.10529318350749456, 0.10483748876625003, 0.10437410425153795, 0.10381452011562733, 0.10275497134233709, 0.10181512460033562, 0.1011196142605734, 0.10041401031983113, 0.10007903374107367, 0.09907148616469424, 0.09863250546971156], "loss": [1.2391133759711985, 0.9479558048167386, 0.7330068622262456, 0.5540811025072383, 0.41693142347219514, 0.33298064845743514, 0.27930544327829954, 0.24438086199482323, 0.22057867007505855, 0.20479663892047656, 0.19319494632749265, 0.18407945936962503, 0.177743062139948, 0.17162672235123805, 0.16602907088819263, 0.1622897301220818, 0.1563484813476797, 0.15213257535770613, 0.14920235596684106, 0.1458214527254772, 0.14445590565212205, 0.13968749813664377, 0.13775073819865857, 0.13525985950882588, 0.13291970919323878, 0.13209201417634242, 0.12975991783566845, 0.1289567415654849, 0.12657074674505697, 0.12405845420958508, 0.12261564728595546, 0.12226760074543674, 0.12012536331521365, 0.11988831903244253, 0.11838565246139832, 0.1182022494750842, 0.11654071175628604, 0.11631436500607467, 0.11541363372529678, 0.11407311794803353, 0.11352265408126319, 0.11224842352016354, 0.11149744141139761, 0.11002577559218553, 0.10921164842229633, 0.10906874832488826, 0.10903227946317082, 0.1078406984849674, 0.10725584257224205, 0.10698792832969735, 0.1058992350499678, 0.10567930252276447, 0.10487257885180754, 0.1039465745300655, 0.10430461300234779, 0.10272093360585853, 0.10234013053638938, 0.10253760558360454, 0.10151374483854368, 0.10180433819017128, 0.10032924838277214, 0.10017217722576219, 0.09941004788698599, 0.09918424192409121, 0.09862213305267777, 0.09882926206131123, 0.09745828273250846, 0.09767793152137627, 0.09663339406409927, 0.09620908119203177, 0.09621472566656192, 0.0962859938120665, 0.09629697624439905, 0.09452370253183177, 0.0950472499713033, 0.09550594596917152, 0.09415838173723928, 0.09372013551306498, 0.09431426554191404, 0.09349430645574063, 0.09293721873838601, 0.09298657653566889, 0.09239875006144778, 0.0922434385530137, 0.09193695352382145, 0.09159185196157478, 0.0915493497334634, 0.09089583801629056, 0.09128023645310235, 0.0909197000531857, 0.09025534627167063, 0.0897368211476952, 0.09033986104381679, 0.08984028684688398, 0.0892520815070841, 0.08956626598838784, 0.08928824420761582, 0.088651780580286, 0.08852995258152548, 0.08791258980145762]}