{"val_loss": [11.695697784423828, 11.03536319732666, 10.358532905578613, 9.550475120544434, 8.788545608520508, 8.228184700012207, 7.707462310791016, 7.212167263031006, 6.741312026977539, 6.294069290161133, 5.869806289672852, 5.46784782409668, 5.0876145362854, 4.7283711433410645, 4.389348983764648, 4.0699076652526855, 3.769300937652588, 3.486769199371338, 3.2215683460235596, 2.9729347229003906, 2.740171432495117, 2.5225515365600586, 2.3193581104278564, 2.129877805709839, 1.953428030014038, 1.7893279790878296, 1.6369308233261108, 1.4955872297286987, 1.364676833152771, 1.2435877323150635, 1.1317459344863892, 1.028606653213501, 0.9336051344871521, 0.8462408185005188, 0.7660127878189087, 0.6924450397491455, 0.6250855922698975, 0.5635057687759399, 0.5072969794273376, 0.4560714662075043, 0.40946146845817566, 0.3671184778213501, 0.32871413230895996, 0.2939400374889374, 0.26250672340393066, 0.23414307832717896, 0.2085942178964615, 0.18562081456184387, 0.16500142216682434, 0.14652857184410095, 0.13000985980033875, 0.1152675673365593, 0.10213621705770493, 0.09046316146850586, 0.0801074430346489, 0.07093960046768188, 0.06283996999263763, 0.05569985508918762, 0.04941932484507561, 0.04390667751431465, 0.0390794537961483, 0.034861743450164795, 0.031185144558548927, 0.02798767387866974, 0.02521323226392269, 0.02281147986650467, 0.020737139508128166, 0.018949534744024277, 0.017412448301911354, 0.01609351858496666, 0.014964011497795582, 0.013998466543853283, 0.013174341060221195, 0.012471826747059822, 0.011873502284288406, 0.011364154517650604, 0.010930517688393593, 0.010561035946011543, 0.010245747864246368, 0.009976048022508621, 0.00974456500262022, 0.009544990956783295, 0.009371970780193806, 0.009220981039106846, 0.009088210761547089, 0.008970479480922222, 0.008865144103765488, 0.008770030923187733, 0.008683360181748867, 0.008603690192103386, 0.008529855869710445, 0.008460940793156624, 0.00839622039347887, 0.008335131220519543, 0.00827724114060402, 0.008222227916121483, 0.008169853128492832, 0.008119936101138592, 0.008072355762124062, 0.00802702084183693], "loss": [12.372760772705078, 11.653003692626953, 10.8912992477417, 10.089221954345703, 9.400823593139648, 8.82128620147705, 8.276512145996094, 7.756795883178711, 7.261833667755127, 6.790980815887451, 6.343738555908203, 5.919475078582764, 5.517516613006592, 5.1372833251953125, 4.778040409088135, 4.4390177726745605, 4.119576454162598, 3.8189697265625, 3.53643798828125, 3.271237373352051, 3.022603750228882, 2.7898402214050293, 2.5722203254699707, 2.3690268993377686, 2.17954683303833, 2.00309681892395, 1.8389967679977417, 1.6865997314453125, 1.5452561378479004, 1.4143457412719727, 1.2932566404342651, 1.1814148426055908, 1.0782755613327026, 0.9832740426063538, 0.8959097862243652, 0.8156816959381104, 0.7421139478683472, 0.6747545599937439, 0.6131747364997864, 0.5569659471511841, 0.5057403445243835, 0.4591303765773773, 0.41678741574287415, 0.378383070230484, 0.3436089754104614, 0.3121756613254547, 0.283812016248703, 0.25826317071914673, 0.2352897673845291, 0.2146703600883484, 0.196197509765625, 0.1796787977218628, 0.16493651270866394, 0.15180516242980957, 0.1401321142911911, 0.12977640330791473, 0.12060854583978653, 0.11250890791416168, 0.10536879301071167, 0.09908826649188995, 0.0935756266117096, 0.08874840289354324, 0.08453068137168884, 0.08085409551858902, 0.07765661925077438, 0.07488217204809189, 0.07248041778802872, 0.07040607929229736, 0.06861848384141922, 0.06708139926195145, 0.065762460231781, 0.06463295221328735, 0.0636674165725708, 0.06284329295158386, 0.06214076653122902, 0.06154244393110275, 0.06103309616446495, 0.06059945374727249, 0.06022997945547104, 0.05991469323635101, 0.05964498221874237, 0.05941351503133774, 0.05921392887830734, 0.059040915220975876, 0.058889925479888916, 0.058757148683071136, 0.05863942205905914, 0.058534085750579834, 0.058438971638679504, 0.05835229903459549, 0.05827263742685318, 0.05819880589842796, 0.058129891753196716, 0.058065157383680344, 0.058004070073366165, 0.057946182787418365, 0.05789116397500038, 0.0578387975692749, 0.05778888612985611, 0.05774129182100296]}