{"val_loss": [1.3206382989883423, 1.2833597660064697, 1.2472708225250244, 1.2123764753341675, 1.1786679029464722, 1.1461365222930908, 1.1147658824920654, 1.0845396518707275, 1.0554369688034058, 1.027435541152954, 1.0005120038986206, 0.9746401309967041, 0.949796199798584, 0.9259521961212158, 0.9030787348747253, 0.8811483979225159, 0.8601332902908325, 0.8400015830993652, 0.8207240104675293, 0.802271842956543, 0.7846147418022156, 0.7677221894264221, 0.751563310623169, 0.7361074686050415, 0.7213274836540222, 0.7071958780288696, 0.6936838030815125, 0.6807612180709839, 0.6683980822563171, 0.6565704345703125, 0.6452522277832031, 0.634416937828064, 0.6240342259407043, 0.6140817999839783, 0.6045339703559875, 0.5953618288040161, 0.5865410566329956, 0.5780452489852905, 0.5698534250259399, 0.5619372725486755, 0.5542725920677185, 0.5468382239341736, 0.5396024584770203, 0.5325366258621216, 0.5256084203720093, 0.5187948346138, 0.5120710730552673, 0.5054218769073486, 0.4988056421279907, 0.4921836256980896, 0.4855438470840454, 0.4788625240325928, 0.47210395336151123, 0.4652498960494995, 0.4582855701446533, 0.4511934518814087, 0.44394758343696594, 0.43653133511543274, 0.4289618730545044, 0.42124468088150024, 0.41338372230529785, 0.40539613366127014, 0.3972892165184021, 0.3890973925590515, 0.38082972168922424, 0.3725135028362274, 0.36416035890579224, 0.35579022765159607, 0.3474358320236206, 0.3391224443912506, 0.3308744430541992, 0.32271549105644226, 0.31465843319892883, 0.30672186613082886, 0.2989236116409302, 0.29127541184425354, 0.2837732434272766, 0.2764378786087036, 0.26927509903907776, 0.26227810978889465, 0.2554473876953125, 0.24878746271133423, 0.24231398105621338, 0.23600417375564575, 0.22986248135566711, 0.2238866686820984, 0.21807464957237244, 0.21243026852607727, 0.2069423496723175, 0.20161312818527222, 0.1964266449213028, 0.19137582182884216, 0.1864769607782364, 0.18170741200447083, 0.17707459628582, 0.17258548736572266, 0.16821157932281494, 0.1639576554298401, 0.15981578826904297, 0.1557861715555191], "loss": [1.3588917255401611, 1.3202061653137207, 1.2826662063598633, 1.2462894916534424, 1.2111586332321167, 1.1771798133850098, 1.1443064212799072, 1.1126351356506348, 1.0821633338928223, 1.052717685699463, 1.0244104862213135, 0.997154951095581, 0.9708879590034485, 0.9456014633178711, 0.9214526414871216, 0.8981661200523376, 0.8756290078163147, 0.8539745807647705, 0.8332110047340393, 0.8131129741668701, 0.7941156029701233, 0.7753742933273315, 0.7572987079620361, 0.7402335405349731, 0.7233419418334961, 0.7066335082054138, 0.6907820105552673, 0.6752614974975586, 0.6603608131408691, 0.6448665857315063, 0.6295053958892822, 0.615062952041626, 0.6013128161430359, 0.5853267908096313, 0.5700405240058899, 0.5572378039360046, 0.5417966842651367, 0.5261183977127075, 0.5112309455871582, 0.49428924918174744, 0.4787624180316925, 0.4616781771183014, 0.44583287835121155, 0.43022507429122925, 0.41285693645477295, 0.39691227674484253, 0.3803178668022156, 0.3592117428779602, 0.3469125032424927, 0.333888977766037, 0.31565845012664795, 0.2989434599876404, 0.2831886410713196, 0.2704342007637024, 0.2557683289051056, 0.24216821789741516, 0.23167097568511963, 0.21998916566371918, 0.2081928849220276, 0.19728749990463257, 0.19006747007369995, 0.1796921193599701, 0.17474037408828735, 0.1616113781929016, 0.15980473160743713, 0.15098309516906738, 0.14430764317512512, 0.14053088426589966, 0.13479390740394592, 0.13046741485595703, 0.12590795755386353, 0.12135180830955505, 0.11817978322505951, 0.11423064768314362, 0.10971606522798538, 0.10655520856380463, 0.1051395982503891, 0.10001406818628311, 0.09704698622226715, 0.09565631300210953, 0.09376528114080429, 0.0904969647526741, 0.08678809553384781, 0.08659498393535614, 0.08384477347135544, 0.0815722718834877, 0.07963597774505615, 0.07733426988124847, 0.07598311454057693, 0.07383590936660767, 0.07308465242385864, 0.07163140177726746, 0.06870000064373016, 0.06861429661512375, 0.06609378755092621, 0.06409332156181335, 0.06452059745788574, 0.0626843273639679, 0.06184394285082817, 0.06037985160946846]}