{"val_loss": [1.5933625964825127, 1.147074251134474, 0.8594489326406258, 0.6766111210446848, 0.550852483112764, 0.4638392282442475, 0.40650614881186825, 0.36896912287426903, 0.3420480255231119, 0.32095333374444146, 0.3037139652010492, 0.28873610091993185, 0.2748208823727398, 0.2623124079638549, 0.2510057026609257, 0.24060491452730345, 0.23079505339975953, 0.2216476425923573, 0.21378468373673845, 0.20673473378443896, 0.1997623674942858, 0.19419207661743507, 0.18846352196131633, 0.1837864345451175, 0.17867656206970883, 0.17422703948278823, 0.16988178002050547, 0.16607833714525622, 0.16296418240315588, 0.15964378920617817, 0.15652151094514516, 0.15334018856318607, 0.1508904669279764, 0.14838208680061873, 0.14599036947603822, 0.14402065357373098, 0.14108969539814764, 0.13848545806026155, 0.1365699951842127, 0.13456881177450666, 0.13258973699485763, 0.13139853161124637, 0.1302866229702534, 0.12846868527087274, 0.126814760212428, 0.12524628997923587, 0.12411029774336142, 0.1226282989248744, 0.12118991493609904, 0.12026903081452227, 0.1189032692861203, 0.1174560869596543, 0.11664611370572356, 0.11549983423278289, 0.11383012995866551, 0.11320757333382822, 0.11169721078708342, 0.11112407638374341, 0.10973813824853361, 0.10877864658516513, 0.10827403287240328, 0.1077236249363435, 0.10652849202223066, 0.10587299954884884, 0.10422137249280893, 0.10324450986793665, 0.10288180604434848, 0.10195218475411072, 0.1008109922421067, 0.10076078305599671, 0.09962727910071643, 0.09893400668465825, 0.09839428547268075, 0.09776002138631847, 0.09707554969403297, 0.09633926172619281, 0.09543424276664679, 0.09506826169101457, 0.09430261457206589, 0.09273255770494677, 0.09230904602707381, 0.0922482818965568, 0.09210612607501598, 0.09081611918998549, 0.09030439875316772, 0.08953673525269944, 0.08952948778930929, 0.08845009497531778, 0.08766099993901945, 0.08695289690130463, 0.08724747493088814, 0.08627758309450534, 0.08576295957806761, 0.08441165555762334, 0.0843746678573835, 0.08375853039363788, 0.08293909425447248, 0.0821373796254428, 0.08314980817751313, 0.08178992892594757], "loss": [1.9584575950909773, 1.3831020835095726, 0.9631352221093527, 0.6470736277191914, 0.44450203737803, 0.32445511376743985, 0.25512842845057127, 0.21443666960186822, 0.19022571468530253, 0.1747073452457517, 0.16598288420970975, 0.1573927896778758, 0.15204934126372555, 0.14587240180243616, 0.14163552825107048, 0.13966073726293013, 0.13561656500666164, 0.13192932344064479, 0.12938606268148534, 0.1256686936933567, 0.12418791421808595, 0.12258835622797841, 0.12077360399549358, 0.11879064423977254, 0.11813094182491049, 0.11601925525154567, 0.11476653427960132, 0.11224927465616076, 0.11174063744815511, 0.11063922227440305, 0.11028157801921395, 0.10945889099342067, 0.1077637758544495, 0.10762126567602663, 0.10653902392751465, 0.10541326340884444, 0.10545253643049037, 0.10433908050222084, 0.10312224503444589, 0.10213972212527489, 0.10144928883077736, 0.10071164167319224, 0.10007311474069684, 0.09944047755142033, 0.09908135028305134, 0.09892298092360462, 0.09831739547301957, 0.09759599049422546, 0.09704523222285895, 0.0963944082769584, 0.09604316638547568, 0.09527537304896186, 0.0953808990351595, 0.09473314396997524, 0.09427599521987891, 0.09427664697581106, 0.09300020850665495, 0.09220404952985738, 0.09215559578112555, 0.0924686635049378, 0.09204385251849732, 0.09128954982106531, 0.09095480806596205, 0.09083863334337196, 0.0902038821486375, 0.09015734746562334, 0.08961654584044995, 0.08977957148883148, 0.08902390721557249, 0.08844113033877198, 0.08914762612112254, 0.08778599910398556, 0.0876812806564323, 0.0873274559970878, 0.0873288189555782, 0.08701820417938404, 0.08703844242927758, 0.08593653090306076, 0.08695054442196105, 0.08560800030116439, 0.08581115141084313, 0.08526211573267287, 0.08514533216412222, 0.08463023332750558, 0.08516945866107435, 0.08488111574032906, 0.08404453939433315, 0.08457060839313212, 0.08368090328425642, 0.08368495156472966, 0.0834817473607756, 0.08356216131913953, 0.08314495562938212, 0.0837764294456576, 0.08276158712670001, 0.08284351544914924, 0.08199205495267001, 0.08247157390903946, 0.08185127190257939, 0.08219367715264429]}