{"val_loss": [1.1898542642593384, 1.178076982498169, 1.166455626487732, 1.154986023902893, 1.1436717510223389, 1.1325061321258545, 1.1214882135391235, 1.11061692237854, 1.0998802185058594, 1.0892845392227173, 1.0788313150405884, 1.0685184001922607, 1.0583596229553223, 1.0483444929122925, 1.0384730100631714, 1.0287388563156128, 1.0191395282745361, 1.0096772909164429, 1.0003435611724854, 0.9911425113677979, 0.9820706844329834, 0.9731197357177734, 0.9642899036407471, 0.9555690288543701, 0.9469696283340454, 0.9384833574295044, 0.9301003217697144, 0.9218282699584961, 0.9136580228805542, 0.9055868983268738], "loss": [1.185072660446167, 1.1718635559082031, 1.1606699228286743, 1.1486035585403442, 1.1380363702774048, 1.1255810260772705, 1.1136060953140259, 1.1021815538406372, 1.0907466411590576, 1.0804331302642822, 1.0704492330551147, 1.0605002641677856, 1.0512173175811768, 1.039965271949768, 1.0308802127838135, 1.0198391675949097, 1.0105260610580444, 0.9999648332595825, 0.9884945154190063, 0.9824104309082031, 0.9714053869247437, 0.9612683057785034, 0.9521714448928833, 0.9417291879653931, 0.9368183612823486, 0.9267236590385437, 0.9162396192550659, 0.9073617458343506, 0.8995740413665771, 0.8910219669342041]}