{"val_loss": [0.7993288766312048, 0.15474963005916292, 0.07918401847427801, 0.06247698493582906, 0.054910408745945063, 0.04971918165986085, 0.0456192289045582, 0.04218426658750889, 0.03927568826931963, 0.03677680985666251, 0.0345877346263967, 0.03265966089191741, 0.030933487614857078, 0.029392595699205232, 0.028040077724301386, 0.026788842025637506, 0.02566359250212847, 0.024630171819397206, 0.023674531310094487, 0.022796499905646545, 0.021994362295362425, 0.02124189028203251, 0.02054233797510221, 0.019883790060040873, 0.019260494725011342, 0.01868426720547762, 0.018152002303216123, 0.01762677109600581, 0.017153027951772346, 0.016703907036326703, 0.0162638536450592, 0.015861231092932887, 0.015452165934316904, 0.015076493481394853, 0.01472318485409453, 0.01437358855943497, 0.01404649332551543, 0.013730035285806151, 0.013420148945954561, 0.013148222219263875, 0.012879940532567035, 0.012599428755715717, 0.012344703800343427, 0.01209126436842562, 0.011851121465976411, 0.011610943398236635, 0.01138643978599414, 0.011175401431230846, 0.010967939120463881, 0.010758199942431624, 0.010560576320721783, 0.01037511261930564, 0.010187772874819428, 0.010004996196332919, 0.009829244803835504, 0.009660202115781027, 0.009494800732930483, 0.009329065332058819, 0.009174480277092917, 0.00901498822898173, 0.00887664860829245, 0.008715309108104403, 0.008585761450859802, 0.00845453671189933, 0.008317047071076375, 0.008186285987903158, 0.008056965209134861, 0.00795255191292623, 0.0078026160614464175, 0.007695739481695712, 0.007568546791458651, 0.007462982249691949, 0.007343660832587934, 0.007235421150908002, 0.007146903844308897, 0.007021490919843411, 0.006923239000880632, 0.0068308540187703255, 0.006728729503463745, 0.006629200805764345, 0.0065438033684807806, 0.006446926195710763, 0.006367501757855533, 0.006270933997526423, 0.0061887385756279655, 0.006097849826054892, 0.006014387408154791, 0.0059373215457418855, 0.005850740435052146, 0.005768282487449073, 0.0057011400083346025, 0.005608932261222004, 0.005546215086731138, 0.00546020658528373, 0.005408348810753292, 0.005327831406857814, 0.0052582682562073105, 0.0051922011413941035, 0.005122250749161917, 0.005064266902567836], "loss": [16.37181619486883, 0.2811621378985958, 0.0900493871600307, 0.06335612835602535, 0.05498575575482765, 0.049650895205190414, 0.045381825638055956, 0.041841605578325974, 0.03882433810484076, 0.03624165344326784, 0.03402347643373967, 0.03208028050518329, 0.030379033017875052, 0.028883380089740212, 0.027490981565507524, 0.026284138548146596, 0.0251623055971434, 0.02417850272643586, 0.023256743033240063, 0.022408242646735674, 0.021621505664421888, 0.020899933767263207, 0.020219262678014344, 0.01959462204786076, 0.018997984328235493, 0.018464731651182315, 0.01792259140514414, 0.017456670262570213, 0.01699066045698777, 0.016529840192290556, 0.016132483701940988, 0.015737821815863015, 0.015367228770478261, 0.015003179252816941, 0.014663343922724052, 0.0143425593782743, 0.014033637201202391, 0.013735722976045382, 0.013458430914329057, 0.013172622717969188, 0.012900895556622405, 0.012655537211955732, 0.012415862423153498, 0.012169290049702278, 0.011938050593059078, 0.011736627144083335, 0.011519629787507668, 0.011313637002823642, 0.011113931120327013, 0.01092063464974344, 0.010741669298840644, 0.010547928858823599, 0.01038103527749782, 0.010213305073376512, 0.010047047009242726, 0.009889743915891902, 0.009735251100529283, 0.00958928508907529, 0.009427296900322084, 0.009295004997981339, 0.009147265188641283, 0.009017056496344066, 0.008879491280072743, 0.008753377570379273, 0.008626056664354393, 0.008506566017607086, 0.008376335295747455, 0.008267187330084023, 0.008149571455193986, 0.008038148746604927, 0.007932917781952016, 0.007826217374762922, 0.007722550873187449, 0.007616386606476436, 0.007514804596009055, 0.007414193006623531, 0.007321403153406623, 0.007230455842651417, 0.007133585214176821, 0.0070417578062426526, 0.006961280225521811, 0.0068698538325309205, 0.006783390887384649, 0.006699307861037976, 0.006617781779583072, 0.006541079168353015, 0.006461183495258181, 0.006380875897604533, 0.006310759332610952, 0.0062361814187315515, 0.006162250786212349, 0.0060902244593756755, 0.0060203772203906245, 0.005949323055864598, 0.005883881472864365, 0.005818789392714198, 0.005752398693990943, 0.0056885451268321235, 0.005624512364148384, 0.005559849582691879]}