{"val_loss": [0.9615259170532227, 0.9546412825584412, 0.9478354454040527, 0.9411000609397888, 0.9344390034675598, 0.9278504848480225, 0.9213297963142395, 0.9148939847946167, 0.9085292816162109, 0.9022361040115356, 0.8960197567939758, 0.889875590801239, 0.883795440196991, 0.8777757883071899, 0.8718265295028687, 0.8659420013427734, 0.8601195812225342, 0.854371190071106, 0.8486933708190918, 0.8430817723274231, 0.8375349044799805, 0.8320541977882385, 0.8266375660896301, 0.8212851881980896, 0.8159963488578796, 0.8107666969299316, 0.8055973052978516, 0.8004767894744873, 0.7954148054122925, 0.7904171943664551], "loss": [0.9512744545936584, 0.945121705532074, 0.9379995465278625, 0.9302608966827393, 0.9226206541061401, 0.9189161658287048, 0.9097122550010681, 0.9049295783042908, 0.8955826759338379, 0.8912480473518372, 0.8827033638954163, 0.8764119744300842, 0.8732162117958069, 0.8633068799972534, 0.8594189882278442, 0.8518869280815125, 0.8459255695343018, 0.8411136865615845, 0.8366719484329224, 0.830920934677124, 0.8241416811943054, 0.8196883201599121, 0.8113428950309753, 0.8055217862129211, 0.802890956401825, 0.7968839406967163, 0.7912918329238892, 0.7863881587982178, 0.7831221222877502, 0.778443455696106]}