{"val_loss": [1.0395337537277576, 0.860741583413856, 0.7446361059366271, 0.6632663053135539, 0.5971093524334042, 0.5359598647716434, 0.47532846068227014, 0.41503507245418636, 0.3572771091793859, 0.30457249006559683, 0.2599282950855965, 0.2244200657966525, 0.19717222868010056, 0.17655476754487948, 0.16100434439126834, 0.1491778576096823, 0.1401604015466779, 0.13322134073390518, 0.12765295560969864, 0.12318967525349107, 0.11954368910817213, 0.11654793315155562, 0.11404868509880332, 0.11191409826278687, 0.11009497282116912, 0.10845183459825294, 0.10699380795622981, 0.10567051449487376, 0.10443498194217682, 0.10336148946784264], "loss": [1.1779203969378804, 0.948449102945106, 0.8030527178631273, 0.7037859420443691, 0.6305577380712643, 0.5588914599529532, 0.5018937449122585, 0.43886972929156104, 0.3876804820326872, 0.3353670468164045, 0.2956413647463155, 0.2603871534730113, 0.22480979249920957, 0.19911358522814374, 0.17958133650380512, 0.1648628309715626, 0.15508031186669372, 0.1404639908740687, 0.1397246662960496, 0.13171757307163504, 0.12521236164625302, 0.12331159308899281, 0.1183874322924503, 0.11667962961418685, 0.11419801847186199, 0.11189629501381586, 0.11051110767347869, 0.10686305841041166, 0.10592228018267211, 0.1045034319855446]}