{"val_loss": [0.521156621830804, 0.47894806947026936, 0.4218516434941973, 0.34215483495167326, 0.25147432142070364, 0.1728320920041629, 0.11961793074650424, 0.0872338062950543, 0.06773152574896812, 0.0558168784316097, 0.04823253024369478, 0.0431101754573839, 0.03958483166726572, 0.03709768297682915, 0.035233677231839726, 0.033856465481221676, 0.032829947636595795, 0.03204972303605506, 0.031443662741886716, 0.030966538470238447, 0.030592977202364376, 0.03029544691422156, 0.030057837454868213, 0.029867699901972498, 0.029710906823830947, 0.02958193900329726, 0.029500095306762626, 0.029415685883057967, 0.029330220339553698, 0.029269829192864045, 0.0292082803456911, 0.02916440780141524, 0.029107095074972937, 0.029055832951728786, 0.02901952966515507, 0.028965805723731006, 0.028925246692129543, 0.02887823013588786, 0.02882199761058603, 0.028787920916719095, 0.028735977531011616, 0.028709837568125555, 0.02867955488285848, 0.0286254767727639, 0.02855910626905305, 0.02851698301466448, 0.028528282285801003, 0.02847500498007451, 0.02842504351532885, 0.02839314245751926, 0.028326014056801796, 0.02830254938453436, 0.028250002302229404, 0.028190224364932095, 0.02812655017312084, 0.028037067436214005, 0.02797075247924243, 0.027914605369525298, 0.027878671352352415, 0.02781554783827492, 0.02775272906624845, 0.02772253059915134, 0.02764015119256718, 0.027589190950883285, 0.02753960121689098, 0.027475125954619477, 0.027469196090740815, 0.02741673854844911, 0.027332121772425517, 0.027298775102410997, 0.027232631708362272, 0.02716375428384968, 0.02709108923694917, 0.027036892981933697, 0.027001911574708565, 0.026992084258901223, 0.0269148241329406, 0.02690246794372797, 0.0268118857805218, 0.02675396390259266, 0.026686189230531454, 0.026640320595886027, 0.026588257601750747, 0.02651367456253086, 0.026438996927546605, 0.02637901276882206, 0.02638949134520122, 0.026376847443836077, 0.026311629185719148, 0.02625352709687182, 0.026155111346659914, 0.02611262327991426, 0.02608173370494374, 0.026067070895805955, 0.026003362145274878, 0.025959820486605167, 0.025922199179019247, 0.02586831641383469, 0.025828559517062137, 0.025792474958247373], "loss": [0.5500449069908687, 0.4987815320491791, 0.4496705691729273, 0.38687505040849957, 0.304379012967859, 0.22612151609999792, 0.16761186346411705, 0.12475385676537241, 0.10019371232816152, 0.08049390145710536, 0.06860133366925376, 0.061287978131856234, 0.05489285516419581, 0.050687789650900025, 0.04619648001555886, 0.04451182418103729, 0.041843300086579154, 0.038934359060866494, 0.037200605895902426, 0.03727065193067704, 0.03593980195000768, 0.0359278364506151, 0.033755904130105464, 0.03388739596786244, 0.03417284334344523, 0.03262254861848695, 0.03258804910417114, 0.031744817670966895, 0.03138197206759027, 0.031255403666624, 0.030611988556172167, 0.030990324315748045, 0.029793997228677784, 0.03034988757488983, 0.029878970169063126, 0.02954226951780064, 0.029688338416495492, 0.02952288423797914, 0.02915077323892287, 0.0297788374924234, 0.028321083768137863, 0.0288127777831895, 0.02897074063574629, 0.028803248889744282, 0.027821939704673632, 0.028565135252262865, 0.02909755633611764, 0.02819685671212418, 0.028492433418120657, 0.02803033616925989, 0.02808597477685128, 0.028159452469221184, 0.028132105844893625, 0.027654478060347692, 0.02722952767674412, 0.027231853987489427, 0.026941722059356316, 0.027110378723591566, 0.027399931236037185, 0.027267679372536286, 0.02725041185372642, 0.02737392857670784, 0.026780160210494484, 0.026801328673692688, 0.02664773292573435, 0.026356663089245558, 0.027577926936958517, 0.02656525027539049, 0.02637843618036381, 0.026484149441655194, 0.02609581926039287, 0.026125663093158176, 0.02593040546136243, 0.02574497940284865, 0.02663489750453404, 0.02658828381182892, 0.025656959474352852, 0.026380034163594246, 0.02529900288209319, 0.025543799956462214, 0.025482127642525092, 0.025402776564338377, 0.025658517809850828, 0.025343665587050573, 0.025349980053891028, 0.025011315775503005, 0.02541434332462294, 0.02545587013342551, 0.024913256322698935, 0.025069756765982935, 0.024343449821961776, 0.0248656566920025, 0.025028172780626586, 0.024908668028989008, 0.024536911065557172, 0.02481180815292256, 0.02445447664441807, 0.02442965772934258, 0.024519322473289713, 0.024439548208777393]}