{"val_loss": [1.6290068626403809, 1.6095759868621826, 1.587261438369751, 1.5652942657470703, 1.5436675548553467, 1.5223772525787354, 1.501420259475708, 1.4807952642440796, 1.460671305656433, 1.440775990486145, 1.421130895614624, 1.401773452758789, 1.3826565742492676, 1.3638861179351807, 1.3453986644744873, 1.3271957635879517, 1.3092681169509888, 1.291604995727539, 1.274190068244934, 1.2570202350616455, 1.2400873899459839, 1.2233840227127075, 1.2068959474563599, 1.1905956268310547, 1.1744937896728516, 1.158602237701416, 1.1427202224731445, 1.1272071599960327, 1.1118733882904053, 1.0967226028442383], "loss": [1.6524043083190918, 1.6292001008987427, 1.6098437309265137, 1.5873732566833496, 1.5657906532287598, 1.543837308883667, 1.5225144624710083, 1.5014963150024414, 1.4809792041778564, 1.4607419967651367, 1.4403271675109863, 1.4211373329162598, 1.401670217514038, 1.3823199272155762, 1.3634166717529297, 1.3445780277252197, 1.3264238834381104, 1.3081470727920532, 1.2896478176116943, 1.2727856636047363, 1.2547000646591187, 1.2384536266326904, 1.221329927444458, 1.2045910358428955, 1.1876606941223145, 1.1706000566482544, 1.1545348167419434, 1.1384409666061401, 1.1220089197158813, 1.1065949201583862]}