{"val_loss": [0.14952168347580092, 0.03868760368121522, 0.026401181306157793, 0.023210974410176277, 0.02199597520354603, 0.021476816751861146, 0.021242158986361965, 0.021132684079930186, 0.02107975342577057, 0.02105284671831344, 0.021038167544507554, 0.02102939521760813, 0.02102360126030232, 0.02101939999764519, 0.02101613291805344, 0.021013472129457762, 0.021011243341490626, 0.02100935242404895, 0.021007737643750652, 0.021006354031019976, 0.02100516958827419, 0.021004159169803773, 0.02100329556768494, 0.021002561219834855, 0.021001937366755947, 0.021001408375533565, 0.021000961141128625, 0.02100058309068637, 0.021000264711411937, 0.02099999669007957, 0.02099977297309254, 0.02099958497897855, 0.020999428250693848, 0.02099929766596428, 0.020999188102515682, 0.020999097165518572, 0.02099902246014348, 0.02099896066023835, 0.020998908705743297, 0.020998866197520068, 0.020998832004676973, 0.020998802668015872, 0.020998779850612794, 0.02099875969413136, 0.020998744792970165, 0.020998731621408036, 0.020998720911198428, 0.020998712795387422, 0.020998705810468112, 0.020998700089486583, 0.02099869616462716, 0.02099869243933686, 0.020998688913615688, 0.020998686917924454, 0.02099868518832539, 0.02099868345872632, 0.020998681662604213, 0.02099868146303509, 0.020998679933005145, 0.020998679733436023, 0.020998679467343857, 0.020998679267774736, 0.020998679267774736, 0.020998677937313914, 0.020998677937313914, 0.020998677937313914, 0.020998677737744793, 0.020998677737744793, 0.020998677737744793, 0.020998677737744793, 0.020998677737744793, 0.020998677737744793, 0.020998677737744793, 0.020998677737744793, 0.020998677737744793, 0.020998677737744793, 0.020998677737744793, 0.020998677737744793, 0.020998677737744793, 0.020998677737744793, 0.020998677737744793, 0.020998677737744793, 0.020998677737744793, 0.020998677737744793, 0.020998677737744793, 0.020998677737744793, 0.020998677737744793, 0.020998677737744793, 0.020998677737744793, 0.020998677737744793, 0.020998677737744793, 0.020998677737744793, 0.020998677737744793, 0.020998677737744793, 0.020998677737744793, 0.020998677737744793, 0.020998677737744793, 0.020998677737744793, 0.020998677737744793, 0.020998677737744793], "loss": [0.49440811946988106, 0.07392595122967448, 0.02810713249657835, 0.021661417858142937, 0.01960096218889313, 0.018776152316214784, 0.018413808196783066, 0.01824779445970697, 0.018169237217599794, 0.018130496044510176, 0.018110232560762336, 0.018098747291203057, 0.018091572631549622, 0.01808662310109607, 0.01808291018408324, 0.018079953966662288, 0.018077512038871646, 0.01807545278487461, 0.018073698938159004, 0.01807219847770674, 0.0180709137847381, 0.018069815123453736, 0.018068876666282967, 0.018068077075960382, 0.018067397410050035, 0.01806682025614594, 0.01806633167767099, 0.01806591820370938, 0.018065570421250805, 0.018065277420516525, 0.01806503171766443, 0.018064825163621987, 0.018064652403284396, 0.01806450854720814, 0.0180643887059497, 0.01806428875508053, 0.018064205667802265, 0.018064137049285427, 0.018064080039039254, 0.018064033339864442, 0.018063994789762155, 0.018063962825440934, 0.018063936548839723, 0.018063915278097347, 0.018063897765906795, 0.018063883363668407, 0.018063871855182306, 0.018063862342387438, 0.018063855058114444, 0.018063848705164025, 0.018063843549628342, 0.018063839358676757, 0.018063836032524705, 0.018063833554541425, 0.01806383130938879, 0.018063829646312764, 0.018063828548682586, 0.018063826885606562, 0.018063827051914165, 0.018063825222530534, 0.018063825239161297, 0.018063825089484453, 0.018063824690346206, 0.018063824424254044, 0.018063823526192988, 0.01806382365923907, 0.01806382365923907, 0.018063823459669948, 0.018063823260100826, 0.01806382312705474, 0.018063823393146907, 0.018063823293362345, 0.018063823359885385, 0.018063823359885385, 0.018063823393146907, 0.018063823260100826, 0.018063823393146907, 0.01806382349293147, 0.018063823426408426, 0.01806382312705474, 0.018063823293362345, 0.018063823293362345, 0.01806382312705474, 0.018063823359885385, 0.018063823426408426, 0.018063823243470063, 0.018063823110423982, 0.018063823359885385, 0.018063823426408426, 0.018063823226839304, 0.018063823226839304, 0.018063823293362345, 0.018063823426408426, 0.018063823393146907, 0.018063823260100826, 0.018063823160316263, 0.018063823326623867, 0.018063823343254626, 0.018063823393146907, 0.018063823393146907]}