{"val_loss": [1.025572419166565, 1.0089187622070312, 0.9928523898124695, 0.9773713946342468, 0.962471067905426, 0.9481415152549744, 0.93437260389328, 0.9211521148681641, 0.9084672331809998, 0.8963045477867126, 0.8846482038497925, 0.873482882976532, 0.8627923130989075, 0.8525596857070923, 0.8427681922912598, 0.8334010243415833, 0.8244401216506958, 0.8158682584762573, 0.8076690435409546, 0.7998246550559998, 0.7923184037208557, 0.7851345539093018, 0.7782561779022217, 0.7716684341430664, 0.7653544545173645, 0.75930255651474, 0.7534996867179871, 0.7479318380355835, 0.7425855398178101, 0.7374467253684998, 0.7325025796890259, 0.7277403473854065, 0.7231481671333313, 0.7187144756317139, 0.7144274115562439, 0.710274875164032, 0.7062472105026245, 0.7023338675498962, 0.6985263824462891, 0.6948161721229553, 0.6911959648132324, 0.6876585483551025, 0.6841964721679688, 0.6808022260665894, 0.6774688363075256, 0.6741910576820374, 0.6709626317024231, 0.667778491973877, 0.6646307110786438, 0.6615116596221924, 0.6584193110466003, 0.655351996421814, 0.652306318283081, 0.6492787003517151, 0.6462665796279907, 0.6432670950889587, 0.6402777433395386, 0.6372959613800049, 0.6343198418617249, 0.6313474774360657, 0.6283774971961975, 0.6254078149795532, 0.6224368810653687, 0.619462251663208, 0.616482138633728, 0.6134949922561646, 0.6105008125305176, 0.6074979901313782, 0.6044847965240479, 0.6014593839645386, 0.5984197854995728, 0.5953647494316101, 0.5922953486442566, 0.5892105102539062, 0.5861114263534546, 0.5829984545707703, 0.5798690915107727, 0.5767243504524231, 0.5735616087913513, 0.5703772902488708, 0.567175030708313, 0.5639554858207703, 0.5607163906097412, 0.5574607253074646, 0.5541875958442688, 0.5508968234062195, 0.5475903153419495, 0.5442651510238647, 0.5409224033355713, 0.5375626087188721, 0.5341871380805969, 0.5307929515838623, 0.5273822546005249, 0.5239542722702026, 0.520508885383606, 0.5170477628707886, 0.5135698318481445, 0.5100695490837097, 0.5065501928329468, 0.503014862537384], "loss": [1.0437026023864746, 1.0263110399246216, 1.0093575716018677, 0.9930413365364075, 0.9773756861686707, 0.9622650146484375, 0.9477499127388, 0.9339157938957214, 0.9204301834106445, 0.9074140191078186, 0.895159900188446, 0.883294939994812, 0.8718948364257812, 0.8608663082122803, 0.8507130146026611, 0.8407367467880249, 0.8312773108482361, 0.822199285030365, 0.8132917284965515, 0.804833173751831, 0.7970524430274963, 0.7891097068786621, 0.7816252708435059, 0.7746793627738953, 0.767748236656189, 0.7618213891983032, 0.7550846338272095, 0.7492003440856934, 0.7439260482788086, 0.7382982969284058, 0.7331213355064392, 0.7278596758842468, 0.7229337692260742, 0.7179630398750305, 0.7138146758079529, 0.709333062171936, 0.7050477862358093, 0.7009848356246948, 0.6968204379081726, 0.6929945349693298, 0.6892810463905334, 0.6854391694068909, 0.6810160875320435, 0.6785830855369568, 0.6745322942733765, 0.6711830496788025, 0.6685054898262024, 0.6643171906471252, 0.6608274579048157, 0.658017635345459, 0.6547747254371643, 0.6516250967979431, 0.6481243371963501, 0.6456089615821838, 0.6413219571113586, 0.6384811997413635, 0.636486828327179, 0.6328166723251343, 0.6292829513549805, 0.6264103055000305, 0.6231848001480103, 0.6201141476631165, 0.6168498992919922, 0.6144574880599976, 0.6116639971733093, 0.6084527969360352, 0.6055527925491333, 0.6027818918228149, 0.5984140038490295, 0.5951352119445801, 0.5920226573944092, 0.5903878808021545, 0.5858063697814941, 0.5848029255867004, 0.5803496837615967, 0.5767635703086853, 0.574950098991394, 0.5707256197929382, 0.5670709013938904, 0.5643753409385681, 0.561387836933136, 0.5575399994850159, 0.5559921860694885, 0.5505463480949402, 0.5486138463020325, 0.5451346039772034, 0.540324866771698, 0.538290798664093, 0.5342727899551392, 0.530999481678009, 0.5267679691314697, 0.5249363780021667, 0.5197499394416809, 0.51755291223526, 0.5148401260375977, 0.5106670260429382, 0.5068578720092773, 0.5034757852554321, 0.5005685091018677, 0.4951987564563751]}