{"val_loss": [0.7168838656865634, 0.20722788426425906, 0.103820056140006, 0.07508586347103119, 0.0641451289916372, 0.0580545049030464, 0.053889465446655564, 0.05051054748205038, 0.047581281174312935, 0.04510943174778998, 0.04288566698665385, 0.040964717683675406, 0.039210020245372, 0.037577305484068145, 0.03613648206724987, 0.03489163231391173, 0.0336815737760984, 0.032612809820191845, 0.031617649602931695, 0.030684074334852346, 0.02980121806055516, 0.029018089670192947, 0.028261800954391906, 0.027576479279286376, 0.026886227677439475, 0.02627909532585344, 0.025696357399537847, 0.025104675468031343, 0.024548934733534193, 0.024073818633397977], "loss": [2.177570820692272, 0.3921169975974614, 0.13443581593585702, 0.08361274692623248, 0.06839699819858515, 0.060652597848788355, 0.055849253834689805, 0.05223105341824212, 0.049300476641137556, 0.0466539595947891, 0.044606416737028254, 0.04230405169536972, 0.0404962184115558, 0.038698168324595966, 0.03744929241108113, 0.03589752365331181, 0.03454237020371669, 0.03381877861317948, 0.032404485093916795, 0.031501571686355326, 0.030717690145941473, 0.030073055289365835, 0.029138797437546778, 0.02858988413911467, 0.027649835452937595, 0.02703539890169539, 0.02648438999951351, 0.02596664281705922, 0.025536283635469642, 0.0249148616618146]}