{"val_loss": [1.8273226022720337, 1.7661447525024414, 1.7072999477386475, 1.6507841348648071, 1.5965702533721924, 1.54462468624115, 1.494903564453125, 1.4473562240600586, 1.401930809020996, 1.3585686683654785, 1.3172104358673096, 1.2777931690216064, 1.2402511835098267, 1.2045190334320068, 1.1705292463302612, 1.1382124423980713, 1.1075011491775513, 1.0783251523971558, 1.050613284111023, 1.0242975950241089, 0.9993082880973816, 0.9755778312683105, 0.9530389904975891, 0.9316258430480957, 0.911273717880249, 0.8919368386268616, 0.8735635280609131, 0.8560963273048401, 0.8394799828529358, 0.8236615061759949, 0.8085896372795105, 0.7942156791687012, 0.7804919481277466, 0.7673717737197876, 0.7548122406005859, 0.7427706718444824, 0.7312089204788208, 0.7200874090194702, 0.7093689441680908, 0.6990220546722412, 0.6890134215354919, 0.6793121099472046, 0.669889509677887, 0.6607194542884827, 0.6517748832702637, 0.6430356502532959, 0.6344823837280273, 0.6260915398597717, 0.617843508720398, 0.6097249984741211, 0.6017186641693115, 0.5938131809234619, 0.5859903693199158, 0.578240692615509, 0.5705538988113403, 0.5629220604896545, 0.555330216884613, 0.5477694869041443, 0.5402336120605469, 0.5327245593070984, 0.5252395868301392, 0.5177714824676514, 0.5103182792663574, 0.50286465883255, 0.49541881680488586, 0.48797422647476196, 0.4805314242839813, 0.47308945655822754, 0.46564823389053345, 0.4582023620605469, 0.45075899362564087, 0.443323016166687, 0.4358999729156494, 0.4284886121749878, 0.42109063267707825, 0.41371315717697144, 0.40636125206947327, 0.39904147386550903, 0.3917631208896637, 0.3845207989215851, 0.37731897830963135, 0.3701639771461487, 0.3630547523498535, 0.35600730776786804, 0.3490152359008789, 0.3420891761779785, 0.3352354168891907, 0.32845473289489746, 0.3217602074146271, 0.31515201926231384, 0.3086295425891876, 0.3022034764289856, 0.29587244987487793, 0.2896447777748108, 0.2835133969783783, 0.2774929106235504, 0.271587997674942, 0.2657981812953949, 0.26011818647384644, 0.2545488476753235], "loss": [1.8913333415985107, 1.8275408744812012, 1.7661035060882568, 1.706613540649414, 1.6496814489364624, 1.5951138734817505, 1.542757511138916, 1.4925310611724854, 1.4445233345031738, 1.3983895778656006, 1.3551198244094849, 1.313251256942749, 1.2730870246887207, 1.2359830141067505, 1.199843406677246, 1.1654603481292725, 1.132901668548584, 1.1019171476364136, 1.0722774267196655, 1.0442883968353271, 1.0180025100708008, 0.9931585192680359, 0.9681633710861206, 0.9458550214767456, 0.9239016175270081, 0.904676079750061, 0.8835612535476685, 0.8644890785217285, 0.848430335521698, 0.8312130570411682, 0.8147252202033997, 0.7993878126144409, 0.7852978706359863, 0.7708382606506348, 0.7582278251647949, 0.7454071640968323, 0.733527660369873, 0.7217734456062317, 0.7105239629745483, 0.6991825699806213, 0.6888933181762695, 0.6791563630104065, 0.6695585250854492, 0.6601410508155823, 0.6518011093139648, 0.6417697668075562, 0.6319476962089539, 0.6248018741607666, 0.6162081360816956, 0.6053347587585449, 0.599308431148529, 0.5901466608047485, 0.5831666588783264, 0.574614405632019, 0.5676645636558533, 0.5594479441642761, 0.5521057844161987, 0.5447666645050049, 0.5370899438858032, 0.5280529856681824, 0.5206200480461121, 0.5136683583259583, 0.5055605173110962, 0.5017344951629639, 0.4911368191242218, 0.48550060391426086, 0.477156400680542, 0.47051113843917847, 0.4620059132575989, 0.4570741057395935, 0.4485568404197693, 0.4421629011631012, 0.4336964786052704, 0.4263625144958496, 0.4208448529243469, 0.41300854086875916, 0.40529096126556396, 0.39730319380760193, 0.3898278474807739, 0.3846608102321625, 0.3771614134311676, 0.3707263767719269, 0.364717572927475, 0.35527509450912476, 0.35169467329978943, 0.3449675440788269, 0.3376523554325104, 0.33156928420066833, 0.3229237198829651, 0.31800031661987305, 0.3130616247653961, 0.3052190840244293, 0.3004459738731384, 0.2928120493888855, 0.2896230220794678, 0.2813236713409424, 0.27485859394073486, 0.27022311091423035, 0.266072154045105, 0.26073354482650757]}