{"val_loss": [0.5341712296740173, 0.015171616385931966, 0.009485221443089525, 0.007540843434708096, 0.006240393140623048, 0.005265564403886544, 0.0044947240770311135, 0.0038652750796591274, 0.0033418353527518425, 0.0029022350092729847, 0.002529745761910286, 0.002213780283851474, 0.0019462609355362225, 0.0017176751530491572, 0.0015229433777009518, 0.0013561967697473304, 0.0012130305226563268, 0.0010890699642795679, 0.0009836993003353826, 0.0008904838156438044, 0.0008106397207744177, 0.0007403612783604538, 0.0006789611905401281, 0.0006256605469407676, 0.0005771895751853446, 0.0005351237601820555, 0.0004970278968260841, 0.0004629097794517619, 0.00043277549877119296, 0.0004053400857585365, 0.00037928609713852487, 0.00035645341807799, 0.0003357780987512704, 0.0003170551840883686, 0.00029935650409215276, 0.0002828053758220434, 0.0002685644732336673, 0.0002541377683060671, 0.00024185605883399232, 0.00022950901695044468, 0.00021873585740728106, 0.0002083016985662299, 0.00019872635261290386, 0.0001895849494511692, 0.0001810551327074642, 0.000172948446855998, 0.00016538969952995162, 0.00015832911326037517, 0.00015169154717199133, 0.00014539385976692943, 0.0001393157627572275, 0.0001336936585048116, 0.00012849005901482304, 0.00012327993771046357, 0.00011852947561459025, 0.00011378506969233403, 0.00010966317071925862, 0.00010534437764943519, 0.00010167015386797685, 9.759033090933634e-05, 9.432265708328912e-05, 9.102911817232841e-05, 8.78561218838738e-05, 8.46694012584671e-05, 8.169297496019152e-05, 7.88967224298415e-05, 7.629516147361642e-05, 7.364807622016773e-05, 7.118510190031882e-05, 6.905619326243497e-05, 6.682504752408503e-05, 6.466965271345382e-05, 6.256364340151542e-05, 6.064072477320805e-05, 5.876415496024405e-05, 5.710591513071018e-05, 5.524379081872252e-05, 5.371083930307748e-05, 5.211046117391225e-05, 5.063410324967828e-05, 4.910983406319237e-05, 4.7907746537201015e-05, 4.6590239989419375e-05, 4.524013665181157e-05, 4.4087317426369816e-05, 4.296519026852e-05, 4.184128250501301e-05, 4.080970038448126e-05, 3.980156567966931e-05, 3.88401273567842e-05, 3.790818989205097e-05, 3.700090208381037e-05, 3.621121192718911e-05, 3.539787873985861e-05, 3.471497293781966e-05, 3.3945511783459064e-05, 3.324300394701119e-05, 3.268616810710969e-05, 3.202375979355606e-05, 3.1417578724229964e-05], "loss": [8.432654380350879, 0.10926575115927813, 0.011511542230867172, 0.008854227461557096, 0.007386737151857681, 0.006329197354991284, 0.00550758969875309, 0.0048417971464823776, 0.004288832326116025, 0.00382414819489497, 0.0034309259194067847, 0.003097591966810276, 0.002814671471728716, 0.002572708371799928, 0.0023674678643384644, 0.002191981094649104, 0.0020424502223575828, 0.0019136368941442162, 0.0018033742929764905, 0.001707900517213793, 0.0016254206833047503, 0.0015536721758090937, 0.0014906595031268992, 0.0014355951709051642, 0.0013870439546578369, 0.0013441060876396825, 0.0013058099144808437, 0.0012713943113476954, 0.0012415581645854083, 0.001213737413393926, 0.001188797724476962, 0.0011665791396607708, 0.0011459781746718015, 0.0011269125836430424, 0.0011098920706178392, 0.0010940148684507188, 0.001079242202729199, 0.0010658165023410572, 0.001053449645206474, 0.0010418717588713653, 0.0010311937456464228, 0.001021014604227954, 0.001011677754594213, 0.0010028272688838123, 0.0009946144610715707, 0.0009869119164569644, 0.000979696725129519, 0.0009729058086737423, 0.0009663756200042658, 0.0009603306570033751, 0.0009546427720156861, 0.0009492554358910314, 0.0009441103334655021, 0.0009392193451605034, 0.0009346291202263578, 0.0009302682452047087, 0.0009261291229441717, 0.0009222273283771965, 0.0009184670907305764, 0.0009149222922383678, 0.000911498813893614, 0.0009082447026680938, 0.0009052565442154259, 0.0009023108937723295, 0.0008994651950863062, 0.0008968193929990815, 0.0008942777771310508, 0.00089189201614829, 0.0008895387314339456, 0.0008873353142198201, 0.0008853261285706018, 0.0008833708470676276, 0.0008813663787244314, 0.0008794991272668878, 0.0008777760641024847, 0.0008760806270530182, 0.0008744579147753451, 0.0008729050703861477, 0.0008714068472188457, 0.0008700003292630847, 0.0008686544463033893, 0.0008673797031213637, 0.0008661354786824539, 0.0008649597671792102, 0.0008638196461213446, 0.0008627483441704754, 0.000861707578101316, 0.0008607285600587627, 0.0008598102270892226, 0.0008588840144246721, 0.0008580470859012291, 0.0008572312298845038, 0.0008564448058696239, 0.0008557155066931915, 0.0008550163823735447, 0.0008543268776742925, 0.0008536971728514131, 0.0008530919732003981, 0.0008525132158698407, 0.0008519556564455837]}