{"val_loss": [1.6225875616073608, 1.6000300645828247, 1.5778309106826782, 1.5559778213500977, 1.5344619750976562, 1.513282299041748, 1.4924436807632446, 1.4719362258911133, 1.4517500400543213, 1.4318885803222656, 1.4123457670211792, 1.393105387687683, 1.374157190322876, 1.355501413345337, 1.3371320962905884, 1.319040298461914, 1.3012080192565918, 1.2836313247680664, 1.2663187980651855, 1.2492567300796509, 1.232435941696167, 1.2158430814743042, 1.19948410987854, 1.1833434104919434, 1.1674162149429321, 1.1516820192337036, 1.1361362934112549, 1.1207785606384277, 1.1055952310562134, 1.0905905961990356], "loss": [1.6456232070922852, 1.6229510307312012, 1.600138783454895, 1.5781505107879639, 1.5561327934265137, 1.5346132516860962, 1.513595700263977, 1.4929909706115723, 1.471684217453003, 1.451873540878296, 1.4319231510162354, 1.4123852252960205, 1.3929908275604248, 1.3741291761398315, 1.355437159538269, 1.3369975090026855, 1.3186964988708496, 1.3003466129302979, 1.2827011346817017, 1.2654505968093872, 1.2480779886245728, 1.230977177619934, 1.2139049768447876, 1.196978211402893, 1.1807775497436523, 1.1654770374298096, 1.1471948623657227, 1.1322650909423828, 1.1163092851638794, 1.1009862422943115]}