{"val_loss": [0.004445762233263225, 0.0013801751381405923], "loss": [0.5926332944084121, 0.003420260833863371]}