{"val_loss": [0.5104295866830009, 0.4142172762325832, 0.27924319888864246, 0.1561082181121622, 0.09206003376415797, 0.06397904615317072, 0.05044920981994697, 0.04282966908067465, 0.03832655885655965, 0.03553034338567938, 0.03364992753735611, 0.03239197377115488, 0.03148376356278147, 0.03081803928528513, 0.03031866704779012, 0.02991950638326151, 0.029602506796696355, 0.02934115380048752, 0.02912264397101743, 0.028935216633336886, 0.028771718963980675, 0.028622375335544348, 0.028487418379102434, 0.028365155748490776, 0.028251101662005697, 0.02814318805134722, 0.02804252491997821, 0.027946032982851778, 0.027853491782609905, 0.027763074396976402, 0.027677031233906746, 0.027593103902680532, 0.02751071784379227, 0.02743065363860556, 0.027350231605981077, 0.027274157585842267, 0.02719728841579386, 0.027120994071343114, 0.02704728294962219, 0.02697356776999576, 0.026902282677058662, 0.026829529287559644, 0.02676015772989818, 0.026690657982336625, 0.026621080602386167, 0.026553847028740814, 0.026485460943409374, 0.026420097798109055, 0.02635586028918624, 0.026286988918270384, 0.026222136270787035, 0.026157429574855735, 0.0260943722844656, 0.026031442751575793, 0.025968139425718358, 0.02590856042557529, 0.02584827701295061, 0.0257894052525184, 0.025730211720136658, 0.02567177778109908, 0.025613102463207076, 0.02555925658504878, 0.025502907478117516, 0.025448346776621684, 0.02539133812699999, 0.025337101525760124, 0.025281858065032532, 0.02523312285276396, 0.02517937951987343, 0.02512505291295903, 0.025071175835494484, 0.025025236220764264, 0.02497749645928187, 0.024931043286674788, 0.024878922883155092, 0.024828485479312285, 0.02478594286367297, 0.02473932591133884, 0.024692100738840445, 0.024650092170174633, 0.02460973131071244, 0.024563519417175224, 0.02451682310285313, 0.02448017559280353, 0.024446146429649422, 0.024393175961449742, 0.024360221278454577, 0.02432058528730912, 0.024276629855324115, 0.024236731563827822, 0.024196928466803262, 0.024163508621443595, 0.024123211657362326, 0.024096321580665454, 0.02405186596193484, 0.024018872396222184, 0.02398120116309396, 0.02394510216877929, 0.02391685828167413, 0.0238845710908728], "loss": [0.5666711053677967, 0.4613338176693235, 0.35170188013996395, 0.2206840185182435, 0.12418493522065026, 0.08030929576073374, 0.05728974020374673, 0.04710205378276961, 0.03974946242358003, 0.0354932684983526, 0.03331228119454214, 0.031169383454003503, 0.0301377179899386, 0.028986462391912937, 0.028400628162281855, 0.0278790870548359, 0.02739786988656436, 0.027029098676783696, 0.026809719125074998, 0.026437164949519292, 0.026347548235207796, 0.026268210927290574, 0.02597881600792919, 0.025922368014497415, 0.02576522688780512, 0.025606632232666016, 0.025508747901767492, 0.02542263043246099, 0.025266325500394617, 0.025186556058802774, 0.025106631219387054, 0.025044758604573353, 0.02494474240977849, 0.024835721123963594, 0.024773083394393325, 0.024713617749512196, 0.024587905633130243, 0.02456009521016053, 0.024417201123599495, 0.02435825252905488, 0.024263474558080946, 0.02418015737618719, 0.024118398914911916, 0.024063366265701398, 0.023980873869732022, 0.02392395895107516, 0.023844235310597078, 0.023812932394711033, 0.023769818845071962, 0.02361839510766523, 0.0235561624701534, 0.023499829761151756, 0.0234347840638033, 0.02341127921161907, 0.02328580085720335, 0.02326917289091008, 0.023164555363889252, 0.02312438828604562, 0.023066946604688252, 0.02301126904785633, 0.02296715193162007, 0.022919149936309884, 0.02285204135945865, 0.022796777875295708, 0.022722039804128662, 0.02269259617397828, 0.02261230326257646, 0.022575620960976397, 0.022521816792764833, 0.022436704686177627, 0.022360520404098288, 0.022352159455684677, 0.022308769103671824, 0.022274982450263842, 0.02218322904913553, 0.02213775526200022, 0.022118710413841263, 0.022078641490744694, 0.021974500767620548, 0.0219729633868805, 0.021941756097865955, 0.02187567889424307, 0.021835845362927233, 0.02183538648699011, 0.021791306789964437, 0.021677170181646943, 0.021707399083035334, 0.02164311527407595, 0.02157053950109652, 0.021540244642112936, 0.021486519070874368, 0.021489781194499562, 0.0213952091788607, 0.021437254368460605, 0.021336415583001717, 0.02131683219756399, 0.021238136504377638, 0.02123426875498678, 0.021208900459376828, 0.02119303767436317]}