{"val_loss": [0.08830314688384533, 0.030944000064794506, 0.023919690367100493, 0.02198019510667239, 0.021383294536333, 0.021210411663300226, 0.021155704677637135, 0.02113112933667643, 0.021114810103816644, 0.021101880752082382, 0.02109103460263993, 0.021081840453137244, 0.021073995091553246, 0.02106723701581359, 0.02106139712434794, 0.021056298299559524, 0.02105184188777847, 0.021047883866620914, 0.021044402749144604, 0.021041259735024402, 0.021038419666833112, 0.021035891325612153, 0.021033590027530278, 0.021031493221276572, 0.021029600274882147, 0.021027870842122605, 0.021026289323344827, 0.02102484813492213, 0.021023519137608155, 0.021022286665226732, 0.02102113834449223, 0.02102007876549448, 0.021019091264211705, 0.021018164032804116, 0.021017306883420264, 0.021016510502834405, 0.02101576015619295, 0.021015054313465953, 0.021014386222564747, 0.021013760041179403, 0.021013173574049557, 0.021012622131300823, 0.021012106577732732, 0.021011613508952514, 0.02101114541957421, 0.02101070759817958, 0.02101029083132744, 0.02100989525206387, 0.02100951743445226, 0.021009155283016816, 0.02100881438569299, 0.02100848902149924, 0.021008178425420607, 0.02100788159961147, 0.02100759737991861, 0.021007328560309752, 0.021007069552849447, 0.021006822153659805, 0.02100658237135836, 0.021006356958033785, 0.021006139361166527, 0.021005927485280802, 0.02100572582068188, 0.0210055321721094, 0.021005344011687806, 0.021005163168800727, 0.02100499260372349, 0.021004827194181935, 0.021004667871498635, 0.021004512340628674, 0.021004362796832408, 0.02100421647940363, 0.021004079741292765, 0.021003943369058625, 0.02100381218562169, 0.02100368945061096, 0.021003569110429714, 0.02100345113181642, 0.021003336645662785, 0.021003225718491843, 0.021003120113164186, 0.021003016603312323, 0.021002917284412042, 0.021002821291663816, 0.021002724799992784, 0.02100263549281018, 0.021002547682396004, 0.02100246143527329, 0.02100237861408719, 0.02100229469527091, 0.021002216963097453, 0.021002138765262707, 0.021002064625333463, 0.021001993578725626, 0.021001922166241065, 0.02100185484492353, 0.021001787822959677, 0.021001721931887523, 0.02100165860195245, 0.021001599030569196], "loss": [0.30731608825070517, 0.0479894880471485, 0.023825599745448147, 0.019952623140332953, 0.01876909482026739, 0.018407222515504276, 0.018295245910329477, 0.01825257490522095, 0.018226301297545433, 0.01820753122280751, 0.018192660695474063, 0.018179236013176187, 0.0181679658126086, 0.01815835090487131, 0.018149466486647725, 0.01814230827481619, 0.018135784326919487, 0.01813021215743252, 0.018124844513035247, 0.018121349259412715, 0.01811762889181929, 0.01811336533033422, 0.01811079464719764, 0.018107924577114836, 0.018104930508083532, 0.018102658313832114, 0.018100320095462457, 0.018098230008035898, 0.018096248635889163, 0.018094896970848953, 0.0180934599068548, 0.018091981897928884, 0.018090666670884405, 0.018089694370116507, 0.018088188288467272, 0.018086938387049094, 0.01808622941773917, 0.018085433203460916, 0.018084547415907894, 0.018083639575966766, 0.018082817883363793, 0.01808194806134062, 0.01808118595675166, 0.018080711531053697, 0.018080040546400205, 0.01807923904354019, 0.01807880451503609, 0.018078298058493862, 0.01807785569690168, 0.018077515098931535, 0.0180768043334995, 0.018076392489352396, 0.018076056581256644, 0.018075686979240606, 0.018075207082022513, 0.01807488886905568, 0.0180745535596673, 0.018074235912146314, 0.018073930904003128, 0.018073584318959286, 0.01807330152951181, 0.018073147794763957, 0.018072812718206217, 0.018072589500141994, 0.01807231582435114, 0.01807201237949942, 0.018071824019508704, 0.018071617864604508, 0.018071373059813465, 0.018071217528943504, 0.018071009145517434, 0.018070893861087307, 0.018070692595626627, 0.0180704627252583, 0.01807037790838097, 0.01807009573427162, 0.018070001354707137, 0.018069870603669966, 0.01806978332544012, 0.01806956167066736, 0.018069431451814517, 0.018069272761100104, 0.018069151057196513, 0.018069021004651274, 0.018068925544087375, 0.018068841492225016, 0.018068669463640878, 0.018068590367745076, 0.018068479340789572, 0.01806841737457684, 0.018068260413461497, 0.01806819625198841, 0.0180680936401976, 0.01806797832250595, 0.01806790305168501, 0.018067771768463508, 0.018067742065925683, 0.018067660176062157, 0.018067573696108803, 0.018067467392289212]}