{"val_loss": [0.5094225151198251, 0.40119315683841705, 0.2807646319270134, 0.1817853461418833, 0.11709398297326905, 0.08136586206299919, 0.0614262174016663, 0.05013751983642578, 0.043355456819491725, 0.03893449144171817, 0.036103690043091774, 0.03408661065623164, 0.03266142268798181, 0.031677599397620985, 0.030955332863543714, 0.030447391726608788, 0.030092344087149416, 0.029798581331436123, 0.029560869759214774, 0.029368169605731964, 0.029259616509079933, 0.029153025842138698, 0.029074808649186577, 0.028998850379139185, 0.028962398546614816, 0.028886671843273298, 0.028758787816124304, 0.02873826219833323, 0.028636193634676083, 0.028604517823883464, 0.028502773293959244, 0.028431357416723455, 0.028389273743544306, 0.028309988589691266, 0.02825483533420733, 0.028202613350003958, 0.02814076135733298, 0.028088485955127647, 0.028015966593687023, 0.02795244114739554, 0.027891131517078196, 0.027804619632661343, 0.027765139139124324, 0.02768236292260034, 0.0276276364124247, 0.027548970321991613, 0.02751723856532148, 0.027374612766184976, 0.027326635284615413, 0.027241702790239027, 0.02716534784329789, 0.027095651254057884, 0.027054294012486935, 0.027000412544501678, 0.026911549802337374, 0.026915402683828558, 0.026823509284960374, 0.026755384701703275, 0.0266112709151847, 0.02657804185790675, 0.02649018494412303, 0.026468215310680016, 0.026361988857388496, 0.026333865110895464, 0.026305424182542732, 0.026226304804107974, 0.026170839788392186, 0.02615357340047402, 0.02606338309124112, 0.025991011377690092, 0.025944977632856796, 0.025901449212272252, 0.025841507062848126, 0.02584254738342549, 0.025754457073552266, 0.025687349727377295, 0.025589752909062163, 0.025569393864965866, 0.025546617839219316, 0.02546310966967472, 0.02544248995504209, 0.025409036515546695, 0.025279934717608348, 0.0253163165013705, 0.02514559043837445, 0.02524326429037111, 0.0251500858991806, 0.025110567454248667, 0.02505263513220208, 0.025041779769318446, 0.024993311181398376, 0.02496374721106674, 0.024877930825044, 0.024922034037964686, 0.0248636723762112, 0.024887718027457595, 0.02480319544806012, 0.02470271964557469, 0.024697931117511222, 0.024674518333215798], "loss": [0.593640176313264, 0.4595673456788063, 0.3539227194019726, 0.25213925540447235, 0.16830360117767537, 0.1203272073928799, 0.09021773881145886, 0.07207698148808309, 0.062084044995052476, 0.05396836370761905, 0.04826555959880352, 0.04560369372900043, 0.04119896795600653, 0.038896475585975816, 0.0367396618904812, 0.034849225876054594, 0.03521094125296388, 0.0336373613349029, 0.03331517009064555, 0.031462654537920444, 0.031301210900502544, 0.03104321412476046, 0.030807743913361003, 0.03064311415489231, 0.029853857854115113, 0.0293964426299291, 0.02895730367994734, 0.029403453759316887, 0.02866950717621616, 0.028891129286161492, 0.028178058165524687, 0.02832765950422202, 0.028327175149960176, 0.028177371714264154, 0.02805022256714957, 0.028119762162012712, 0.027665097765358432, 0.02774940404508795, 0.027433948325259343, 0.027405255806765387, 0.027819386483835324, 0.02698825246521405, 0.02736969418557627, 0.027165923533695086, 0.027051742188632488, 0.026636156386562755, 0.026825767941772938, 0.026461664786828414, 0.026627646825675453, 0.026296580409897224, 0.02597374069903578, 0.026342484301754406, 0.02642689991210188, 0.02595983668496566, 0.02606494358873793, 0.026438151818833182, 0.02550668954583151, 0.0256466444448701, 0.025369692061628615, 0.025496617192402482, 0.02497177418055279, 0.026464628654399087, 0.025469416552888497, 0.025092390598729253, 0.025128886103630066, 0.025051514085914408, 0.02503102765019451, 0.02562749751710466, 0.02452282501118524, 0.024727228363709792, 0.024733266261007105, 0.024353508637951955, 0.024550228845328093, 0.02466364317972745, 0.024620386439242532, 0.024374648363196423, 0.023881693304117237, 0.024245121981948614, 0.024240204632016166, 0.023840595435883318, 0.024137336162051985, 0.024347029027662108, 0.023637396416493824, 0.02383766004017421, 0.023357172929016606, 0.023939092410728335, 0.02378275983833841, 0.023615366646221707, 0.023578899979059185, 0.023569325151454126, 0.023469455240826522, 0.02371007313818804, 0.023364061622747352, 0.023784953635185957, 0.023318452793838724, 0.023269191816715256, 0.02327591839379498, 0.023051235991130983, 0.02318194861124669, 0.022980857906597003]}