{"val_loss": [0.555565474333463, 0.3782980623361948, 0.24417063406297376, 0.1632157666283054, 0.12040820769913546, 0.09615023215333898, 0.08150931848929478, 0.0723265633508042, 0.06615235666920255, 0.061799962203819434, 0.05846393900317746, 0.05583389064336156, 0.05353964378054325, 0.051596233738469076, 0.04988139383234344, 0.04811962006183771, 0.046648341927911854, 0.04522621084551711, 0.0439048439941623, 0.04267951783600387, 0.041550527346300915, 0.04054878422847161, 0.03950018193442505, 0.038504432183462424, 0.03756520618404542, 0.036666954340009425, 0.03598628005572966, 0.03507689066179149, 0.03425766324455088, 0.03355791140998994, 0.0329140948092604, 0.03217586124693597, 0.03161182426489317, 0.03111467927277505, 0.030412621731003682, 0.02993036443172218, 0.029356523241092274, 0.02876623228869655, 0.028369719292838255, 0.027893153234170034, 0.027468413427159503, 0.027002440400786334, 0.026544650547675318, 0.026209832045373384, 0.025823628790416085, 0.025376111347150135, 0.024969793725889047, 0.02467870390550657, 0.024332085337776404, 0.023984157460761237, 0.023599975188816343, 0.023336578030269464, 0.023040009701585436, 0.022702863752529338, 0.022373879614930887, 0.02212234901694151, 0.021929806853820392, 0.021641988541696456, 0.021412302511972146, 0.021057977907724314, 0.02078788784834055, 0.020570258746718192, 0.020384321979188418, 0.02007397729252185, 0.019851135975726835, 0.019634143638235707, 0.019513668818073673, 0.01923197780091029, 0.018952641961770458, 0.018852667726732632, 0.018530822469742147, 0.018412806458406514, 0.0182103479763011, 0.01814808732979781, 0.017910417091179562, 0.01776109504272471, 0.017441688691611057, 0.01736459578875895, 0.01714831216820887, 0.016925266833155306, 0.016744603682960664, 0.016564082836250327, 0.0164214905898471, 0.016278597832351298, 0.016222117664097074, 0.01609123675348042, 0.015862645236189132, 0.015697316409876712, 0.015648126484943438, 0.015487013912232188, 0.015351441258994432, 0.01518953409879566, 0.014994100921533325, 0.014906197564897838, 0.014796544628387148, 0.014649877096754272, 0.014516437517387884, 0.014355758856330718, 0.014293308428430056, 0.014134870008467795], "loss": [0.9363931765973242, 0.4543820537690722, 0.2981349574714597, 0.187438264570601, 0.13305098952537955, 0.10634717320227977, 0.08839294560992281, 0.0779237511111925, 0.07111923745560701, 0.06635483573601639, 0.061797899103183285, 0.059763718477852355, 0.056906853342293576, 0.05517159206945388, 0.05341956538208568, 0.05149543325501806, 0.05005188626553471, 0.04848365474035738, 0.04719089103643081, 0.04574989479189269, 0.04488065774835338, 0.04397876756694706, 0.04298759659550136, 0.04177201961826571, 0.0407077130381015, 0.03980371570919846, 0.03956188986501035, 0.0382751853530245, 0.0370593975726326, 0.036275862696508614, 0.03560477285518672, 0.03501338777506752, 0.034338527977769026, 0.03407457031187464, 0.03293426312174674, 0.033190633416769096, 0.03217094962446602, 0.031108503518546122, 0.03062056625155757, 0.030297006392425434, 0.030145318695954007, 0.029315178292010278, 0.028840417930802546, 0.028451665046506334, 0.028203944123810294, 0.027945964984671386, 0.02733851998904829, 0.02690052890468165, 0.02641373254056325, 0.026223223399048107, 0.025951449527382663, 0.025560121212640282, 0.02546625164432697, 0.024648617592456283, 0.0243385661419577, 0.02401706638726334, 0.02380043564831066, 0.023577644064394318, 0.023093652316048496, 0.023178395756304402, 0.022986034050607104, 0.022801265508739118, 0.02255113657991417, 0.02199813063422932, 0.021825213696310335, 0.02152373348446352, 0.021535479116844627, 0.021183892020157406, 0.020868384614470506, 0.02073844851581358, 0.020665149005954384, 0.020295928353785443, 0.020311529510403683, 0.020059521306396277, 0.020182059689553614, 0.019556624156180813, 0.018953224767659625, 0.01903350892492005, 0.01896669755047834, 0.018774746240325314, 0.01840462475567242, 0.018314125528159222, 0.0182076469958003, 0.017862126661593983, 0.017941625697929398, 0.017660936118219162, 0.0175416403821583, 0.01745006704672438, 0.017498791553690784, 0.017111797515334887, 0.017053863128165914, 0.016761236528194945, 0.016583986375350024, 0.01652857736058411, 0.016296494714363213, 0.016303453514473126, 0.016281303531613132, 0.015910362240267303, 0.01599453374813256, 0.01564735240774821]}