{"val_loss": [1.4707998037338257, 1.4509639739990234, 1.4314442873001099, 1.4122430086135864, 1.3933429718017578, 1.3747414350509644, 1.3564302921295166, 1.3384367227554321, 1.3207287788391113, 1.3032948970794678, 1.2861369848251343, 1.2692614793777466, 1.2526609897613525, 1.2363255023956299, 1.2202383279800415, 1.2044177055358887, 1.1888507604599, 1.1735337972640991, 1.1584643125534058, 1.1436259746551514, 1.1290229558944702, 1.1146492958068848, 1.1005018949508667, 1.086580514907837, 1.0728720426559448, 1.0593773126602173, 1.0460883378982544, 1.0329939126968384, 1.020088791847229, 1.0073773860931396], "loss": [1.4770543575286865, 1.453902006149292, 1.4364596605300903, 1.4147995710372925, 1.3935822248458862, 1.3747225999832153, 1.3568803071975708, 1.3421776294708252, 1.3208554983139038, 1.3009850978851318, 1.2856082916259766, 1.2662804126739502, 1.2519925832748413, 1.231197476387024, 1.2147023677825928, 1.2020819187164307, 1.1828678846359253, 1.1673146486282349, 1.1545478105545044, 1.1388567686080933, 1.1250444650650024, 1.1059263944625854, 1.0941392183303833, 1.0805639028549194, 1.069380283355713, 1.0515878200531006, 1.0330862998962402, 1.0231841802597046, 1.008135437965393, 0.9949116706848145]}