{"val_loss": [1.133890379306882, 0.6047611596972443, 0.33536977546159613, 0.20473000615142112, 0.14122694522835488, 0.10761824943298517, 0.08761504535065141, 0.07482738775569339, 0.06655689467524373, 0.06130249105220617, 0.05804138483349667, 0.056060233521600104, 0.054880477834579555, 0.05419208655177161, 0.05379841052169024, 0.05357737007529237, 0.05345488105748975, 0.053387283672427024, 0.05334953781823779, 0.05332773542681406, 0.053314199974370556, 0.05330493301153183, 0.05329791291855102, 0.05329218021658964, 0.05328719430538111, 0.05328270957566971, 0.05327855682996816, 0.053274685300366824, 0.0532710871031118, 0.0532677398864613, 0.053264586818079614, 0.05326160156103068, 0.05325879598426264, 0.05325614964199621, 0.05325367275712102, 0.053251326344040936, 0.053249103818521944, 0.05324700431421746, 0.053245024712279786, 0.05324313079201898, 0.05324134897700576, 0.053239642794049066, 0.0532380064386268, 0.05323645030689794, 0.053234971280014795, 0.05323355740239454, 0.053232211273076924, 0.053230926047923954, 0.05322969826154931, 0.05322852011683375, 0.05322738572262054, 0.05322630816074305, 0.053225270190904304, 0.05322426652839018, 0.053223308349071546, 0.05322238698948261, 0.0532214957787547, 0.053220638095639476, 0.05321982217042945, 0.053219030502923696, 0.053218274355627766, 0.053217537614495256, 0.05321683379453282, 0.05321615709121837, 0.05321550014060597, 0.053214868487313736, 0.05321425199508667, 0.05321366270614225, 0.0532130891847056, 0.05321253558924032, 0.053211992909741955, 0.05321147509439047, 0.053210966375678084, 0.0532104785359183, 0.0532100134810736, 0.053209556050078814, 0.05320911213409069, 0.05320867584195248, 0.0532082574831885, 0.05320785133991131, 0.053207449701636336, 0.0532070628778879, 0.05320669069539669, 0.053206323710984965, 0.05320596504350041, 0.05320561512611633, 0.053205280369797416, 0.05320495626954145, 0.053204641612463216, 0.05320433431933092, 0.05320402945196906, 0.05320373038912928, 0.05320345125226087, 0.053203167783659557, 0.05320290060237397, 0.053202636539936066, 0.05320238053452137, 0.05320212470237599, 0.053201883251583856, 0.05320164206069569], "loss": [1.7568034903947698, 0.8658953572428504, 0.46367989515149316, 0.2634166506833808, 0.16688764788383662, 0.11867247660492741, 0.09191247456988623, 0.07542445874491403, 0.06479754766752553, 0.0579619433644206, 0.053656095508919206, 0.051007874569920605, 0.049407674909331074, 0.04846146174295004, 0.04791829674396404, 0.047601816352716715, 0.04742971807718277, 0.04733048197488452, 0.04727382420800453, 0.04724061645047609, 0.04722170834971029, 0.047211308032274246, 0.047201592908349146, 0.047189446122840394, 0.04718369799990987, 0.04717779644699984, 0.04717330426670784, 0.04716839329447857, 0.04716092859243238, 0.047156635498584704, 0.04715354324773301, 0.04714985806928124, 0.04714602102027383, 0.047142368416453515, 0.04713743015430694, 0.047135120214417923, 0.04713236774469531, 0.04712823197938675, 0.04712710260998371, 0.04712316913660183, 0.047121499166932215, 0.047119668056798535, 0.04711771279919979, 0.04711474790129551, 0.0471124354490014, 0.047111627667449245, 0.04710905123935189, 0.047107214064792145, 0.047105577102927274, 0.047104590160902154, 0.047103273400733635, 0.04710107149426327, 0.047099983882765435, 0.04709950046137322, 0.047097374620132665, 0.04709632235557534, 0.0470950593955295, 0.047094545132198996, 0.047092480714931044, 0.04709178928372472, 0.04709085232989733, 0.0470897386413674, 0.04708853052106014, 0.047088317226531895, 0.04708616972662682, 0.04708599922961967, 0.047085151076316833, 0.04708477369574613, 0.04708369024271189, 0.04708288705279661, 0.04708283403238585, 0.04708177812917288, 0.047080922265385475, 0.047079969890588935, 0.04707953351181607, 0.04707933685114218, 0.04707866863802422, 0.047077999385290364, 0.047077506953893705, 0.047077069622139596, 0.04707649999926256, 0.04707593903985134, 0.047075460816538614, 0.04707554216648257, 0.04707480845756309, 0.047074129761651505, 0.047073634817849756, 0.047073308724996654, 0.04707230939421543, 0.047072497478058174, 0.04707218550665434, 0.047071738818357155, 0.04707160531434902, 0.04707076348537623, 0.04707049543774405, 0.047070246363102, 0.04706975289208944, 0.04706962831145109, 0.0470693199787029, 0.04706894372438276]}