{"val_loss": [1.0174978971481323, 1.000820279121399, 0.9847321510314941, 0.969231367111206, 0.9543114304542542, 0.9399619698524475, 0.9261727929115295, 0.912933349609375, 0.9002300500869751, 0.8880488276481628, 0.8763747215270996, 0.8651930093765259, 0.8544864654541016, 0.8442391753196716, 0.834433376789093, 0.8250515460968018, 0.8160771131515503, 0.8074924349784851, 0.7992808818817139, 0.7914248108863831, 0.783907413482666, 0.776711642742157, 0.7698217630386353, 0.7632218599319458, 0.7568947076797485, 0.7508288025856018, 0.7450118660926819, 0.7394288182258606, 0.7340649366378784, 0.7289078235626221, 0.7239432334899902, 0.7191594243049622, 0.7145442366600037, 0.7100862264633179, 0.70577472448349, 0.7015992403030396, 0.6975508332252502, 0.6936196684837341, 0.6897971630096436, 0.6860744953155518, 0.6824432611465454, 0.678895115852356, 0.6754226088523865, 0.6720203161239624, 0.6686828136444092, 0.6654030084609985, 0.6621753573417664, 0.6589946746826172, 0.6558560132980347, 0.652755618095398, 0.6496897339820862, 0.6466537117958069, 0.6436441540718079, 0.640657901763916, 0.6376926302909851, 0.6347452998161316, 0.631812334060669, 0.6288919448852539, 0.6259821653366089, 0.6230800151824951, 0.6201844215393066, 0.6172937750816345, 0.6144066452980042, 0.61152184009552, 0.6086382865905762, 0.6057541966438293, 0.6028695106506348, 0.5999826192855835, 0.5970933437347412, 0.5942001342773438, 0.5913024544715881, 0.5884003043174744, 0.5854930877685547, 0.5825800895690918, 0.5796606540679932, 0.5767341256141663, 0.5738013386726379, 0.5708616375923157, 0.5679135322570801, 0.564957857131958, 0.5619956851005554, 0.5590260028839111, 0.5560487508773804, 0.5530619025230408, 0.5500605702400208, 0.5470460653305054, 0.5440208911895752, 0.5409865379333496, 0.5379424095153809, 0.5348876118659973, 0.5318205952644348, 0.5287410020828247, 0.5256507992744446, 0.5225476026535034, 0.5194333791732788, 0.5163074135780334, 0.5131726264953613, 0.5100269913673401, 0.5068705081939697, 0.5036979913711548], "loss": [1.0356152057647705, 1.018410086631775, 1.0014761686325073, 0.9850708246231079, 0.9693894982337952, 0.9544098973274231, 0.9396205544471741, 0.9256903529167175, 0.9119983911514282, 0.8997592926025391, 0.886820912361145, 0.8753377199172974, 0.8638454079627991, 0.8527854681015015, 0.8421023488044739, 0.8326332569122314, 0.8228449821472168, 0.8138694167137146, 0.805366039276123, 0.7967193126678467, 0.788695216178894, 0.7812039256095886, 0.7737001776695251, 0.7669863104820251, 0.7598811388015747, 0.7532141208648682, 0.7469939589500427, 0.7425530552864075, 0.7348434329032898, 0.7300019264221191, 0.723102331161499, 0.7204681634902954, 0.714481770992279, 0.7089464068412781, 0.7052866816520691, 0.7008557915687561, 0.6974168419837952, 0.6922673583030701, 0.6889987587928772, 0.6835616827011108, 0.6813393831253052, 0.6768479347229004, 0.6730840802192688, 0.6684909462928772, 0.6674056053161621, 0.6627051830291748, 0.6595460176467896, 0.6562054753303528, 0.6525062322616577, 0.6493821144104004, 0.6467786431312561, 0.6433769464492798, 0.6393529772758484, 0.6369732618331909, 0.63238525390625, 0.6304655075073242, 0.6300452351570129, 0.6241629123687744, 0.6196653842926025, 0.6199800372123718, 0.6159680485725403, 0.6135101318359375, 0.6095676422119141, 0.6062199473381042, 0.6027299165725708, 0.6031088829040527, 0.5984567403793335, 0.5965162515640259, 0.5901482701301575, 0.5894649624824524, 0.5869643092155457, 0.5823370814323425, 0.579670250415802, 0.5767885446548462, 0.5747095942497253, 0.5711656212806702, 0.5678017139434814, 0.5653661489486694, 0.5624757409095764, 0.5589723587036133, 0.5535415410995483, 0.5529569983482361, 0.5496380925178528, 0.5474121570587158, 0.5457683205604553, 0.5390431880950928, 0.5376753807067871, 0.5331192016601562, 0.5312302112579346, 0.5284733176231384, 0.5270779728889465, 0.5229045748710632, 0.5175014138221741, 0.5191003680229187, 0.5125852823257446, 0.5117667317390442, 0.5057069063186646, 0.5041241645812988, 0.5003255009651184, 0.4959280788898468]}