{"val_loss": [1.2930421829223633, 1.28151273727417, 1.2682452201843262, 1.2551511526107788, 1.2422252893447876, 1.2294719219207764, 1.2168914079666138, 1.2046575546264648, 1.1924189329147339, 1.1803498268127441, 1.1684366464614868, 1.156677007675171, 1.1450719833374023, 1.133619785308838, 1.122316837310791, 1.111159324645996, 1.100142002105713, 1.089163064956665, 1.0784099102020264, 1.0677677392959595, 1.0571324825286865, 1.0467360019683838, 1.036339282989502, 1.0260404348373413, 1.0158418416976929, 1.005860686302185, 0.9958716630935669, 0.9859936237335205, 0.9762207269668579, 0.966553807258606], "loss": [1.3058319091796875, 1.2922085523605347, 1.2806556224822998, 1.267455816268921, 1.2544232606887817, 1.2413643598556519, 1.2285757064819336, 1.2159547805786133, 1.203993797302246, 1.191697597503662, 1.1795382499694824, 1.167464256286621, 1.1552809476852417, 1.143786907196045, 1.132683515548706, 1.1210838556289673, 1.1096407175064087, 1.0987944602966309, 1.08699369430542, 1.076641321182251, 1.0657498836517334, 1.054924488067627, 1.044914960861206, 1.0336828231811523, 1.0231810808181763, 1.0130971670150757, 1.0021157264709473, 0.9935052394866943, 0.9812741279602051, 0.9730653166770935]}