{"val_loss": [1.4776380062103271, 1.4579695463180542, 1.438601016998291, 1.4195432662963867, 1.4007774591445923, 1.3823078870773315, 1.364134669303894, 1.3462622165679932, 1.328676462173462, 1.3113691806793213, 1.2943514585494995, 1.2776083946228027, 1.2610912322998047, 1.2448222637176514, 1.2287929058074951, 1.2131377458572388, 1.1977434158325195, 1.182468056678772, 1.1675859689712524, 1.1527955532073975, 1.138232707977295, 1.123900055885315, 1.109782099723816, 1.0958846807479858, 1.08221435546875, 1.0687602758407593, 1.055507779121399, 1.042457938194275, 1.0296064615249634, 1.016945719718933], "loss": [1.477905035018921, 1.4576115608215332, 1.438441514968872, 1.418554663658142, 1.397984504699707, 1.3774969577789307, 1.3582627773284912, 1.3433603048324585, 1.3247461318969727, 1.3040440082550049, 1.2904202938079834, 1.2702816724777222, 1.2553684711456299, 1.237029790878296, 1.2188853025436401, 1.206200361251831, 1.1877822875976562, 1.1747043132781982, 1.157626986503601, 1.1403251886367798, 1.1254533529281616, 1.1089080572128296, 1.0939486026763916, 1.0749895572662354, 1.0627657175064087, 1.0509015321731567, 1.0320671796798706, 1.0264674425125122, 1.0060144662857056, 0.9989911317825317]}