{"val_loss": [1.0375577183656914, 0.858374745346779, 0.7422699221344882, 0.6601833742718364, 0.5933607775111531, 0.5315034292465033, 0.46964108666708304, 0.4078132745831512, 0.34904774053152215, 0.29690359359563784, 0.2536162678585496, 0.21915036128010862, 0.19282566600067672, 0.17304866362449733, 0.15805022626422172, 0.14669308204983555, 0.13799568421618882, 0.13121335658916208, 0.1258716541667317, 0.12158809359683546, 0.11809856357962586, 0.11521443464728288, 0.11280805080435997, 0.11077034785303959, 0.10896977089172186, 0.10744387015353801, 0.10602396033531011, 0.10473076202148615, 0.10362282291401265, 0.10257777831582136, 0.10154935111140095, 0.10052128014869469, 0.09958931769049445, 0.09872683206962984, 0.09794522042191306, 0.09717691984287528, 0.0964006802370382, 0.09565865231114765, 0.09500507126713909, 0.09433788927488548, 0.09372636710488519, 0.09320359087960664, 0.0926498469225196, 0.09202531829129817, 0.09146275284678437, 0.09096987406874812, 0.09039853132048319, 0.08989937620800595, 0.08942284556322319, 0.0888610253500384, 0.08837004075216692, 0.08790944932505142, 0.08744964973871099, 0.08698576983324317, 0.08659988503123439, 0.08622449393882307, 0.0857726113740788, 0.0854573916903762, 0.08502505303815354, 0.08460417424523553, 0.08430249018724574, 0.08394928519115892, 0.08363377285558124, 0.08322014919547148, 0.0829222476066545, 0.08253518301387165, 0.08226804019406785, 0.08184301541295162, 0.0815545467789783, 0.08130048908466517, 0.08095956437809523, 0.08064075836608577, 0.08047615546126698, 0.08019378157549126, 0.07986419457335804, 0.07961720799983935, 0.07933058173850525, 0.07908849764701932, 0.07882707999196163, 0.07851486289223959, 0.07825969159603119, 0.07806405563687169, 0.07781804404979528, 0.07762522960818091, 0.07739145845867866, 0.07727208335039228, 0.07710097210351811, 0.0769064360579779, 0.07671369057755138, 0.07645288473644922, 0.07621070326760758, 0.0760009236807047, 0.075829942559087, 0.07562219212914623, 0.07545014124277026, 0.07528610978015633, 0.07511301373326501, 0.07496641541636268, 0.0747094847435175, 0.07460632539072702], "loss": [1.1756453708160755, 0.9447630269582882, 0.7962558186331461, 0.6973636455314104, 0.6202335468558378, 0.5577899273051772, 0.48980276113332705, 0.4331604103709376, 0.3834904827350794, 0.3335836675277976, 0.28358260490173515, 0.25239435288795203, 0.2175171125766843, 0.19475590073785118, 0.18160507152246874, 0.16360831295335015, 0.1512909704862639, 0.14182993215183878, 0.13641791392204372, 0.13103317382723786, 0.1237273647688156, 0.1190717889125957, 0.11773367936528006, 0.11452259816402613, 0.11305504274922748, 0.111128153842549, 0.10785914593657782, 0.10764198750257492, 0.10692803111187248, 0.10325832924870558, 0.10245206882787306, 0.1016365296618883, 0.1002523361943489, 0.09878020057844561, 0.09840186667996784, 0.09760916978120804, 0.09635650591794835, 0.09579434211170951, 0.09475780694290649, 0.0935707688331604, 0.09328012029791988, 0.093872835816339, 0.09262547590011774, 0.09103429282820502, 0.09118657212617785, 0.09089600935924885, 0.08908125480940175, 0.09041716331659361, 0.08955370756082756, 0.0873928932949554, 0.08726373626742252, 0.08636972550735918, 0.08639809801134953, 0.08689098250727322, 0.0862639362728873, 0.08561608628478161, 0.08447555573873741, 0.08505209448725679, 0.0830457515494768, 0.08388185812983402, 0.08316439702067265, 0.08318628214819487, 0.08229208425727001, 0.08190320588128511, 0.0814441463281942, 0.08098120432953503, 0.08098814411218776, 0.0799477117699246, 0.07992538168679836, 0.0796312422946442, 0.07886885314486748, 0.07921442666719127, 0.07905224849318349, 0.07802691865105961, 0.07745999392381935, 0.07752462459164997, 0.07711242052704789, 0.07723016586414604, 0.07661221418962923, 0.07577511598897535, 0.07553989145644875, 0.07585377921891767, 0.07520874572354694, 0.07475027805844019, 0.07519370802613191, 0.0744865084456843, 0.07587317360001941, 0.07472816906696142, 0.07450522984876189, 0.07332851200602776, 0.07365321974421657, 0.07325319426004277, 0.07348664312861687, 0.072110420049623, 0.07356351717960002, 0.07252013804607613, 0.07294604043627895, 0.07227223990268486, 0.07194654193035392, 0.07184182055467783]}