{"val_loss": [0.5063446760177612, 0.44363483573709217, 0.3562815125499453, 0.2531043951000486, 0.16588963834302767, 0.11055095121264458, 0.0798549699996199, 0.06254009277160678, 0.05234779816653047, 0.04580975057823317, 0.04138028847851923, 0.03828265784042222, 0.03611595482964601, 0.03451584738546184, 0.033325734947408946, 0.03239905568105834, 0.031680651541267126, 0.0311113736326141, 0.03064524768186467, 0.03026378607111318, 0.029946763001914536, 0.029677860704915866, 0.02944959733369095, 0.029257637980793203, 0.02909117684300457, 0.028940841954733645, 0.028809881902166774, 0.028689566733581678, 0.028584069771958247, 0.028484462494296686, 0.028393871683095182, 0.02830879549895014, 0.028228131921163628, 0.02815171331167221, 0.02807944593951106, 0.028008805720933845, 0.02794381164546524, 0.02787650769044246, 0.02781189465895295, 0.027746371193123714, 0.027685522634003843, 0.02762342184515936, 0.027563678233751228, 0.027503187568592175, 0.027443506488842622, 0.02738642060597028, 0.027329389737652882, 0.027270211838185787, 0.02721434718530093, 0.0271597383543849, 0.027103462056922063, 0.027053830546459982, 0.027001097665301392, 0.026942329813859293, 0.026889950835279057, 0.0268371894822589, 0.026782357932201455, 0.02673016076109239, 0.026675918072994267, 0.02662416853542839, 0.026572043408772776, 0.026524276871766363, 0.026470486274255172, 0.026423430735511438, 0.02637728862464428, 0.026326031956289495, 0.026278327152665173, 0.026222954903330122, 0.026184401607939174, 0.02612683579458722, 0.026078802101047977, 0.02603069443388709, 0.025986105436459184, 0.025939987174102237, 0.02589008621206241, 0.025843487054641758, 0.02579841998937939, 0.025756769946643283, 0.02571193637725498, 0.025670324319175312, 0.025628445270870413, 0.02558412203299148, 0.02554524510300585, 0.02549182696800147, 0.025456744013354182, 0.025416660122573376, 0.02537208196840116, 0.025334358913823962, 0.025293010785909637, 0.025255779003990547, 0.025209453089960983, 0.025172314972483685, 0.025133077720446245, 0.025095338134893348, 0.025061928534082005, 0.025021233329815522, 0.02498139494231769, 0.024948594393208623, 0.024906153857175792, 0.02487141023656087], "loss": [0.5402277367455619, 0.4729115888476372, 0.3988045443381582, 0.30981446376868654, 0.21492355476532662, 0.1448422662381615, 0.10154144199831146, 0.07714142597147397, 0.060582192215536325, 0.05082975274750164, 0.04502450555030789, 0.04053968630198922, 0.03672989916854671, 0.035287381815058846, 0.03293985367885658, 0.032088148540684154, 0.03063418802672199, 0.030103522885058607, 0.029322372283786535, 0.02875221866582121, 0.028597545211336443, 0.027997542039624283, 0.02780791568303747, 0.027362323765243803, 0.027216134858982905, 0.02702189895457455, 0.026957169906901463, 0.026641939700181996, 0.026483265882624046, 0.026387838181108236, 0.026264242628323182, 0.0261882519615548, 0.026093629521450827, 0.02590502512508205, 0.02590782873864685, 0.025770289224705527, 0.02579983599883105, 0.025720885089997734, 0.025552210797156607, 0.025386290425168618, 0.02537377125450543, 0.025257029371070012, 0.025203361309000423, 0.02515503597844924, 0.025087928266397545, 0.025020989256777933, 0.024946206781480993, 0.02485972104061927, 0.02481407326247011, 0.024806986962045943, 0.024665583789880787, 0.024761111409004246, 0.024700298572757413, 0.024505002058244178, 0.024501769869987453, 0.02445484890735575, 0.024349798248814686, 0.024317458870687654, 0.02428567482690726, 0.024174898929361786, 0.024144572471933707, 0.02412499114871025, 0.02402095716180546, 0.02399856397616012, 0.02403648181020149, 0.0238859080709517, 0.023876559787562916, 0.023695917800068855, 0.02386104335476245, 0.023611656622961164, 0.02355690998956561, 0.023530033317261508, 0.023553267287622606, 0.023472732032782266, 0.023371791200978414, 0.02334225084632635, 0.023293563098247563, 0.02326381765305996, 0.02321672748907336, 0.02318838398371424, 0.023182470916903446, 0.023124553496018052, 0.02308833472696798, 0.02291325486398169, 0.02297004618282829, 0.02290488626541836, 0.02282552870123514, 0.022879762708076408, 0.022781279802854573, 0.022784341126680374, 0.022606877011380026, 0.022698300424963236, 0.022625911348898495, 0.022574666122506772, 0.02255615242756903, 0.022491725095148598, 0.022440905815788677, 0.022417557525581548, 0.02236092523006456, 0.022303315212151835]}