{"val_loss": [1.8228927823000176, 0.8535572789436163, 0.37811939383662024, 0.1755961540133454, 0.0987634450890297, 0.0712483310422232, 0.06094201532907264, 0.0565841558367707, 0.05460527080089547, 0.053737691668576976, 0.053391340253658076, 0.053264766065187236, 0.053219984350509425, 0.05320329132468202, 0.05319623189956643, 0.053192711500234385, 0.05319067376644113, 0.05318938481599786, 0.053188542900390406, 0.05318798410684564, 0.05318761530310609, 0.05318737315923669, 0.053187212971753856, 0.0531871086636255, 0.053187041608400126, 0.053186996904916545, 0.05318696710259416, 0.053186948476142665, 0.05318693357498147, 0.053186926124400874, 0.053186922399110576, 0.053186922399110576, 0.05318691494852998, 0.05318691494852998, 0.05318691122323968, 0.05318691122323968, 0.05318691122323968, 0.05318691122323968, 0.05318691494852998, 0.05318691494852998, 0.05318691122323968, 0.05318691122323968, 0.05318691122323968, 0.05318691122323968, 0.05318691122323968, 0.05318691122323968, 0.05318691494852998, 0.05318691122323968, 0.05318691494852998, 0.05318691494852998, 0.05318691122323968, 0.05318691494852998, 0.05318691494852998, 0.05318691494852998, 0.05318691494852998, 0.05318691494852998, 0.05318691494852998, 0.05318691494852998, 0.05318691494852998, 0.05318691494852998, 0.05318691494852998, 0.05318691494852998, 0.05318691494852998, 0.05318691494852998, 0.05318691494852998, 0.05318691494852998, 0.05318691494852998, 0.05318691494852998, 0.05318691494852998, 0.05318691867382028, 0.05318691494852998, 0.05318691494852998, 0.05318691494852998, 0.05318691494852998, 0.05318691867382028, 0.05318691867382028, 0.05318691867382028, 0.05318691867382028, 0.053186922399110576, 0.05318691867382028, 0.053186922399110576, 0.05318691867382028, 0.05318691867382028, 0.05318691867382028, 0.053186922399110576, 0.053186922399110576, 0.053186926124400874, 0.05318692984969117, 0.053186922399110576, 0.053186922399110576, 0.053186926124400874, 0.05318692984969117, 0.053186926124400874, 0.05318692984969117, 0.05318692984969117, 0.053186926124400874, 0.05318692984969117, 0.05318693357498147, 0.05318693730027177, 0.05318692984969117], "loss": [2.840041676232981, 1.3347395686216132, 0.6051668316818947, 0.2666367638942807, 0.12892067796269127, 0.078093720210153, 0.05975374596756558, 0.05258077244425929, 0.04943885307672412, 0.04802064814193304, 0.0474191966444947, 0.04718738283182299, 0.04710415300241737, 0.04707434574185416, 0.04706275281171466, 0.04705753896472066, 0.04705477679191634, 0.047053107948497284, 0.047052031079697056, 0.04705132102203924, 0.04705085588055988, 0.04705054763444634, 0.047050347508386124, 0.047050211751876875, 0.04705012676327727, 0.04705007062401882, 0.04705003111861473, 0.0470500067742758, 0.047049990486960076, 0.047049980610609055, 0.04704997194714324, 0.04704997021445008, 0.04704996692233308, 0.04704996389012004, 0.04704996345694675, 0.047049960771272346, 0.04704996120444564, 0.047049961464349616, 0.04704996207079222, 0.04704996389012004, 0.04704996380348538, 0.047049960078195084, 0.04704996103117632, 0.04704996354358141, 0.047049961117810984, 0.04704996120444564, 0.047049960424733715, 0.04704996250396551, 0.047049962677234825, 0.04704996215742688, 0.04704996285050414, 0.04704996345694675, 0.04704996380348538, 0.04704996423665867, 0.04704996389012004, 0.04704996389012004, 0.04704996380348538, 0.047049964496562645, 0.047049964063389356, 0.047049963716850725, 0.047049965103005256, 0.04704996380348538, 0.047049964150024014, 0.04704996380348538, 0.047049964150024014, 0.04704996475646662, 0.04704996354358141, 0.047049963370312094, 0.047049964496562645, 0.04704996527627457, 0.04704996787531431, 0.04704996544954389, 0.04704996544954389, 0.047049964496562645, 0.047049965536178545, 0.04704996614262115, 0.047049967788679654, 0.04704996614262115, 0.047049969174834186, 0.04704997047435406, 0.0470499693481035, 0.04704996891493021, 0.04704997134070064, 0.04704997012781542, 0.04704997012781542, 0.04704997125406598, 0.04704997393974038, 0.04704997463281765, 0.04704997532589491, 0.047049972900124484, 0.047049973679836404, 0.047049976971953414, 0.04704997714522273, 0.047049978358107945, 0.047049978011569314, 0.04704997532589491, 0.04704997558579888, 0.047049978011569314, 0.04704997965762781, 0.04704998078387837]}