{"val_loss": [4.579885482788086, 4.32843542098999, 4.026416301727295, 3.595492124557495, 3.2394556999206543, 3.0411925315856934, 2.8582727909088135, 2.683898448944092, 2.5179221630096436, 2.3601739406585693, 2.210458755493164, 2.0685508251190186, 1.9342145919799805, 1.8072110414505005, 1.687272310256958, 1.5741528272628784, 1.467578411102295, 1.367297887802124, 1.273045301437378, 1.1845581531524658, 1.1015852689743042, 1.0238678455352783, 0.9511544108390808, 0.8832014203071594, 0.8197623491287231, 0.760604202747345, 0.705492377281189, 0.6542029976844788, 0.6065210103988647, 0.5622343420982361, 0.5211431384086609, 0.48305171728134155, 0.4477728009223938, 0.41512832045555115, 0.3849475681781769, 0.3570656478404999, 0.33132806420326233, 0.30758681893348694, 0.28570133447647095, 0.2655385136604309, 0.24697211384773254, 0.22988417744636536, 0.2141626626253128, 0.19970306754112244, 0.18640656769275665, 0.1741815060377121, 0.16294151544570923, 0.15260639786720276, 0.14310181140899658, 0.13435783982276917, 0.1263102889060974, 0.11889933794736862, 0.11206966638565063, 0.10577087104320526, 0.09995580464601517, 0.09458161145448685, 0.08960876613855362, 0.08500110357999802, 0.08072570711374283, 0.07675261050462723, 0.07305417954921722, 0.06960534304380417, 0.06638390570878983, 0.06336917728185654, 0.06054271012544632, 0.057887736707925797, 0.05538923293352127, 0.053033631294965744, 0.05080877244472504, 0.04870373755693436, 0.04670870304107666, 0.04481489211320877, 0.043014515191316605, 0.04130048304796219, 0.03966657072305679, 0.03810715302824974, 0.036617252975702286, 0.0351923443377018, 0.03382844850420952, 0.032521940767765045, 0.031269658356904984, 0.03006865829229355, 0.02891627885401249, 0.027810178697109222, 0.026748208329081535, 0.025728385895490646, 0.024748869240283966, 0.023808035999536514, 0.02290431410074234, 0.022036198526620865, 0.021202461794018745, 0.020401760935783386, 0.01963292621076107, 0.018894830718636513, 0.018186327069997787, 0.017506420612335205, 0.016854096204042435, 0.01622837781906128, 0.015628332272171974, 0.015053054317831993], "loss": [4.820905685424805, 4.542617321014404, 4.221668720245361, 3.8493974208831787, 3.486661672592163, 3.248598575592041, 3.0563156604766846, 2.873401641845703, 2.6990272998809814, 2.533051013946533, 2.375302791595459, 2.225587844848633, 2.0836799144744873, 1.9493435621261597, 1.8223400115966797, 1.7024012804031372, 1.589281678199768, 1.4827073812484741, 1.3824268579483032, 1.2881742715835571, 1.199687123298645, 1.1167142391204834, 1.038996696472168, 0.96628338098526, 0.8983303904533386, 0.8348913192749023, 0.7757331728935242, 0.7206213474273682, 0.6693320274353027, 0.621649980545044, 0.5773633718490601, 0.5362721681594849, 0.4981807470321655, 0.4629018306732178, 0.43025729060173035, 0.4000765383243561, 0.3721946179866791, 0.34645703434944153, 0.32271578907966614, 0.30083030462265015, 0.2806674838066101, 0.26210108399391174, 0.24501314759254456, 0.229291632771492, 0.21483203768730164, 0.20153553783893585, 0.1893104761838913, 0.17807048559188843, 0.16773536801338196, 0.15823078155517578, 0.14948680996894836, 0.1414392739534378, 0.13402831554412842, 0.12719865143299103, 0.12089984863996506, 0.11508478224277496, 0.10971058160066605, 0.10473774373531342, 0.10013008117675781, 0.09585469216108322, 0.09188158810138702, 0.08818315714597702, 0.08473432064056396, 0.08151287585496902, 0.07849815487861633, 0.07567168027162552, 0.0730167105793953, 0.07051821053028107, 0.06816260516643524, 0.06593775004148483, 0.06383270770311356, 0.061837680637836456, 0.05994386970996857, 0.0581434965133667, 0.056429460644721985, 0.05479554831981659, 0.05323613062500954, 0.05174623057246208, 0.050321321934461594, 0.048957426100969315, 0.04765091836452484, 0.04639863595366478, 0.045197635889053345, 0.044045254588127136, 0.04293915256857872, 0.04187718406319618, 0.04085736349225044, 0.039877843111753464, 0.03893700987100601, 0.03803328797221184, 0.03716517612338066, 0.036331433802843094, 0.03553073853254318, 0.03476190194487572, 0.03402380645275116, 0.033315304666757584, 0.0326354019343853, 0.03198307380080223, 0.031357359141111374, 0.03075730800628662]}