{"val_loss": [1.1197630592159458, 0.7054013518186716, 0.5753645671831145, 0.5025166193922083, 0.4668133786091438, 0.43690972603284395, 0.4003690506194855, 0.35633263012745997, 0.3080131588699101, 0.2612177910921457, 0.21992578393929488, 0.18489788858206957, 0.15901045407448616, 0.1386042931279936, 0.12357743855539735, 0.11160997806729137, 0.10300248611223448, 0.09660263838884714, 0.09120946690127567, 0.08691745089901078, 0.08317417427376433, 0.0802155886809309, 0.07800598901051742, 0.07591525949798264, 0.07398596666492782, 0.07215482684282157, 0.07087603596957413, 0.06913933157920837, 0.06779605108541209, 0.06668359942577935, 0.06539034978909926, 0.0640680526311581, 0.06317986089449662, 0.06201860569156967, 0.06093672355571827, 0.059917400063543055, 0.059052366945710213, 0.05810042733808497, 0.05742339435574058, 0.05644725304800314, 0.05570362193080095, 0.05479051646861163, 0.054279383037473775, 0.053177409733717255, 0.052678835141908874, 0.052069446527874555, 0.051436889734301536, 0.0507139073802041, 0.05012804173402019, 0.04941381665168108, 0.04872664819647382, 0.048241458181943093, 0.04763814817358564, 0.046942637126137325, 0.04663300201609418, 0.04586419478788242, 0.0455933378397168, 0.04491168148555122, 0.044357330284335396, 0.04400604301607692, 0.0434952701305176, 0.043284719432150565, 0.04267044730119772, 0.04228309581017161, 0.04188279901351129, 0.041592035937559356, 0.040884600496375476, 0.040526700394970555, 0.04022173893514213, 0.03958073612693307, 0.039393536798603884, 0.038930051471595166, 0.03869719219791306, 0.03830697580234154, 0.037961750571335946, 0.03773838896434624, 0.03731077523915084, 0.03700436735069835, 0.03677528799622209, 0.036258202645328495, 0.03622387214140459, 0.035784263085652065, 0.03540113781924014, 0.035188292107590426, 0.034810083416792065, 0.03456478302816411, 0.03425814638604651, 0.034027636389840736, 0.033763364530526675, 0.033447667539536534, 0.03322569015142801, 0.03305151240600573, 0.0328455960729739, 0.032513129023405224, 0.03237630393017422, 0.032186105560797915, 0.031802970316860225, 0.0316672172475528, 0.03149237913581041, 0.03109255560732388], "loss": [1.9075315462063291, 0.8978023020482268, 0.6448113456729052, 0.5409762938910402, 0.4853361993911767, 0.453194178262788, 0.418857271786689, 0.3767826391746065, 0.3288901039485723, 0.27900131071200135, 0.23393171264918683, 0.19624817231779076, 0.16619404980579827, 0.14397129186143362, 0.1266690233924443, 0.11401743978657451, 0.10417997678865408, 0.09748729611517953, 0.09194179495198944, 0.08724594732730487, 0.0835755938645176, 0.08036536271454858, 0.07791120556069016, 0.07568844465959082, 0.07413151368184726, 0.07219789009672138, 0.07068819638740076, 0.06915705039178273, 0.06776357709105177, 0.06655979852114312, 0.06530252935409918, 0.0641759614242789, 0.06302913274269938, 0.06204928329198459, 0.06086081751476127, 0.05993260500791201, 0.05899313506928391, 0.057934825322434456, 0.05732501446502829, 0.05660528898425255, 0.05568903018077028, 0.054758608352849486, 0.05406403351665288, 0.053244044179799124, 0.05242365687666788, 0.05214605211723046, 0.051247443204089874, 0.05064798818259943, 0.05010601819713166, 0.04944634401500458, 0.04871454957660337, 0.04821340970049418, 0.04751700039874474, 0.04665465442686226, 0.046442520318321655, 0.04584198566640754, 0.04530326183958039, 0.044939761058042794, 0.04425073235319705, 0.04370311253313717, 0.043397457692932094, 0.04304218559491737, 0.042566627130249717, 0.04209816554135219, 0.04152319798424875, 0.04145796079650975, 0.04094618612974533, 0.04043500212069883, 0.040086357933552724, 0.03939565670131986, 0.03911315217020919, 0.038830203797368686, 0.038510557109959695, 0.03814587109866876, 0.03786945675705486, 0.03740086371572012, 0.03733263053668839, 0.03680079453606609, 0.03656702645989622, 0.03610280651968499, 0.03598036750232122, 0.03561083482728165, 0.03518740152598451, 0.03504933499142958, 0.034850983380992184, 0.03454320062356103, 0.0340258188365401, 0.03367053316927905, 0.03360917712332773, 0.03327499446368236, 0.03306621353517837, 0.03297846210330934, 0.032600209567692946, 0.032496992233998136, 0.03222595895644187, 0.03216938594476866, 0.03178615766307695, 0.03160564109950583, 0.03141690091107108, 0.031048043044305796]}