{"val_loss": [0.5007042927401406, 0.385173248393195, 0.2352492128099714, 0.12683651436652457, 0.07912993031953063, 0.057975021723125665, 0.047252051665314605, 0.04117600420223815, 0.03738893980958632, 0.03497204730021102, 0.03329398895480803, 0.032116063205259185, 0.031242436795894588, 0.030586043372750282, 0.030081040292446102, 0.029676198161074092, 0.02935439707445247, 0.02908557520381042, 0.028862119186669588, 0.02867127668910793, 0.028502905874380043, 0.028353257636938776, 0.028219290476824557, 0.02809571474790573, 0.027981869144631282, 0.027875134122690985, 0.027775132030780827, 0.027678510107632195, 0.027586710040590594, 0.02749815263918468, 0.027412193827331066, 0.027328409387597015, 0.027246772311627865, 0.027167147225035087, 0.027089065739086697, 0.027012495922722986, 0.02693716928895031, 0.026862852408417633, 0.02678961559597935, 0.026717170141637325, 0.026646123999463662, 0.026575819057013308, 0.026506461801805666, 0.026438093544649228, 0.026369911951145956, 0.02630294972498502, 0.02623684611171484, 0.02617154410108924, 0.026107013558170626, 0.02604265703952738, 0.025979240757546256, 0.02591651418645467, 0.025854748939829215, 0.02579356117972306, 0.025733054349465028, 0.02567355487761753, 0.025614361744374037, 0.02555580803060106, 0.02549835617121841, 0.025441626752061502, 0.025385077111423016, 0.025329603780327097, 0.025274588593414853, 0.025220554255481278, 0.025166865837361132, 0.025113919018102542, 0.02506131386118276, 0.0250103100801685, 0.024960108999429003, 0.024909809797203968, 0.024860323473278965, 0.024811520440770046, 0.024763126026040742, 0.024715623685291836, 0.024668939677732333, 0.024623134373021976, 0.02457752880374236, 0.02453259112579482, 0.024488540033676794, 0.024445059476420283, 0.024402543835874115, 0.02436039224267006, 0.024319531628862023, 0.024277858569153717, 0.024237657165420905, 0.02419788995757699, 0.024158811130161797, 0.02411998442507216, 0.024083312567589537, 0.024046035383694937, 0.02400911902077496, 0.023972700715863278, 0.023937857676563517, 0.023902969168765203, 0.02386767024706517, 0.02383502759039402, 0.02380053173484547, 0.023768882134131024, 0.023737079796514342, 0.023705352330580354], "loss": [0.5628713858979089, 0.44659276625939776, 0.31368308301482883, 0.1775269183729376, 0.0994988384523562, 0.06631201532270227, 0.05025026494903224, 0.041608472620802264, 0.03657325942601476, 0.03345011168026498, 0.03138900761093412, 0.029915648446019207, 0.02890436810308269, 0.028118298655109748, 0.02753185886623604, 0.027049037095691477, 0.026659911165812185, 0.02637896254392607, 0.026097800050462996, 0.025877743227673427, 0.02572731620499066, 0.02553413948044181, 0.025385227453495775, 0.025266553341810192, 0.025150754023343325, 0.02502580888436309, 0.02493417865064527, 0.02484810199322445, 0.024733607856822864, 0.02465261465736798, 0.024578483908304145, 0.02449303393119148, 0.024388515057840517, 0.024304729121338044, 0.02422519660155688, 0.024149971016283547, 0.024078072580908026, 0.02401564210387213, 0.023941507562994957, 0.02384286856145731, 0.02378406425538872, 0.02372055919840932, 0.02363525876509292, 0.023585263772734573, 0.023494805941092118, 0.023417218388723477, 0.023372880582298552, 0.023307833754058396, 0.02324465915028538, 0.023174392458583628, 0.02311843733436295, 0.023038237588480115, 0.02297616600325065, 0.022931710351258516, 0.022860772807949355, 0.022809403715655208, 0.02273825862045799, 0.02266518592036196, 0.022630279351558005, 0.022572383284568787, 0.02249796741775104, 0.022467912008453692, 0.022393821206476008, 0.022357810155621598, 0.022285421112818376, 0.022236346067594632, 0.022172208476279463, 0.022127456031739712, 0.02208480761120362, 0.022029132083324448, 0.02197871303984097, 0.021932845802179406, 0.021886010421440005, 0.021829934757468954, 0.02179373604511576, 0.021741906413808465, 0.02170013722830585, 0.021649330654846772, 0.021605907107836435, 0.0215623435298247, 0.021532184344583323, 0.021478484185146435, 0.021439583972096443, 0.021395751774044975, 0.02135629579424858, 0.021310635010844896, 0.021275841930348958, 0.021231244318187237, 0.021208242180624177, 0.021169250199039067, 0.02113453791077648, 0.021085703180038502, 0.02105519667799984, 0.0210205146244594, 0.020987025827967694, 0.020951025753415058, 0.0209107374040676, 0.020895763965589658, 0.020858261501416564, 0.02083326773052769]}