{"val_loss": [0.3005183872273972, 0.08035332090907739, 0.06645384848054621, 0.06399264247062857, 0.06333114690328075, 0.0631695552546361, 0.06309035091343893, 0.06306254055078436, 0.06305198483998677, 0.0630359584475499, 0.06302216604020158, 0.06302103329912097, 0.0630207505563031, 0.06302064599534486, 0.06302060350017229, 0.06302058639070009, 0.06302057894011949, 0.0630205759061609, 0.0630205736978499, 0.0630205759061609, 0.0630205736978499, 0.0630205736978499, 0.0630205736978499, 0.0630205736978499, 0.0630205736978499, 0.06302057357143497, 0.0630205736978499, 0.0630205736978499, 0.06302057344502002, 0.06302057344502002, 0.06302057344502002, 0.06302057344502002, 0.06302058834618121, 0.06302057331860508, 0.06302057319219014, 0.06302059800507281, 0.0630205860786132, 0.0630205786280326, 0.06302057288010325, 0.06302057325934808, 0.06302057325934808, 0.06302057546765907, 0.06302057546765907, 0.06302057521482919, 0.06302058752843456, 0.06302057445633955, 0.06302057432992461, 0.06302057395067978, 0.06302058102201556, 0.06302057830804479, 0.06302057818162984, 0.06302057887296156, 0.06302058764694857, 0.06302058839753728, 0.06290093190723108, 0.06288943566137002, 0.0628889155112926, 0.06288893866497916, 0.06293815588094649, 0.06293380802866637, 0.06293363142304303, 0.06293362397246244, 0.06293362397246244, 0.06293362176415145, 0.06293364411589324, 0.06293362397246244, 0.06293362176415145, 0.06293362397246244, 0.0629336290883171, 0.0629336216377365, 0.06293362176415145, 0.06293362151132156, 0.06293362125849168, 0.06293362125849168, 0.06293362870907228, 0.06293362125849168, 0.06293362125849168, 0.06293362346680267, 0.06293362650076127, 0.06293362125849168, 0.06293362125849168, 0.06293362125849168, 0.06293362125849168, 0.06293362346680267, 0.06293362125849168, 0.06293362346680267, 0.06293362125849168, 0.06293362125849168, 0.06293362125849168, 0.06293362870907228, 0.06293362346680267, 0.06293362125849168, 0.06293362125849168, 0.06293362125849168, 0.06293362125849168, 0.06293362125849168, 0.06293362125849168, 0.06293362346680267, 0.06293362125849168, 0.06293362346680267], "loss": [1.0560428947684368, 0.14461498935079778, 0.06602117305074365, 0.05957708310252915, 0.058164325263252444, 0.05774311276502346, 0.05755337239228276, 0.05750359646178, 0.05748541824606544, 0.057463971651055525, 0.057379820554942874, 0.05737458381205323, 0.05737398817250357, 0.0573738048984921, 0.057373734904119345, 0.0573737068400024, 0.05737369602362399, 0.05737368933153304, 0.05737368840317332, 0.05737368771974254, 0.05737368732074538, 0.057373687190379975, 0.05737368790936495, 0.05737368711927157, 0.05737368747481359, 0.057373686834837956, 0.057373686862491224, 0.05737368626597072, 0.0573736875696248, 0.0573736865188006, 0.057373686929649156, 0.05737368706001457, 0.05737368747876406, 0.0573736934795233, 0.057373686400286596, 0.05737368806738363, 0.0573736956048745, 0.05737369364544291, 0.05737368992805354, 0.05737368855724153, 0.05737368665311648, 0.05737368873896301, 0.05737368766838647, 0.05737369302917007, 0.05737369040210957, 0.057373692847448594, 0.05737368946189845, 0.05737369012952736, 0.0573736913778749, 0.057373691504289843, 0.05737369444343723, 0.05737369021643763, 0.05737370493982781, 0.057373707349612627, 0.0573172247430363, 0.057199403809527705, 0.057195547205709074, 0.057195394310788156, 0.05718573938150547, 0.05715585102584936, 0.057154478499328094, 0.05715442063288876, 0.05715441716437881, 0.05715441728289281, 0.05715441741720869, 0.057154428660237525, 0.05715441663501624, 0.057154416745629315, 0.05715442361154081, 0.057154418918386116, 0.05715441546567804, 0.05715441563159765, 0.057154415335312625, 0.05715441680883679, 0.05715444476234066, 0.05715441869715997, 0.05715441558419204, 0.05715441825075721, 0.05715441615305928, 0.05715442011932806, 0.0571544153985201, 0.05715441609775274, 0.05715441582122006, 0.057154416591561105, 0.05715441749621803, 0.05715442924490663, 0.05715441516544255, 0.05715441615305928, 0.05715441464398092, 0.05715441740930776, 0.05715441996525985, 0.057154417093270404, 0.057154415094334145, 0.0571544164967499, 0.057154415402470564, 0.05715441390129314, 0.05715441527605562, 0.05715442627020504, 0.057154415655300446, 0.05715441684044052]}