{"val_loss": [0.5113177640097482, 0.39321345516613554, 0.15564795157739095, 0.048905905070049424, 0.03406590103570904, 0.03019828542268702, 0.028020954557827542, 0.026538120649222816, 0.02546211618131825, 0.024681282229721546, 0.024113817273506095, 0.02370648375446243, 0.02337220567278564, 0.0231096545966076, 0.02287249213882855, 0.02269422705285251, 0.022545222558879426, 0.02242624370514282, 0.022323956114373038, 0.022235327001128877, 0.02215627264896674, 0.022088716006172553, 0.022030397418088148, 0.02198111149482429, 0.021941247529217174, 0.021906681458598802, 0.02186915185302496, 0.021836046362295747, 0.02181205409578979, 0.02178279177418777, 0.021755098132416606, 0.021730017449174608, 0.021714548646871532, 0.021695769391953945, 0.02167186071164906, 0.02165601622047169, 0.021635730617812703, 0.021618376286434277, 0.02160835518900837, 0.02158650942146778, 0.02157133135811559, 0.021557167039385865, 0.021538056699293002, 0.02152378684175866, 0.021507207470546876, 0.021494707591565593, 0.021483717519523843, 0.021470677939110568, 0.021459670571078147, 0.021445129698674594, 0.021438701377649392, 0.0214227610600314, 0.021413503913208842, 0.021397490220676576, 0.021384120619456683, 0.02137334641468312, 0.021358965463670238, 0.02134771555263017, 0.021345127939379642, 0.021333189015941962, 0.021320108490596925, 0.021321518379928812, 0.021309094736352563, 0.021298608775915846, 0.021288867740492736, 0.021275360769193088, 0.021269191688458835, 0.021258340117388537, 0.021257082865174328, 0.02124406959462379, 0.021232409435989603, 0.021225896098517945, 0.021218710113316774, 0.021209963098434464, 0.021208072314038873, 0.021200936254380003, 0.02118996001913079, 0.02119424583257309, 0.021195661442886506, 0.021176963545648114, 0.021167772855343565, 0.02116380076456283, 0.02115637280179986, 0.021157270530238748, 0.021148795760901912, 0.021147257016439523, 0.02113688620738685, 0.021138493404058472, 0.02112897046442543, 0.02112607325294188, 0.021135400315480574, 0.02112274111381599, 0.021116731754903282, 0.0211153946417783, 0.021107357860143696, 0.021100742409804037, 0.02109430164897016, 0.021092523554606096, 0.021090029140136073, 0.02109436777287296], "loss": [0.545059112565858, 0.4608508444258145, 0.31709913483687807, 0.18003232617463386, 0.11213929711708001, 0.09102980100682803, 0.0704648590513638, 0.05890562079314675, 0.04994234988199813, 0.04898455220141581, 0.04709087112652404, 0.03994618895064507, 0.0362689538991877, 0.03323537031454699, 0.028613310041172162, 0.028134383261203766, 0.027326838579028845, 0.02732742444745132, 0.02589505458516734, 0.02515063900500536, 0.023618835357150862, 0.024101496640858904, 0.0243557254517717, 0.023535421251186302, 0.022844925423019698, 0.02335230866447091, 0.022115255340135524, 0.02243888025571193, 0.022057934132005488, 0.02219568345961826, 0.021921852703339288, 0.021238910599744747, 0.021264210809022188, 0.02112071881336825, 0.020490959785612568, 0.02099221196424748, 0.021108839295006225, 0.02039795008022338, 0.020745937512921437, 0.020128177113032768, 0.020459231388356005, 0.020098193881234953, 0.02022441546432674, 0.019895236806145737, 0.020013428426214626, 0.020012445880898407, 0.019990609160491397, 0.01978740468621254, 0.019425674840541824, 0.019963371933304837, 0.01965804980136454, 0.019198987732774446, 0.01954852051234671, 0.019454163033515215, 0.019387238658964634, 0.019565760923017348, 0.018976591427677443, 0.019189237217817987, 0.019244943811957325, 0.019271388250802244, 0.019228297352258648, 0.01913033565506339, 0.019020453926974108, 0.01898954323093806, 0.018992411704467877, 0.018755098405693258, 0.01911466708406806, 0.01881395360188825, 0.019009553361684084, 0.019135483108194812, 0.018832303483837416, 0.018958244871880327, 0.018914670068105415, 0.018783482456845895, 0.01873493756699775, 0.018745480038757836, 0.01873867044092289, 0.01866112499763923, 0.018901834297659143, 0.018673833792230914, 0.01860107997033213, 0.018531124140801176, 0.018594848357939293, 0.018638149968215396, 0.018706453132576177, 0.0184328095721347, 0.01866183622873255, 0.018548750019233142, 0.01842892905031996, 0.018413771309756806, 0.018543439584651163, 0.018500674549224123, 0.01851461222395301, 0.018623102456331253, 0.01846496358380786, 0.01860223357964839, 0.018359744089788625, 0.018632209061511924, 0.01851518838001149, 0.01847869487080191]}