{"val_loss": [0.36533935368061066, 0.0416970388032496, 0.025266404463244335, 0.022459285500060235, 0.02167972084134817, 0.021370124238144075, 0.021225643244438937, 0.021151107237009064, 0.02110862036767815, 0.021081881763945733, 0.021063521737232804, 0.02105005694154118, 0.021039737554799234, 0.021031614958441684, 0.021025126167972173, 0.021019907967586602, 0.02101569506339729, 0.021012296534276435, 0.021009555518893257, 0.021007349149190953, 0.02100557670928538, 0.021004157174112543, 0.021003021293186715, 0.021002113719337752, 0.021001391545204178, 0.021000817850498215, 0.02100036183505186, 0.02100000048189291, 0.02099971443281642, 0.020999492911089743, 0.020999313232355883, 0.02099917519704572, 0.020999066697965776, 0.020998980550627624, 0.020998913694971373, 0.020998859146077718, 0.02099882036314479, 0.02099878723467035, 0.02099876162329955, 0.020998741865956357, 0.02099872922657856, 0.020998716786769882, 0.02099870620960636, 0.020998701619516526, 0.020998694568074176, 0.02099868977841522, 0.0209986884479544, 0.02099868518832539, 0.0209986821282655, 0.020998681729127253, 0.020998681196942925, 0.02099868079780468, 0.020998678136883036, 0.020998678136883036, 0.020998678136883036, 0.020998677737744793, 0.020998677737744793, 0.020998677737744793, 0.020998677737744793, 0.020998677737744793, 0.020998677737744793, 0.020998677737744793, 0.020998677737744793, 0.020998677737744793, 0.020998677737744793, 0.020998677737744793, 0.020998677737744793, 0.020998677737744793, 0.020998677737744793, 0.020998677737744793, 0.020998677737744793, 0.020998677737744793, 0.020998677737744793, 0.020998677737744793, 0.020998677737744793, 0.020998677737744793, 0.020998677737744793, 0.020998677737744793, 0.020998677737744793, 0.020998677737744793, 0.020998677737744793, 0.020998677737744793, 0.020998677737744793, 0.020998677737744793, 0.020998677737744793, 0.020998677737744793, 0.020998677737744793, 0.020998677737744793, 0.020998677737744793, 0.020998677737744793, 0.020998677737744793, 0.020998677737744793, 0.020998677737744793, 0.020998677737744793, 0.020998677737744793, 0.020998677737744793, 0.020998677737744793, 0.020998677737744793, 0.020998677737744793, 0.020998677737744793], "loss": [2.018700690141746, 0.12698896561882325, 0.028577774297446012, 0.020614710470129336, 0.01908323774114251, 0.01857489104648786, 0.0183571719597759, 0.018251092439251288, 0.01819397688710264, 0.018159954076898948, 0.018137658214462653, 0.018121857595230852, 0.018110013932787945, 0.0181008122329201, 0.018093513557687402, 0.01808766245708934, 0.018082948002432073, 0.018079142551869154, 0.01807607209775597, 0.018073598322059427, 0.018071609416178296, 0.01807001169904002, 0.01806873262726835, 0.01806771119923464, 0.018066897190042903, 0.018066249022792493, 0.01806573406793177, 0.018065326614305377, 0.01806500361167959, 0.01806474892821695, 0.01806454892669405, 0.018064389903364435, 0.018064265738108327, 0.01806416848142232, 0.01806409171383296, 0.018064032142449702, 0.018063985276967287, 0.018063949354525124, 0.018063920782878995, 0.01806389806526048, 0.018063880702746764, 0.01806386753118464, 0.018063857486205443, 0.018063849603225077, 0.018063843815720508, 0.018063837961692895, 0.018063834635540843, 0.018063831675265516, 0.0180638305942661, 0.018063827251483287, 0.018063827218221768, 0.01806382685234504, 0.018063826652775918, 0.018063823858808194, 0.018063823892069713, 0.01806382362597755, 0.018063823093793223, 0.018063823193577782, 0.018063823027270182, 0.01806382359271603, 0.01806382299400866, 0.018063823193577782, 0.018063823226839304, 0.018063823293362345, 0.018063823326623867, 0.018063823260100826, 0.018063823027270182, 0.018063823293362345, 0.018063823426408426, 0.01806382296074714, 0.018063823293362345, 0.018063823243470063, 0.018063823326623867, 0.01806382312705474, 0.018063823260100826, 0.018063823426408426, 0.018063823326623867, 0.018063823393146907, 0.018063823143685504, 0.018063823459669948, 0.018063823260100826, 0.018063823160316263, 0.018063823226839304, 0.018063823309993104, 0.018063823393146907, 0.018063823393146907, 0.018063823393146907, 0.018063823210208545, 0.018063823027270182, 0.018063823326623867, 0.018063823393146907, 0.018063823359885385, 0.01806382349293147, 0.018063823459669948, 0.018063823343254626, 0.018063823160316263, 0.01806382312705474, 0.018063823293362345, 0.018063823193577782, 0.018063823260100826]}