{"val_loss": [2.147878885269165, 2.059349536895752, 1.974094271659851, 1.8921124935150146, 1.813390851020813, 1.7378854751586914, 1.6655504703521729, 1.5963362455368042, 1.530174970626831, 1.4670069217681885, 1.4067511558532715, 1.3493292331695557, 1.2946561574935913, 1.2426451444625854, 1.1931993961334229, 1.1462217569351196, 1.1016054153442383, 1.0592304468154907, 1.0189708471298218, 0.9806968569755554, 0.9442633390426636, 0.909519612789154, 0.8763200044631958, 0.8444932103157043, 0.8138736486434937, 0.7842737436294556, 0.7555404305458069, 0.7275232076644897, 0.7000874280929565, 0.6731361150741577, 0.646596372127533, 0.6204195022583008, 0.594584584236145, 0.5691102147102356, 0.5440264344215393, 0.5193799734115601, 0.4952349364757538, 0.4716777503490448, 0.4487915337085724, 0.4266418218612671, 0.4053139388561249, 0.38487663865089417, 0.36537885665893555, 0.34687453508377075, 0.3293820321559906, 0.31291693449020386, 0.2974814474582672, 0.2830653786659241, 0.2696199119091034, 0.25712352991104126, 0.24551616609096527, 0.23475119471549988, 0.22478905320167542, 0.21555539965629578, 0.2070017158985138, 0.19907836616039276, 0.19174790382385254, 0.18495817482471466, 0.17867612838745117, 0.17284519970417023, 0.1674318015575409, 0.16240116953849792, 0.15770323574543, 0.15331198275089264, 0.14922159910202026, 0.14537395536899567, 0.14174586534500122, 0.13830521702766418, 0.13504046201705933, 0.1319344937801361, 0.12896345555782318, 0.126106858253479, 0.1233585998415947, 0.12069881707429886, 0.11812296509742737, 0.11560779064893723, 0.11315221339464188, 0.11076459288597107, 0.10843144357204437, 0.10614027082920074, 0.10387548059225082, 0.10164834558963776, 0.09946310520172119, 0.09731612354516983, 0.09518052637577057, 0.09305458515882492, 0.09094799309968948, 0.08888253569602966, 0.08688758313655853, 0.08493485301733017, 0.08302952349185944, 0.08118685334920883, 0.07940990477800369, 0.07767842710018158, 0.07598221302032471, 0.07435677945613861, 0.07279805094003677, 0.07129286974668503, 0.06983684003353119, 0.06843201816082001], "loss": [2.239534854888916, 2.1474757194519043, 2.0585668087005615, 1.972931981086731, 1.890485167503357, 1.8112856149673462, 1.7353644371032715, 1.662286400794983, 1.5921837091445923, 1.5252231359481812, 1.460781216621399, 1.3991165161132812, 1.3397228717803955, 1.2826091051101685, 1.2273815870285034, 1.1739850044250488, 1.1219700574874878, 1.0711485147476196, 1.0208332538604736, 0.9719434976577759, 0.9230835437774658, 0.8751334547996521, 0.8279042840003967, 0.7806147336959839, 0.7352719306945801, 0.6911698579788208, 0.649290144443512, 0.60933917760849, 0.5715118646621704, 0.5369444489479065, 0.5024702548980713, 0.47205373644828796, 0.44180744886398315, 0.41633713245391846, 0.39110663533210754, 0.3670790493488312, 0.3456730246543884, 0.32660436630249023, 0.30633118748664856, 0.28907039761543274, 0.2745438814163208, 0.2580808401107788, 0.24495559930801392, 0.23345646262168884, 0.22269394993782043, 0.21199800074100494, 0.2020476907491684, 0.1914864182472229, 0.18513882160186768, 0.17621788382530212, 0.1697448343038559, 0.16265270113945007, 0.15594138205051422, 0.15114548802375793, 0.14623954892158508, 0.14076711237430573, 0.13562606275081635, 0.13220608234405518, 0.1269863098859787, 0.12429630756378174, 0.1207415983080864, 0.11726438999176025, 0.1145746111869812, 0.11201941967010498, 0.10800991952419281, 0.10697510093450546, 0.10438767820596695, 0.10289199650287628, 0.10044216364622116, 0.09791362285614014, 0.09717560559511185, 0.09547125548124313, 0.09386054426431656, 0.09248990565538406, 0.09095434099435806, 0.09033742547035217, 0.08914927393198013, 0.08771691471338272, 0.08681127429008484, 0.08601279556751251, 0.08563122153282166, 0.0842253640294075, 0.08366206288337708, 0.08291400223970413, 0.0830310806632042, 0.08250731229782104, 0.08187594264745712, 0.08053869754076004, 0.07965856045484543, 0.07961378246545792, 0.07887157797813416, 0.07810435444116592, 0.07746689766645432, 0.07751241326332092, 0.07743671536445618, 0.07594920694828033, 0.07569485902786255, 0.07543081045150757, 0.07529783993959427, 0.07473649829626083]}