{"val_loss": [0.9482493996620178, 0.9416228532791138, 0.9350658655166626, 0.9285884499549866, 0.9221795797348022, 0.9158432483673096, 0.9095791578292847, 0.9033945798873901, 0.897280216217041, 0.8912672996520996, 0.8852954506874084, 0.8793946504592896, 0.8735637664794922, 0.8678014874458313, 0.8620680570602417, 0.8564387559890747, 0.8508789539337158, 0.8453353643417358, 0.8398542404174805, 0.8344923257827759, 0.8291895985603333, 0.8239464163780212, 0.818764328956604, 0.813643753528595, 0.8085178732872009, 0.8035116195678711, 0.7985628843307495, 0.7936692833900452, 0.7888288497924805, 0.783992350101471], "loss": [0.9378476142883301, 0.9302161931991577, 0.9248050451278687, 0.9182543754577637, 0.9108520150184631, 0.9041297435760498, 0.89870685338974, 0.8909366130828857, 0.882838249206543, 0.8795193433761597, 0.8704036474227905, 0.8656708002090454, 0.8602268695831299, 0.8517178297042847, 0.8486834764480591, 0.8422838449478149, 0.8370192050933838, 0.8299329876899719, 0.8248378038406372, 0.8193998336791992, 0.8127797245979309, 0.808574914932251, 0.8023810386657715, 0.7972238659858704, 0.7891169786453247, 0.7871034741401672, 0.7809789180755615, 0.7739194631576538, 0.7684598565101624, 0.7684998512268066]}