{"val_loss": [0.5147787213215559, 0.03978747850132639, 0.013685327125753597, 0.010188022299152529, 0.008281725386462891, 0.007114283824436567, 0.006226367545878011, 0.005507016496987586, 0.004907198768632335, 0.0043938613285083895, 0.0039485802379834725, 0.0035603238961715287, 0.0032188141817711606, 0.002916865102602505, 0.0026503213292578195, 0.0024131006060514634, 0.0022017096211809266, 0.0020129562122468154, 0.0018441363821775174, 0.0016918613192665971, 0.001555017946379636, 0.0014316928227754424, 0.00132011213613387, 0.001219348003082874, 0.0011272845529066214, 0.0010435534147055254, 0.0009675225160409078, 0.0008977250099390158, 0.0008334335585129171, 0.0007751739841745346, 0.0007214518046007591, 0.000671951457421155, 0.0006262488108573056, 0.0005843627067338797, 0.0005455492249313619, 0.0005096691686200188, 0.00047649048088809176, 0.00044591040233093695, 0.0004172526429300836, 0.000390908101303758, 0.00036621260133187214, 0.0003434683749549549, 0.00032224423858397827, 0.0003024290359987355, 0.0002840440346691306, 0.0002665487591462256, 0.0002506199134373947, 0.00023546071938337126, 0.00022168137307170072, 0.0002085546181394588, 0.00019614477839994846, 0.0001847623717224061, 0.0001740400131566064, 0.000164036600008291, 0.00015461563380387826, 0.00014592808629144342, 0.0001377610408284729, 0.0001300248507801889, 0.00012281940847016937, 0.0001160917321846963, 0.00010978021120481116, 0.00010382022878231256, 9.827109853548138e-05, 9.30993694154001e-05, 8.821681528209835e-05, 8.372582854945347e-05, 7.94638743731445e-05, 7.55043960693626e-05, 7.179626977450657e-05, 6.825789230174033e-05, 6.500247938707084e-05, 6.199971524855257e-05, 5.912508913381647e-05, 5.6508457484303636e-05, 5.404163253395948e-05, 5.171647085897062e-05, 4.952431155107221e-05, 4.749996419702596e-05, 4.564557780483032e-05, 4.38759347875615e-05, 4.219979502563217e-05, 4.0723395824916826e-05, 3.9316098420772144e-05, 3.7983944358268585e-05, 3.672158939523842e-05, 3.556706187120784e-05, 3.4498171834694654e-05, 3.348637261778602e-05, 3.2545051588430794e-05, 3.165519653346636e-05, 3.085346279398646e-05, 3.0075112844818822e-05, 2.9370378904679915e-05, 2.867509315654969e-05, 2.8055204163551552e-05, 2.748571787435788e-05, 2.6920314825467755e-05, 2.641001159530303e-05, 2.6466926029805067e-05, 2.6133620321042432e-05], "loss": [4.470414260516008, 0.18603612802016398, 0.018030047238307347, 0.011329554937169042, 0.009341402544562616, 0.008082033872943126, 0.007164692073575324, 0.006425047118773674, 0.005804088345702961, 0.0052775479570483985, 0.0048215051690779775, 0.004421520721465198, 0.004070347866953384, 0.003761513466832287, 0.0034852094013447647, 0.0032410079754018415, 0.0030241026059768797, 0.0028310295186614247, 0.002657781710579715, 0.0025035119815193167, 0.0023648536243754004, 0.0022391144049003545, 0.002126325946043547, 0.002023401367095855, 0.0019314156303923144, 0.0018472218942448579, 0.0017702450402599626, 0.001700810099507262, 0.0016374013870107623, 0.0015786631211822603, 0.0015255686613821016, 0.0014762696044300176, 0.0014313966768627047, 0.0013898481407803077, 0.0013511933532470387, 0.0013161954691858274, 0.00128356440471717, 0.001253025129870426, 0.0012252368202482291, 0.0011992888979280177, 0.0011753150640376943, 0.0011527232215474811, 0.001132106493054284, 0.0011128079271161993, 0.0010948447531901205, 0.0010783132250896331, 0.0010627480347888266, 0.0010482130238833065, 0.0010343946900900189, 0.0010218359229738003, 0.0010102190386332066, 0.000999037788084125, 0.000988807328417966, 0.0009790420777328968, 0.0009699463010377811, 0.0009615421833963996, 0.0009536898181268507, 0.0009462429711957297, 0.0009393865507404232, 0.0009329210160163825, 0.0009268448906694695, 0.000921198228820717, 0.0009159630761482853, 0.0009109592111338898, 0.0009063576801236312, 0.0009020261572300117, 0.0008979513176678127, 0.0008941343323155646, 0.000890586241511519, 0.0008873326104608185, 0.0008841864569652058, 0.0008813028911417751, 0.0008785927858678458, 0.0008760591412745922, 0.0008737075640433026, 0.0008714846971529045, 0.0008694711224334717, 0.0008675424095674305, 0.0008657598673070714, 0.0008640909126217981, 0.0008625347248345897, 0.0008610636846921746, 0.0008597225200906733, 0.000858443836600549, 0.0008572688890525898, 0.0008561795846526726, 0.0008551399295021941, 0.0008541857597050857, 0.0008532862580030639, 0.0008524688335306417, 0.0008516662609627305, 0.000850949055798629, 0.0008502609211991692, 0.0008496330745647389, 0.000849048912151205, 0.0008484837907309938, 0.000847963961775584, 0.000847478845392244, 0.0008474194728147506, 0.0008471102973412409]}