{"val_loss": [0.3313424304396325, 0.16276114834581176, 0.12449995930033043, 0.10892603194789441, 0.1002034701146225, 0.09432988716556058, 0.09016196259859384, 0.08706614273982488, 0.08472295442037087, 0.08280900857892294, 0.08121976459424543, 0.07992537682313049, 0.07890387664006851, 0.07788623756435745, 0.07729571267630617, 0.07662137242257279, 0.07622176936550079, 0.07555835643508654, 0.07506659803941672, 0.074579152637107, 0.0742695570655744, 0.07390018905713475, 0.07365068468568434, 0.07342044792650614, 0.0732450540061973, 0.07294560876434959, 0.0727088404453951, 0.07255346851061915, 0.07246066333601608, 0.0720719708048779, 0.07185065990446228, 0.07187269473979734, 0.07170502858064587, 0.07141617528327829, 0.07128581205582442, 0.07124194500460225, 0.07115311874817437, 0.07097686547489712, 0.07075304439249878, 0.07046189384331505, 0.07065857792804502, 0.0705164663517336, 0.07039973657274044, 0.07010783800264685, 0.06998026609610399, 0.07004183198968275, 0.06996841449784322, 0.0698036864984579, 0.06969338055790925, 0.06979654045935527, 0.06936032047706596, 0.06938510196143217, 0.06930417920663273, 0.06931710617729361, 0.06926671609140277, 0.06911318871653852, 0.069016843789266, 0.06885838078795158, 0.0687523416123992, 0.06879031104317146, 0.0686229316800169, 0.06872273581783946, 0.06868037409993523, 0.06853701706782125, 0.06844531108693379, 0.06845189531433493, 0.06820005534783653, 0.06827806177314999, 0.06829409063462867, 0.06814825135823399, 0.0681161992133359, 0.0679678701472687, 0.06790282973113014, 0.06791102004455736, 0.06789363652846972, 0.06784401756581926, 0.06802325095282127, 0.06763229779859616, 0.06779971496771907, 0.06769464498391713, 0.06779034245336549, 0.067652950310252, 0.0675234415687913, 0.06758676610752734, 0.06742520702258148, 0.06747095067990294, 0.0673283805965998, 0.06729165963978681, 0.06721288947070517, 0.06725096520064112, 0.06714715995882121, 0.06697682593084975, 0.06693061980026777, 0.06703410314224179, 0.06699801452086561, 0.06679732245832587, 0.06695632145109005, 0.0666994337438905, 0.06691160480455276, 0.06681204299627154], "loss": [0.5817704494975404, 0.2373534713418461, 0.14993777397075866, 0.12527006562732057, 0.1087991029166341, 0.10413423596959352, 0.09740652516089214, 0.09119136339944342, 0.08795677060666292, 0.08463138301608925, 0.083172490510177, 0.08033717378642122, 0.07864187929625223, 0.07683131266247051, 0.07669507158270317, 0.07528000661544304, 0.07513528110208592, 0.0732271273483148, 0.07294180775150136, 0.07215960895838186, 0.07136992459933048, 0.07071767650220705, 0.07104455621978258, 0.07024380098929588, 0.07012423002264785, 0.0695835629740803, 0.06956337275396349, 0.06937267773509152, 0.06919998916563275, 0.06861023126073253, 0.06862313289309863, 0.06875411654928203, 0.068194638305637, 0.06768781928027548, 0.06777136261285552, 0.06740417662111219, 0.06731506576909746, 0.06733034254068535, 0.0670988064413359, 0.06644369649956613, 0.0669383859994682, 0.0666537077491066, 0.06659673016087754, 0.0659822904892969, 0.06575870812571315, 0.06629395072495571, 0.06598803832384334, 0.06579821492809, 0.06576359897362086, 0.06631795956120132, 0.06509625435286337, 0.06520079108288912, 0.06524768399029243, 0.06527231349229559, 0.06527469045268262, 0.06499802959591056, 0.0650416498496133, 0.06451390762660308, 0.06444557427506685, 0.06441380509816323, 0.06447112704069212, 0.06453927947664564, 0.06448786851109528, 0.06403629167335284, 0.06432437910950196, 0.06411412714616112, 0.06379287508202762, 0.06355684657886324, 0.06415443535605772, 0.063663669594209, 0.0636522409289854, 0.06347077410996023, 0.06335566260418356, 0.0634953976783621, 0.06358728231516522, 0.06338274071619215, 0.06353270499507797, 0.06310623761341529, 0.06329327055340986, 0.06336210974643237, 0.06331052211600169, 0.06326392161030785, 0.06298449586519887, 0.06315222016732235, 0.0627895654361865, 0.06297814195791965, 0.06278131680201625, 0.06262854176987266, 0.06266375816765923, 0.0626179149427697, 0.06243273346415254, 0.06235659807082957, 0.06239308978204763, 0.06228971593911549, 0.06228596934394897, 0.062055855341579605, 0.062214515558103235, 0.062024154819840464, 0.06228146962386932, 0.06207559326483867]}