{"val_loss": [1.6247985363006592, 1.6021592617034912, 1.5818703174591064, 1.5599051713943481, 1.538288950920105, 1.5176522731781006, 1.4967070817947388, 1.4760996103286743, 1.4560061693191528, 1.4360560178756714, 1.416424036026001, 1.3971045017242432, 1.3780851364135742, 1.3593683242797852, 1.3409470319747925, 1.3228083848953247, 1.304938793182373, 1.2871708869934082, 1.2696566581726074, 1.2523956298828125, 1.2353671789169312, 1.2185659408569336, 1.2019761800765991, 1.1855987310409546, 1.1694279909133911, 1.1534684896469116, 1.1377067565917969, 1.1221442222595215, 1.1067771911621094, 1.0915969610214233], "loss": [1.6472370624542236, 1.6243501901626587, 1.601919174194336, 1.5814805030822754, 1.5594027042388916, 1.5380569696426392, 1.517329216003418, 1.496261477470398, 1.4755806922912598, 1.4553301334381104, 1.4356207847595215, 1.4158647060394287, 1.3963532447814941, 1.3775155544281006, 1.358959436416626, 1.3399648666381836, 1.3218746185302734, 1.303765058517456, 1.2853591442108154, 1.2688133716583252, 1.2503774166107178, 1.233546257019043, 1.2160476446151733, 1.1996515989303589, 1.1821775436401367, 1.166786789894104, 1.1500754356384277, 1.1341850757598877, 1.1170703172683716, 1.1019927263259888]}