{"val_loss": [1.663400650024414, 1.6194958686828613, 1.574190616607666, 1.5287749767303467, 1.4838528633117676, 1.439763069152832, 1.3966941833496094, 1.3541762828826904, 1.313133716583252, 1.2735483646392822, 1.2353909015655518, 1.1985946893692017, 1.1631062030792236, 1.1289153099060059, 1.0960065126419067, 1.0643537044525146, 1.033936858177185, 1.0047316551208496, 0.9767062664031982, 0.9498245120048523, 0.9240401983261108, 0.8993206024169922, 0.8756428360939026, 0.8529579639434814, 0.8312292098999023, 0.8104194402694702, 0.7904841899871826, 0.7713766098022461, 0.7530720233917236, 0.7355437278747559], "loss": [1.7169313430786133, 1.6644645929336548, 1.6203908920288086, 1.575190544128418, 1.529737949371338, 1.484788179397583, 1.4405025243759155, 1.3974268436431885, 1.3549253940582275, 1.3141472339630127, 1.2742533683776855, 1.2360820770263672, 1.199588418006897, 1.1636732816696167, 1.1299965381622314, 1.0964051485061646, 1.0646103620529175, 1.0343104600906372, 1.004986047744751, 0.977073073387146, 0.949840784072876, 0.9239636063575745, 0.899160623550415, 0.8747789859771729, 0.8528716564178467, 0.8305256366729736, 0.8091719746589661, 0.7897697687149048, 0.7707685232162476, 0.7511973977088928]}