{"val_loss": [0.9120311847952909, 0.8079322285430376, 0.7351514960444251, 0.6805681406065475, 0.6342884634816369, 0.5918153108552445, 0.5504693638446719, 0.5090601347213568, 0.46725338974664377, 0.426057051780612, 0.38530953817589336, 0.34558130627454714, 0.308683292810307, 0.2757411973420964, 0.2469083722247634, 0.22237212228220563, 0.20177565237810446, 0.18480665461961612, 0.17098146746324938, 0.15955107884351596, 0.15022448398346125, 0.1427189829044564, 0.13651343383068262, 0.1313688547112221, 0.12712399765502574, 0.12344734682593235, 0.12038238485192143, 0.11775052304877791, 0.11551680259926375, 0.11355682583742363, 0.11185993877954262, 0.1103570670929066, 0.10900007153666297, 0.1077871301839518, 0.10670824071695638, 0.10566885769367218, 0.10472491348898688, 0.10384887041047562, 0.1030193728416465, 0.10224240619775861, 0.10149050677238508, 0.10077170681121737, 0.10011551407880562, 0.0994286086670188, 0.09879753617353218, 0.09821300901645838, 0.0976767954091693, 0.09709792099026747, 0.0965301411789517, 0.09601894107668899, 0.09549925372351048, 0.09498052645561307, 0.09445828857809999, 0.09399232354968093, 0.0935252618997596, 0.09309263769970384, 0.09266010030757549, 0.09222279385078785, 0.09178348093531853, 0.09125345772088961, 0.09079830209876216, 0.09037754944590635, 0.08999750780504803, 0.08972778881705085, 0.08939543747624686, 0.0890024758355562, 0.08855011487422987, 0.08816565469253895, 0.08787552371274593, 0.08759773089442142, 0.08726472962041233, 0.08697218569212181, 0.08662397847619167, 0.0863782687242641, 0.08607644327851229, 0.08579246561194576, 0.08541180973136148, 0.08512827442135922, 0.08482314715551775, 0.08455550670623779, 0.08422845532727796, 0.08394758437955102, 0.08373895027609758, 0.08347169777681661, 0.0831508695386177, 0.08283985267544902, 0.08262690971064013, 0.0824105505679929, 0.0821641531101493, 0.08186264544032341, 0.08160160481929779, 0.08146375487017077, 0.08131397168996722, 0.08103511118611624, 0.08086416956990264, 0.08068372395842574, 0.08045477264149245, 0.08016058074873547, 0.07984807082386904, 0.07960172274778056], "loss": [0.9865499388339908, 0.8589318713476491, 0.7674989104270935, 0.7060915467350982, 0.6574409202087758, 0.6126282048779864, 0.572230318257975, 0.5304011730260627, 0.49118037002031195, 0.4564104593077371, 0.41091119134148885, 0.36789502584657, 0.3444522847962934, 0.31901238477507304, 0.2807630390621895, 0.25968663013258647, 0.23860318508259085, 0.21737035519854966, 0.1966019965881525, 0.18991958783116453, 0.1773375030173812, 0.16511292166488115, 0.1591192553209704, 0.15329573840595956, 0.1447156896424848, 0.14231694472390552, 0.13528039427690727, 0.13171085507370706, 0.1241980503464854, 0.12427163661219352, 0.12355077509270158, 0.12466849265403526, 0.11519677954357724, 0.12032777694768684, 0.11657931482376055, 0.11166808217070824, 0.11256039506474207, 0.11053601132575856, 0.10869264671968859, 0.10833183762639068, 0.10619184444116991, 0.1068045328869376, 0.10515032795279525, 0.10282252555669741, 0.10423942655324936, 0.10435749729012334, 0.10466339837673098, 0.10119435433731523, 0.10127627121847729, 0.09989491503599078, 0.09980305578819541, 0.09981186861215635, 0.09894477714632832, 0.09916397998499316, 0.09708624038585396, 0.09631292989780736, 0.09660290043021358, 0.09762805630994398, 0.09436095263375792, 0.0927335120910822, 0.09266178050013475, 0.0929559924921324, 0.09294094353221184, 0.09593124653017798, 0.09318781990644544, 0.09076207443032154, 0.0892798761988795, 0.09110807714074157, 0.09087331662344378, 0.09180530871069709, 0.09061586856842041, 0.09136269050975178, 0.0896964936062347, 0.09003597376651543, 0.08914179302925287, 0.08869763307793196, 0.08728703769833543, 0.08850402887477431, 0.08815826302350954, 0.08728932121465373, 0.08641898320164791, 0.08596705073534056, 0.08707514855750771, 0.084877498967703, 0.08538739868374758, 0.0835453070873438, 0.0844938034235045, 0.08417852569458097, 0.08392321786215139, 0.08186348648958428, 0.08407365842614063, 0.08439192799634712, 0.0835972307033317, 0.08268417452656945, 0.08315565437078476, 0.08199716151453727, 0.08193483532861222, 0.08005413499682448, 0.08013013161199037, 0.07980969478917677]}