{"val_loss": [0.5190050847765859, 0.011780549393817171, 0.007357594779436891, 0.005783249299583645, 0.004693779402622823, 0.0038759756018676055, 0.003237954509935577, 0.002724617084511979, 0.0023059508666926263, 0.0019603866635992083, 0.001672769701686387, 0.0014349856728199674, 0.001236659352958201, 0.0010727657042854315, 0.0009355004042103824, 0.0008222983234265138, 0.0007254946879037364, 0.0006463410119798537, 0.0005785765933664125, 0.0005208930289548451, 0.00047195336442674974, 0.0004294457086097399, 0.00039139348276627815, 0.00035633923449092056, 0.00032208073820699687, 0.0002894666007247573, 0.00025805516782675215, 0.0002286260125481748, 0.00020259202742190448, 0.0001801298207488923, 0.00016058579416012837, 0.00014402884082854265, 0.00012934824388212171, 0.00011704137535525979, 0.00010646134442852594, 9.718202865156199e-05, 8.920773752608433e-05, 8.226853005289173e-05, 7.602259077638166e-05, 7.070994570989805e-05, 6.58954456561395e-05, 6.162579975676626e-05, 5.8112467170738416e-05, 5.466204441969417e-05, 5.167487007126139e-05, 4.8878034711207414e-05, 4.6387999155788943e-05, 4.419605423036144e-05, 4.233958618199519e-05, 4.039420386790382e-05, 3.878101337714492e-05, 3.7255966496980255e-05, 3.581521206499062e-05, 3.464435641329541e-05, 3.35019810063881e-05, 3.251433061241178e-05, 3.152338869901548e-05, 3.0701337939392266e-05, 2.98579184805129e-05, 2.9103998389532803e-05, 2.8504442749065597e-05, 2.7894876513685476e-05, 2.733953640808607e-05, 2.677873319044346e-05, 2.6299054969953136e-05, 2.5884654212927905e-05, 2.546013809803722e-05, 2.5106956621067113e-05, 2.481012449557506e-05, 2.450865722927013e-05, 2.4211225699948625e-05, 2.3899421990273508e-05, 2.3644860064211377e-05, 2.352121490661129e-05, 2.324834025217069e-05, 2.3043942236798926e-05, 2.2921636745048892e-05, 2.2709104694905586e-05, 2.2641942292691373e-05, 2.2443870377221188e-05, 2.237262874302264e-05, 2.2268884703075076e-05, 2.220008716473344e-05, 2.2166852695736042e-05, 2.2062736747694478e-05, 2.2023101710362442e-05, 2.1928706029313112e-05, 2.188407828866506e-05, 2.1843630327102458e-05, 2.1831931154378245e-05, 2.1772895371471218e-05, 2.1747505936467275e-05, 2.1723498359043528e-05, 2.1722750106571376e-05, 2.1709856034960448e-05, 2.2031126135580387e-05, 2.2206989041112366e-05, 2.198163323298655e-05, 2.2052436299932003e-05, 2.199383226909867e-05], "loss": [16.304664338973026, 0.08165268838490813, 0.009386875440439488, 0.007095293313461367, 0.005835597291593937, 0.004931173180500091, 0.004235367609531012, 0.0036851362599803587, 0.003236068961246881, 0.0028668183674289438, 0.002562122908375768, 0.0023068066446067146, 0.002096390876382037, 0.0019219278008516018, 0.0017764111027034105, 0.0016558245008153082, 0.001555470656257861, 0.0014712528511379363, 0.001400689231467581, 0.001340721232136659, 0.0012894997951187854, 0.0012456990080813182, 0.0012075762867754566, 0.0011734535886675811, 0.0011409180423080437, 0.001109197178242616, 0.0010783970437885186, 0.0010498679944461883, 0.0010241210807042176, 0.001001159142903203, 0.0009813842911719104, 0.0009644099126164862, 0.0009497608285348591, 0.0009372253564745463, 0.0009264644177342033, 0.0009171624715601623, 0.0009090899367961302, 0.0009021656166335747, 0.0008960101100192539, 0.0008906279671345434, 0.0008859274923759507, 0.0008817327852134322, 0.0008779823421032944, 0.0008746954784270784, 0.0008717288161682661, 0.0008690741333269963, 0.0008666903203527474, 0.0008645259067227659, 0.0008625740637287877, 0.0008608245049041725, 0.0008592065327270773, 0.0008577719685380377, 0.0008564448242504254, 0.0008552379615327105, 0.0008541542563264818, 0.0008531534759291953, 0.0008522517355861948, 0.0008514119690165345, 0.0008506515430864835, 0.0008499411111403805, 0.0008492881704570096, 0.0008487330608478827, 0.0008482246005180669, 0.0008477194967802848, 0.0008472561235269916, 0.000846839652756066, 0.0008464703049608978, 0.0008461152372898862, 0.0008457568985458821, 0.0008455014245434383, 0.0008452422827293519, 0.0008449916147192239, 0.000844745797012886, 0.0008445716762930628, 0.0008443526231606402, 0.0008442030136691126, 0.0008440194356768951, 0.0008438735582793539, 0.0008437387314980675, 0.0008436284018856961, 0.0008434798730790075, 0.0008434019585372901, 0.0008433388431873377, 0.0008433339526175674, 0.0008432521860589437, 0.0008431844034262347, 0.0008431230531185164, 0.0008430830794006065, 0.0008430264123729547, 0.0008430029234146238, 0.0008429929079713987, 0.0008429524592353857, 0.0008429604217621038, 0.000842941330744442, 0.0008429578465710112, 0.0008431728942776952, 0.0008432929975602594, 0.000843293089972101, 0.0008432394505330193, 0.0008432797261598888]}