{"val_loss": [0.5078592130116054, 0.4098541545016425, 0.27506816174302784, 0.1533393088196005, 0.09054611756333283, 0.0637182356523616, 0.05058529041707516, 0.0432765269652009, 0.03882224265752094, 0.0359971910449011, 0.034113869603191106, 0.03277368650638631, 0.03180994186550379, 0.031099272293171713, 0.030553219972976615, 0.03013526149360197, 0.02980446462918605, 0.0295318828762642, 0.02931132766285113, 0.02912197002608861, 0.02895943255030683, 0.028821288408445462, 0.028696813753673008, 0.028583616617002656, 0.028479176307363168, 0.028381958869951113, 0.02828964983512248, 0.028204800760639564, 0.02812420397198626, 0.02804350620135665, 0.02796447356896741, 0.027891697295542275, 0.027816136301095997, 0.02774308136265193, 0.02766878896259836, 0.02759687615824597, 0.027526560306016887, 0.02745785131784422, 0.027390669166509594, 0.027326770525957857, 0.027256668146167482, 0.027191860867398127, 0.027124792004802396, 0.027058462412761792, 0.026984776702842543, 0.026923392034534897, 0.026858465812568153, 0.026788729442549602, 0.02673478384635278, 0.026670260620968684, 0.026604770217090845, 0.026543594364609038, 0.026483078354171345, 0.026430440734007528, 0.026366575421499356, 0.026310375425964594, 0.026251083106866906, 0.026203204611582414, 0.026139572129717896, 0.02609837258101574, 0.026037579468850578, 0.025974330425794636, 0.025926499228392328, 0.025869435098554407, 0.0258136142843536, 0.025763809348323514, 0.02571563675467457, 0.025664460346368805, 0.025619203989793147, 0.025561841637162224, 0.02551026559168739, 0.025472998452771987, 0.02542891705940877, 0.025371879671833346, 0.025328567251563072, 0.025287849429462637, 0.025240474646644934, 0.02519922244495579, 0.02515990988883589, 0.02511171324710761, 0.02506445438068892, 0.025025286312614168, 0.024985180236399174, 0.024938882927277257, 0.024893730379907147, 0.024865405334691917, 0.02481722552329302, 0.02478666783177427, 0.024753643233062967, 0.024718309320243343, 0.024676800838538578, 0.0246337786915579, 0.024602762988901565, 0.02456305079561259, 0.024526209703513553, 0.02448672877757677, 0.024459646316245198, 0.02442340073840959, 0.024390975146421363, 0.024344053052897965], "loss": [0.5650928914546967, 0.45890510614429203, 0.3451858844075884, 0.2153859409902777, 0.1276037059724331, 0.08061578710164342, 0.06044877214091165, 0.04919029293315751, 0.04197656602731773, 0.037287544193012376, 0.03447820971320782, 0.03314656697745834, 0.03127182614324348, 0.030327293423137495, 0.029544095708323375, 0.0286448724301798, 0.028265555322702442, 0.028041335621050427, 0.027547722283218588, 0.027260768493371352, 0.0270483413312052, 0.026758896186947823, 0.026634445613516227, 0.026530655566602945, 0.0263693337328732, 0.026181938725390604, 0.026018979693097726, 0.026025540261928524, 0.025989001616835594, 0.025740723192159618, 0.02566379458377404, 0.025696844394717897, 0.02551757451146841, 0.025462585567895855, 0.02533725376373955, 0.02523156874147909, 0.025170181146157638, 0.02510801682780896, 0.02509465261495539, 0.024977177813915268, 0.024909261214945997, 0.024863609511937414, 0.02473568051521267, 0.024670840839722326, 0.024475698891494955, 0.024508085634027208, 0.02442552425366427, 0.024315793133739914, 0.024382245992975577, 0.024260642605700662, 0.024138082384264896, 0.024071585752868226, 0.024025892040559223, 0.024024760350584984, 0.023935894747929915, 0.023859708370374783, 0.023802723569263304, 0.02376555947453848, 0.02367140246289117, 0.02371793719274657, 0.02358745564041393, 0.0234652150954519, 0.023462576924690177, 0.023350174206175973, 0.023275929702711955, 0.023255985097161362, 0.023237942285569652, 0.023174885993025134, 0.02314696035214833, 0.023019976947190508, 0.022954993548669984, 0.0229716181888112, 0.0229969616048038, 0.022793559291000878, 0.022808945006025688, 0.02277613856962749, 0.02267107124706464, 0.02268586607117738, 0.02265808967474316, 0.022528217240635837, 0.022500876037936126, 0.02249661334125059, 0.022450060450604985, 0.022365722938307693, 0.022301819441573962, 0.022363686335406134, 0.022227239329367876, 0.022239001567608545, 0.022244979261553714, 0.022218540344121202, 0.022124891501984427, 0.022050248525504555, 0.02206305497592049, 0.021986207891521708, 0.02193758842934455, 0.021896926386814033, 0.021875464989404594, 0.021834490188796605, 0.02182370038436992, 0.0217054816561618]}