{"val_loss": [3.6995997428894043, 3.525624990463257, 3.3582096099853516, 3.1973419189453125, 3.0429883003234863, 2.8950583934783936, 2.7534618377685547, 2.6180930137634277, 2.488811492919922, 2.365482807159424, 2.247955560684204, 2.136075973510742, 2.0296730995178223, 1.9285802841186523, 1.8326104879379272, 1.7415732145309448, 1.6552507877349854, 1.5734211206436157, 1.4958465099334717, 1.422279715538025, 1.3524298667907715, 1.285994052886963, 1.2226853370666504, 1.1621450185775757, 1.1040140390396118, 1.047992467880249, 0.9938044548034668, 0.9412199854850769, 0.8900724649429321, 0.8402571678161621, 0.7917401790618896, 0.7445416450500488, 0.6987338066101074, 0.6544342637062073, 0.6117677688598633, 0.5708910226821899, 0.531954288482666, 0.49507394433021545, 0.4603567123413086, 0.4278563857078552, 0.3976088762283325, 0.3695582151412964, 0.3436468243598938, 0.31981390714645386, 0.2979438900947571, 0.2779178023338318, 0.2596067190170288, 0.24285617470741272, 0.22758130729198456, 0.21361111104488373, 0.200845867395401, 0.18918947875499725, 0.17855684459209442, 0.16886088252067566, 0.16000187397003174, 0.1518957018852234, 0.14450837671756744, 0.1377536803483963, 0.1315498650074005, 0.12584364414215088, 0.12059776484966278, 0.11578209698200226, 0.11133469641208649, 0.1072234958410263, 0.10340648144483566, 0.09982383251190186, 0.0964536964893341, 0.0932355523109436, 0.09017395973205566, 0.08725564181804657, 0.08445753157138824, 0.08176188170909882, 0.07916274666786194, 0.0766444057226181, 0.07419462502002716, 0.07182946801185608, 0.06954450160264969, 0.06733934581279755, 0.06521733850240707, 0.06317011266946793, 0.06119135394692421, 0.059291426092386246, 0.05745772272348404, 0.05570671707391739, 0.05403141677379608, 0.05243106558918953, 0.050892576575279236, 0.04943474382162094, 0.04803955554962158, 0.04672380909323692, 0.045496098697185516, 0.04433354362845421, 0.04323051497340202, 0.04219134524464607, 0.041221171617507935, 0.04029833897948265, 0.03941556066274643, 0.038575708866119385, 0.03777339309453964, 0.037017013877630234], "loss": [3.8799350261688232, 3.6993565559387207, 3.525125026702881, 3.3574066162109375, 3.1961584091186523, 3.0414059162139893, 2.89288330078125, 2.7507405281066895, 2.61458158493042, 2.4842379093170166, 2.3595685958862305, 2.2404446601867676, 2.1263034343719482, 2.017059803009033, 1.9123139381408691, 1.8113065958023071, 1.7142877578735352, 1.6199501752853394, 1.5289463996887207, 1.4396638870239258, 1.3530806303024292, 1.268198013305664, 1.1861696243286133, 1.1073884963989258, 1.0322139263153076, 0.9595562219619751, 0.89335697889328, 0.8301026821136475, 0.7713061571121216, 0.7168382406234741, 0.6649150848388672, 0.6186906695365906, 0.5749437808990479, 0.5347498655319214, 0.4963861107826233, 0.462238609790802, 0.4314623773097992, 0.4038299322128296, 0.37447482347488403, 0.3496638536453247, 0.32638734579086304, 0.3068024516105652, 0.2868629992008209, 0.2690863013267517, 0.25248482823371887, 0.23794543743133545, 0.22440338134765625, 0.21262532472610474, 0.1990322470664978, 0.190020352602005, 0.179331436753273, 0.17008797824382782, 0.1608012467622757, 0.15237823128700256, 0.14592388272285461, 0.1395014375448227, 0.1318138688802719, 0.1267985701560974, 0.12250934541225433, 0.11742043495178223, 0.11260658502578735, 0.10840930044651031, 0.10512423515319824, 0.1015147715806961, 0.09868671745061874, 0.096340112388134, 0.09348589926958084, 0.09213157743215561, 0.0892694890499115, 0.08729935437440872, 0.08563724160194397, 0.0841110348701477, 0.08245034515857697, 0.08137301355600357, 0.08032640069723129, 0.07900384813547134, 0.0781029760837555, 0.07704874128103256, 0.07611432671546936, 0.07533490657806396, 0.07470984756946564, 0.07389969378709793, 0.07367575913667679, 0.07271493226289749, 0.07220634073019028, 0.07175438106060028, 0.07148507237434387, 0.07079170644283295, 0.07072687894105911, 0.06999184191226959, 0.06939578801393509, 0.06932462751865387, 0.06911494582891464, 0.06862099468708038, 0.06815344840288162, 0.0682021751999855, 0.06795668601989746, 0.06770942360162735, 0.06749449670314789, 0.0671326294541359]}