{"val_loss": [1.7378688142016216, 0.9157381753821473, 0.6587953863444028, 0.5161514432280214, 0.4484121149236506, 0.3938545959812778, 0.33110686115451626, 0.26723357889202093, 0.21094477124564298, 0.16825183413245462, 0.13943750979183436, 0.11919617913402877, 0.10613713043553012, 0.09701614910280788, 0.09117111146866859, 0.08629867773164403, 0.08269164257949882, 0.07976635529861584, 0.07708159229763738, 0.0748896262237242, 0.07262075827880339, 0.07066088388641398, 0.06893465157363798, 0.06723994683552455, 0.06580579525732494, 0.06415295934343672, 0.06259100654950508, 0.0616088129475817, 0.06056516330975752, 0.05902948579588137, 0.058199584223590534, 0.056958202845775165, 0.05594857829017239, 0.054694036555873765, 0.0536938751754644, 0.052794021769211844, 0.05191681914396219, 0.05102269554680044, 0.05024060989905904, 0.04958180668991762, 0.048681580285717556, 0.04799706171025763, 0.047239922846739106, 0.04679419501469685, 0.04599972241199934, 0.04527410565243734, 0.0446302395548437, 0.044220555026631254, 0.0434964201771296, 0.04297381053333516, 0.042481459442760564, 0.04192628378009463, 0.04135218291328503, 0.040859859254393546, 0.04027894868717327, 0.039766297056958395, 0.039752674972885975, 0.03895873560772076, 0.0385361509983773, 0.03812492795132257, 0.03763796183300185, 0.03728768826052026, 0.036784524163166125, 0.036352428783486775, 0.03601386244376223, 0.03587842849897338, 0.03554528448860962, 0.03508618596446264, 0.034593510773632076, 0.03443721838139154, 0.03390730844511019, 0.03357428163811044, 0.033357713788330974, 0.03303374436039191, 0.032684112866441684, 0.0323488792287303, 0.03223457703223595, 0.0318655089794339, 0.031634616268264665, 0.03141504718915566, 0.031066506449784433, 0.030888302186569135, 0.030727631939978867, 0.03037304657843563, 0.02996185596485238, 0.02981414169177309, 0.029779669522613912, 0.02936088335472387, 0.029056080102503715, 0.029011547331001374, 0.02859065447237108, 0.02864136536429812, 0.028435302950389735, 0.028020778944442323, 0.027812764113703807, 0.027741238383667453, 0.02755880965427919, 0.02724073052250005, 0.027108808158786146, 0.02695638889616186], "loss": [3.307880854346062, 1.2970804557215878, 0.7960819811396632, 0.5913000633063306, 0.48327840481950934, 0.42313616874625587, 0.3623200077083686, 0.29523015773733735, 0.23358670535448656, 0.18341199547680537, 0.1492889726143345, 0.1257108490358657, 0.11020801872433768, 0.09942434779909977, 0.09268745690421329, 0.08768610071149494, 0.08351905051848556, 0.08034670949098563, 0.07784798806482325, 0.07519469430537823, 0.07319828213587298, 0.07091992708456693, 0.06934080390400667, 0.06767313904728767, 0.06582400308024781, 0.06458849438366529, 0.06279998254627106, 0.061773517543477624, 0.06059233073921617, 0.05944708153710153, 0.05816782531702919, 0.05735061012039791, 0.05607199091915038, 0.05488465088045197, 0.053862202645022825, 0.05252371588540115, 0.052004598226517464, 0.051192192461088616, 0.050296896598959785, 0.04953276376464607, 0.04872756092216613, 0.04789084176024732, 0.04736753935568692, 0.04662731911036114, 0.04615729268724615, 0.04534755576515365, 0.044791183173423815, 0.04417979783559571, 0.04367393703082872, 0.04305117340594135, 0.042500980401951105, 0.04215332246287366, 0.0415408498113924, 0.04074838587681266, 0.04038679516008364, 0.03986639842379382, 0.039287268801372004, 0.039138055744578744, 0.03845469798139536, 0.03814019321825335, 0.03764342977014675, 0.03725573527543085, 0.03692430885076802, 0.036193035891938265, 0.036112493007304985, 0.03560449971666939, 0.035755894412224785, 0.03528525313881577, 0.03497115033187967, 0.034238385980269764, 0.03402548394137579, 0.03356839218856672, 0.03356732732843925, 0.03320734365425195, 0.03234884892586709, 0.03247696378796851, 0.032109959996149094, 0.03195471339404676, 0.03149242709179254, 0.0314687229198557, 0.031138791427144215, 0.030957277622844538, 0.030501859365823582, 0.03045277948477462, 0.029957138574816675, 0.02965514799238275, 0.029818534473019777, 0.029765884706766506, 0.029198958595907848, 0.029019380548124106, 0.02894435829361559, 0.0286760184896425, 0.028515510261058807, 0.028145425433146125, 0.027887487734590165, 0.027924475063054382, 0.02782442213081923, 0.02734152426991167, 0.02705600072399282, 0.026825643185988523]}