{"val_loss": [0.8067983541377756, 0.7468731347904649, 0.7030207237531972, 0.6687672415445017, 0.6390510464823523, 0.6116600660390632, 0.5857261155926904, 0.559961456199025, 0.534360126007435, 0.5088375668193019, 0.4833222877147586, 0.4568528283474057, 0.4292223883229633, 0.40070418355076814, 0.37210053552028743, 0.34378801667413045, 0.31641500495200936, 0.2906374307565911, 0.2668804235236589, 0.2452657437601755, 0.22591719481834147, 0.20887784209362295, 0.19425795140654542, 0.18153540616811709, 0.1705940133610437, 0.16121852363264838, 0.15313152414421702, 0.1462006607027941, 0.140356364984845, 0.13533220665399417], "loss": [0.8468975133674089, 0.775679420593173, 0.7215035516162251, 0.6844631128532942, 0.6520323878110841, 0.6244784538135972, 0.5987003057502037, 0.5685793937638749, 0.5466721640076748, 0.5178025676760563, 0.5043152085570402, 0.468367466399836, 0.44100480232127875, 0.4182240332281867, 0.4000367092531781, 0.3700641095638275, 0.346771310928256, 0.3253528725269229, 0.2998917213706083, 0.278910216897033, 0.26768414502920107, 0.24918914326401645, 0.2322218910206196, 0.21665998253711435, 0.20727180741554083, 0.1941295903782512, 0.1907644507496856, 0.18402559985948164, 0.1727805605461431, 0.1719441760418027]}