{"val_loss": [0.5084446924073356, 0.4733112156391144, 0.42737817019224167, 0.36646223813295364, 0.2945831034864698, 0.22322638652154378, 0.1636595561036042, 0.12095753981598786, 0.09286756228123393, 0.07471832606409277, 0.06276077843670334, 0.05438027544213193, 0.04838444558637483, 0.04406836322907891, 0.04087795955794198, 0.038475259606327326, 0.036635893263987133, 0.03514139387490494, 0.033967144920357635, 0.03300390099840505, 0.032216010083045275, 0.031604803300329616, 0.031100834187652384, 0.0306826349613922, 0.030333900957235267, 0.030046066402324607, 0.02979992549600346, 0.02959276961960963, 0.0294157528717603, 0.029263643015708243, 0.02912884551499571, 0.02901283498587353, 0.02890435133927635, 0.02881571484197463, 0.02873293243880783, 0.028669568244367838, 0.02860639031444277, 0.028543600413416113, 0.028485535643994808, 0.028432607983372042, 0.02838223726887788, 0.028343677055090666, 0.028300187084823847, 0.028254765950675522, 0.028210612080459083, 0.028174578877432004, 0.028135704142706736, 0.028095937533570186, 0.02805019702230181, 0.028017646433519467, 0.027984119153448513, 0.027943880363766636, 0.027911513578146696, 0.027874043277863945, 0.027843132947704623, 0.027804243644433364, 0.027760610383536135, 0.02772771700152329, 0.02767853026411363, 0.027640996567372764, 0.02759911199765546, 0.02755738894588181, 0.027519634791782925, 0.027501667849719524, 0.027458390087953637, 0.0274173610710672, 0.027368564890431508, 0.027326181397906373, 0.027286137121596506, 0.02725617727264762, 0.027214862007115568, 0.027163828323994364, 0.027098082205546752, 0.02705825466130461, 0.02703157759138516, 0.02698804504637207, 0.026947520540228913, 0.026914874890020916, 0.026886302512139082, 0.02684947203046509, 0.026797565365476266, 0.026754168460943868, 0.02671806707179972, 0.02667740107114826, 0.02662867959588766, 0.026586097199469805, 0.026524828081684455, 0.026450851932168007, 0.026411269591855153, 0.026372764858284166, 0.02633253438398242, 0.026304609940520356, 0.026255632950259105, 0.026218142959156206, 0.02617424264151071, 0.026137225329875946, 0.026099571692092077, 0.026061419264546463, 0.026008751709014177, 0.025978229673845426], "loss": [0.5272676242249352, 0.4901503697037697, 0.44847127688782557, 0.3972439638205937, 0.33258419590336935, 0.27203269249626566, 0.21124280190893582, 0.1611905683364187, 0.12289471924304962, 0.09694533316152436, 0.08092741535178252, 0.07090591732412577, 0.06344021218163627, 0.05707013088145426, 0.05055401234754494, 0.04666043245898826, 0.04408866512988295, 0.04175380204937288, 0.039506737275847366, 0.039429221501840014, 0.03736640586118613, 0.03467326464929751, 0.03544597015050905, 0.03346610727853009, 0.033638082311621735, 0.03270306318466153, 0.031406454143247435, 0.0306600609661213, 0.03184321489451187, 0.030573857415999686, 0.030207951619688953, 0.030420115749750818, 0.029323326157672063, 0.02922953392512032, 0.029574680009058545, 0.029308547132781575, 0.029549794870295694, 0.02888443068202053, 0.028602990188768933, 0.028397085145115852, 0.02839569128783686, 0.028706804317023073, 0.027998935830380236, 0.02774865978530475, 0.027617374435067177, 0.027779214150671448, 0.02766303950920701, 0.02734919883576887, 0.0272356705474002, 0.02763854040365134, 0.02723749527441604, 0.027264404044087445, 0.02733872238812702, 0.026964888774922917, 0.027522362302988768, 0.026945783024919883, 0.026671938697940538, 0.026844948463674103, 0.026360738955970322, 0.026584007910319736, 0.026525396521070173, 0.02634938550181687, 0.02647048035370452, 0.026896289749337093, 0.02651360970256584, 0.02629524369591049, 0.02609864848532847, 0.026132290584168265, 0.026190896152651737, 0.026297685291085924, 0.025949414420340742, 0.02582762566661196, 0.025508731004915068, 0.02570579606773598, 0.025959350833935396, 0.025655744530792748, 0.02572284106697355, 0.025956279997314726, 0.025766042859426568, 0.025503828057221005, 0.02534163899586669, 0.02526551584846207, 0.025648805113243207, 0.025322071742266417, 0.025164214561560323, 0.025233891659549305, 0.02475280813606722, 0.02453603023397071, 0.024850984569638968, 0.02493569108524493, 0.024740816060719744, 0.024810593109577894, 0.024634400648730143, 0.02482371311634779, 0.024706548811601742, 0.024670663722125546, 0.024599664645003422, 0.02446553749697549, 0.02448066377214023, 0.024429810366460254]}