{"val_loss": [0.5101112510476794, 0.4486375717180116, 0.3134228555219514, 0.1450804711452552, 0.059800254979303906, 0.03661226308239358, 0.030193202729736055, 0.02780521661043167, 0.02645726003018873, 0.025545346550643444, 0.024844271829351783, 0.024317446065002253, 0.023913482004510506, 0.02360009984113276, 0.02335379578705345, 0.02316764116819416, 0.023007506172039678, 0.022882851273087517, 0.022773537651768753, 0.02269397639403386, 0.022607916999342188, 0.022539149770247086, 0.022470986736672267, 0.022417915452803885, 0.022366205928847194, 0.022325563643659865, 0.022287363286263177, 0.022248803870752454, 0.02222289198211261, 0.022202289064547846, 0.022163479156526073, 0.022125354801703776, 0.022098996377150928, 0.022082301654985974, 0.022057302395946214, 0.022039909115327255, 0.022020290173324093, 0.022009785420128276, 0.021987682141895806, 0.021966482512652874, 0.0219359868538699, 0.021927741056840335, 0.02191373160375016, 0.0219021291871156, 0.021886457123660615, 0.021874611132911274, 0.021854199435827986, 0.021849265821012005, 0.021837900126618997, 0.02183513975303088, 0.021811353375336955, 0.021790091580312167, 0.02177350442590458, 0.02175747333759708, 0.02175912101353918, 0.02174275554716587, 0.021718969834702357, 0.021702753878863796, 0.02169613603369466, 0.02168110804632306, 0.021679997543937395, 0.021661622782370875, 0.021657057738463794, 0.021638687001541257, 0.021622313685449108, 0.021608394271294986, 0.021590194465326413, 0.02157803488496159, 0.021559807039531215, 0.021553114422463944, 0.021544576921899403, 0.021539683287431086, 0.021543829668579356, 0.021515639798183526, 0.021506489154749682, 0.021493085560255816, 0.021483869391626546, 0.021477675564321026, 0.02146205389206963, 0.02144928339735738, 0.02144012856297195, 0.02142788313462266, 0.021427169874576584, 0.02140909543127886, 0.021402403213349835, 0.021391494698556408, 0.021380185382440686, 0.021373870549723506, 0.021361740804942592, 0.021342689404264092, 0.021324722528723732, 0.02131370158999094, 0.021304369804316332, 0.021282654887597476, 0.021284370716395124, 0.021274220564269593, 0.02126153269117432, 0.021248501825279424, 0.021249756383310472, 0.0212603336133595], "loss": [0.5288697183132172, 0.47990231428827557, 0.3994419329932758, 0.291003697684833, 0.19989351076739176, 0.14667846714811666, 0.11300486565700599, 0.09148197195359639, 0.07597334323717016, 0.06993298977613449, 0.06522587779909372, 0.054449312654989104, 0.05359631118231586, 0.04426662803494504, 0.042724108057362695, 0.03928311558307281, 0.03836567606776953, 0.036007324300174205, 0.03612317590575133, 0.03301017179286906, 0.03253007400780916, 0.0323461348723088, 0.030307531024196317, 0.028878869555358375, 0.028919513869498457, 0.028194127471319268, 0.025817440523366843, 0.02629807298736913, 0.02597911808905857, 0.025842975825071335, 0.026027498334380134, 0.026109422590317472, 0.02528880982260619, 0.024700779600867202, 0.02589614223688841, 0.023401369673333, 0.024641164046313082, 0.02778953593224287, 0.024604133163977946, 0.02534042830978121, 0.024244178984580294, 0.023008052026852965, 0.025388442079669664, 0.02271037159620651, 0.022339323635346124, 0.022340703822140182, 0.022562551544979215, 0.021594467938744595, 0.02200042293407023, 0.02396634264316942, 0.022314466070383787, 0.021527542799179043, 0.022550779494589994, 0.021067531014393483, 0.022035012088183845, 0.022672951953219517, 0.021847007297245518, 0.022840846529496566, 0.02228181084085788, 0.02180084672623447, 0.02259149861388973, 0.022377754195726345, 0.023547919766445245, 0.020788027572312524, 0.020475931099749038, 0.02077368290961853, 0.020188619415940984, 0.020693463838792274, 0.020252675882407596, 0.0206540957359331, 0.020731726993939707, 0.020975962281227112, 0.02044334581920079, 0.020142518915235996, 0.020566801507292048, 0.020182153908535838, 0.020917288726195693, 0.020283152482339313, 0.019344116361545666, 0.020673787221312523, 0.020306119163121496, 0.01997806497716478, 0.02047912546965693, 0.019947250972368887, 0.01983418844507209, 0.020835910823994448, 0.021177350842793072, 0.020808703864791563, 0.021704639540985227, 0.019852057781203518, 0.020299822724025165, 0.02022876188025943, 0.019408060670165077, 0.02041226635420961, 0.01919773214363626, 0.019288893789052963, 0.02009946570199515, 0.020718056741835817, 0.019461280134107386, 0.019345528911799192]}