{"val_loss": [0.5102147800581796, 0.47650409064122606, 0.4305011960012572, 0.3640545659831592, 0.28230648062058855, 0.20574810355901718, 0.14803338050842285, 0.10964519743408475, 0.0854069995028632, 0.06969666241535119, 0.059096604851739745, 0.051802657677658966, 0.046679922113461156, 0.04292759831462588, 0.04005905254078763, 0.0378416438720056, 0.03610875736922026, 0.034764150357139964, 0.033678797472800524, 0.03281376351203237, 0.032123632196869166, 0.03156466083601117, 0.031087935037378753, 0.03069147148302623, 0.03035958989390305, 0.030074523695345436, 0.029829129111021757, 0.02962374926677772, 0.02944204264453479, 0.029282727345292057, 0.02914428704285196, 0.029016600189996616, 0.02890130504965782, 0.02879866398870945, 0.028702970328075544, 0.028613335586019924, 0.02853149681219033, 0.028458754598562206, 0.028383288266403333, 0.028317249180482968, 0.028249686184738363, 0.028187965641596487, 0.02813237572887114, 0.0280796395215605, 0.028022891708782742, 0.027964515944144556, 0.0279122477929507, 0.02785840956494212, 0.0278088303415903, 0.027758816988872632, 0.027707639815551893, 0.027659831967736994, 0.02761237003973552, 0.027563610978956734, 0.027512148288743838, 0.027465993205883672, 0.027418340290231363, 0.027374874002167156, 0.027328524538981065, 0.02728121035865375, 0.027233824599534273, 0.027185882508222545, 0.027131955871092423, 0.027090842835605145, 0.027045767488224164, 0.027000196344618286, 0.026959006608064686, 0.02691236843488046, 0.026865976729563305, 0.02682785756353821, 0.026780461027686085, 0.02672896081847804, 0.02668822363817266, 0.026643664376544102, 0.026600141876510212, 0.02655738831630775, 0.02651214153905, 0.02646144732300724, 0.026418239743049656, 0.026373856301818575, 0.02633541649473565, 0.026304400259894983, 0.026258988172880242, 0.0262116262955325, 0.026176734694412777, 0.026135469986391918, 0.026084950592901026, 0.026039636294756616, 0.026002623440165604, 0.02595780700046037, 0.025926290346043452, 0.02588212925807706, 0.02583876178999032, 0.025794159887092456, 0.025748903064855506, 0.025713600550911257, 0.02567762934735843, 0.02564957062713802, 0.02561856041263257, 0.025582239663760577], "loss": [0.5277074149676731, 0.4904847890138626, 0.45259952332292286, 0.3975790334599359, 0.32319444737264086, 0.2497548567397254, 0.1856184388910021, 0.13854421196239336, 0.10550784851823534, 0.08586601114698819, 0.07252393609711102, 0.061371595199619024, 0.052218551082270484, 0.04812029868896518, 0.04425451026431152, 0.04135859079126801, 0.0391810681404812, 0.036408406283174245, 0.03550193911152227, 0.03392503383968558, 0.03263575144644294, 0.03180177702701518, 0.031106253620237112, 0.030607644202453748, 0.030171763484499285, 0.02959385740437678, 0.028988378388541087, 0.028859120394502367, 0.02846920071169734, 0.028388904939804758, 0.028342958074063063, 0.02817016580541219, 0.027704672355737005, 0.027775987849703858, 0.027319242978202447, 0.02705111387850983, 0.02720585372298956, 0.027108685778720037, 0.026770960140441145, 0.026761528769774095, 0.02651634719222784, 0.026573708547013148, 0.02655515374083604, 0.026559723474617516, 0.026200947684368918, 0.026162122708878348, 0.026197725075430105, 0.026044598281649605, 0.02616008896646755, 0.02587948732876352, 0.025828267514173473, 0.025894471743543233, 0.025804965756833553, 0.02564949888203825, 0.025565375640456165, 0.025644017716071436, 0.025556160902072276, 0.025416040660015175, 0.025415384144123112, 0.025467230206621543, 0.025228435306676796, 0.025176591306392635, 0.02508867102941232, 0.025168136760060276, 0.025087897599275624, 0.024959483316966465, 0.024963588121214082, 0.024994053146136657, 0.024753875697829893, 0.024946579909218208, 0.024624352609472617, 0.02455955321368362, 0.02465934126770922, 0.02450649343830134, 0.02454936777108482, 0.024518086042787348, 0.024392883725730435, 0.024251913385731832, 0.024253427350361432, 0.02424590309549655, 0.024200908240995238, 0.02429784056065338, 0.02418624603056482, 0.02402043342590332, 0.024204628874680827, 0.023923912484730993, 0.023894573661631772, 0.0237752998779927, 0.023853253606440767, 0.023739776673859785, 0.023828209078471576, 0.02375240737040128, 0.023586678052587167, 0.02355372393503785, 0.023434257567194954, 0.023603868471192464, 0.023428737185895443, 0.02347372186237148, 0.023559666039156064, 0.02347279466422541]}