{"val_loss": [1.198642373085022, 1.1868410110473633, 1.1762443780899048, 1.1654412746429443, 1.1540770530700684, 1.143197774887085, 1.1321228742599487, 1.1213434934616089, 1.110568881034851, 1.0999363660812378, 1.0894646644592285, 1.0791258811950684, 1.06892728805542, 1.0588185787200928, 1.0488998889923096, 1.0391203165054321, 1.029473900794983, 1.0199556350708008, 1.0105574131011963, 1.0012810230255127, 0.9921228885650635, 0.9830901026725769, 0.9741789102554321, 0.9652882814407349, 0.9565137028694153, 0.9478586912155151, 0.9393136501312256, 0.9308816194534302, 0.9225530028343201, 0.9143272638320923], "loss": [1.1931061744689941, 1.1803538799285889, 1.167557954788208, 1.157348394393921, 1.1475770473480225, 1.1343086957931519, 1.1241230964660645, 1.111952543258667, 1.1037336587905884, 1.0917654037475586, 1.0804944038391113, 1.070414662361145, 1.0598596334457397, 1.0494558811187744, 1.037992000579834, 1.029698133468628, 1.0194172859191895, 1.0086309909820557, 0.9979037046432495, 0.9886875152587891, 0.9790916442871094, 0.9727028608322144, 0.9603887796401978, 0.9538657665252686, 0.9408652782440186, 0.9351868629455566, 0.9272826313972473, 0.918283224105835, 0.9105817079544067, 0.8971051573753357]}