{"val_loss": [0.5091631689241954, 0.47034607508352827, 0.4151678734592029, 0.3377424201795033, 0.25209872850349974, 0.17895656558019774, 0.1292618978768587, 0.09824004396796227, 0.07880317712468761, 0.06578945395137582, 0.057077301533094475, 0.05082483855741365, 0.04626528000725167, 0.0429102343374065, 0.04031185207090208, 0.03828701317044241, 0.03668587402041469, 0.03539530600288084, 0.034348323941230774, 0.033480922625000985, 0.03275824451286878, 0.03214483082826648, 0.0316352174351258, 0.031196612931255783, 0.030818777424948558, 0.03049487088407789, 0.030207502323069742, 0.029956014893416847, 0.029735494338508164, 0.02953621598758868, 0.02935966822717871, 0.029199657629110982, 0.029054359466369663, 0.0289239274737026, 0.02880363798301135, 0.028694587160966227, 0.02859369625470468, 0.028498547351253883, 0.028410737136644975, 0.028326938061841896, 0.028247668806995665, 0.028174250586224452, 0.028104408444570645, 0.028037932634885823, 0.027973918643380915, 0.027912389154412916, 0.02785245841369033, 0.02779501729777881, 0.02773886812584741, 0.027683890690760955, 0.027630810093666826, 0.027578709913151606, 0.027527953098927225, 0.027477525440709933, 0.027428276371210814, 0.027379486709833145, 0.027331449024911438, 0.027284119544284686, 0.02723715707127537, 0.02719051337667874, 0.027144509833306074, 0.027098610731107847, 0.02705317862065775, 0.027008008744035448, 0.026963010962520326, 0.026918168046644757, 0.02687357093340584, 0.026829436754009554, 0.026785098614969423, 0.0267412157596222, 0.026697331307721988, 0.026653831492045095, 0.026610245129891803, 0.026567292599273578, 0.02652417861723474, 0.02648057376167604, 0.02643742532070194, 0.026394834808473076, 0.02635173625977976, 0.026308533336435045, 0.026265946749065603, 0.026222742295690944, 0.026179562655410597, 0.026136956177651882, 0.02609431367766644, 0.026050635214362825, 0.02600738512618201, 0.02596404486601906, 0.025921158392780592, 0.025876938431922878, 0.025832997701529945, 0.025789711058938077, 0.025745923398062587, 0.025702019721003517, 0.025658113482807363, 0.02561444992066494, 0.02557094830886594, 0.025526566996372173, 0.02548246897224869, 0.025438460454876934], "loss": [0.5283981157200677, 0.4890324260507311, 0.44371159268277033, 0.37770648087774006, 0.29658265305416925, 0.21473052938069617, 0.1528398250894887, 0.11228765600493976, 0.08758397134287017, 0.07086517701723746, 0.05987669713795185, 0.05251202293272529, 0.046711923953677924, 0.0421200514371906, 0.039278937437172444, 0.037092207465320826, 0.035045065850551636, 0.03377435462815421, 0.032207101849573, 0.03145832608320883, 0.03064480097964406, 0.03002914447071297, 0.029231056105345488, 0.028842315476919924, 0.028381965655301298, 0.02797896574650492, 0.027708137474421943, 0.02737929199689201, 0.02711364906281233, 0.026910023830298866, 0.026763154060712883, 0.02656991932807224, 0.026387061458081007, 0.026288879769189016, 0.026086955331265926, 0.025918728272829736, 0.025905254496527568, 0.025787243486515114, 0.02567717625892588, 0.02566655698631491, 0.02556431300139853, 0.02538382967135736, 0.025365972093173435, 0.02527806136224951, 0.02518226209628795, 0.025166446010449102, 0.02510893897020391, 0.025012376884530698, 0.02499555786406355, 0.024947905580380132, 0.024855792422645857, 0.0248013488682253, 0.024750426511413286, 0.024710269844425575, 0.024674061685800552, 0.024596753862819502, 0.024538435773657902, 0.02450740077931966, 0.02445712106834565, 0.02437447154495333, 0.024352375750562975, 0.02428028446489147, 0.02425959599869592, 0.02421802718059293, 0.024170713100050176, 0.02414140065333673, 0.024074573468949114, 0.024061695273433412, 0.02399963020746197, 0.023926982190459967, 0.023878816847822497, 0.023806031992925063, 0.02381671655790082, 0.023781292739191225, 0.023737218364008834, 0.023667439552290098, 0.023615975564877902, 0.023624446110001633, 0.02354269607790879, 0.023472311640424386, 0.02346738308135952, 0.023412447289696763, 0.02333801462581115, 0.02333534206263721, 0.023311579200838293, 0.02323063077139003, 0.02317874353112919, 0.023143109965271184, 0.023134491007242883, 0.023049779968070134, 0.023023528778659447, 0.02296771588070052, 0.022946972998657396, 0.02287956719685878, 0.0228329994383135, 0.02281512975293611, 0.02278678781086845, 0.02271176186124129, 0.022658206622249315, 0.02260043691577656]}