{"val_loss": [1.0103484392166138, 0.9936388731002808, 0.9775184988975525, 0.9619873762130737, 0.9470391273498535, 0.9326661825180054, 0.9188573956489563, 0.905601441860199, 0.8928842544555664, 0.8806918263435364, 0.8690091967582703, 0.8578203320503235, 0.8471090793609619, 0.8368595242500305, 0.8270543217658997, 0.817676842212677, 0.8087105751037598, 0.800139307975769, 0.791944682598114, 0.7840293049812317, 0.7765403389930725, 0.7693762183189392, 0.7625212073326111, 0.7559582591056824, 0.7496708631515503, 0.7436469793319702, 0.7378730773925781, 0.7323347926139832, 0.7270183563232422, 0.7219099402427673, 0.7169962525367737, 0.712264895439148, 0.7077041268348694, 0.703302264213562, 0.6990482807159424, 0.694932222366333, 0.6909441351890564, 0.687075138092041, 0.6833165884017944, 0.6796598434448242, 0.676097571849823, 0.6726217865943909, 0.6692256927490234, 0.6659023761749268, 0.6626453995704651, 0.6594487428665161, 0.6563073396682739, 0.6532155871391296, 0.6501685380935669, 0.6471610069274902, 0.644187867641449, 0.6412458419799805, 0.6383318901062012, 0.6354424953460693, 0.6325746178627014, 0.6297256350517273, 0.6268936991691589, 0.6240759491920471, 0.6212702393531799, 0.6184749007225037, 0.6156871914863586, 0.612905740737915, 0.6101290583610535, 0.6073561310768127, 0.6045852899551392, 0.601815938949585, 0.5990464687347412, 0.596276044845581, 0.5935036540031433, 0.5907289385795593, 0.5879509449005127, 0.5851683616638184, 0.5823807716369629, 0.5795871019363403, 0.576785147190094, 0.5739725232124329, 0.5711525082588196, 0.5683232545852661, 0.565484881401062, 0.5626381635665894, 0.5597832202911377, 0.5569197535514832, 0.5540478229522705, 0.5511675477027893, 0.5482786893844604, 0.5453804135322571, 0.5424731969833374, 0.5395570993423462, 0.5366316437721252, 0.5336974263191223, 0.5307543873786926, 0.5278031229972839, 0.5248416066169739, 0.5218730568885803, 0.5188953280448914, 0.515910267829895, 0.5129134058952332, 0.5098995566368103, 0.5068745017051697, 0.5038397312164307], "loss": [1.031423568725586, 1.0141218900680542, 0.9972735643386841, 0.9810014367103577, 0.9655804634094238, 0.9500559568405151, 0.9355286955833435, 0.9214790463447571, 0.9083594679832458, 0.8948183655738831, 0.8824358582496643, 0.8712558150291443, 0.8600117564201355, 0.8481132984161377, 0.8383931517601013, 0.8287596702575684, 0.8185003399848938, 0.8097031116485596, 0.8007928133010864, 0.7925773859024048, 0.7845314145088196, 0.7766216397285461, 0.7696077823638916, 0.7625423073768616, 0.7556474804878235, 0.7494593858718872, 0.742989718914032, 0.7374770641326904, 0.731593906879425, 0.7263367176055908, 0.7207061648368835, 0.7159261703491211, 0.7107990980148315, 0.7058113217353821, 0.7019187211990356, 0.6977364420890808, 0.6928577423095703, 0.688112199306488, 0.6848376989364624, 0.6801630258560181, 0.6769821643829346, 0.6735382676124573, 0.6702572107315063, 0.6669594049453735, 0.6625678539276123, 0.6588881611824036, 0.6568291783332825, 0.6528162956237793, 0.6490848064422607, 0.6468547582626343, 0.6435056328773499, 0.6401048302650452, 0.6375430822372437, 0.6342833638191223, 0.6319633722305298, 0.6281747221946716, 0.6245934367179871, 0.6222987771034241, 0.6195325255393982, 0.6169250011444092, 0.613612174987793, 0.6114618182182312, 0.6083446741104126, 0.6059023141860962, 0.6025835275650024, 0.6000592112541199, 0.596194326877594, 0.5941671133041382, 0.5914255976676941, 0.588691771030426, 0.5858476161956787, 0.5828439593315125, 0.5800564289093018, 0.5760141611099243, 0.5743614435195923, 0.5719158053398132, 0.5669922232627869, 0.566240668296814, 0.5618759393692017, 0.5601358413696289, 0.5572092533111572, 0.553739070892334, 0.5507680177688599, 0.5482648015022278, 0.5449838638305664, 0.540870189666748, 0.5400834083557129, 0.5358854532241821, 0.5339416265487671, 0.5306663513183594, 0.5286163091659546, 0.5239781141281128, 0.521966278553009, 0.5165765881538391, 0.5165348649024963, 0.511553168296814, 0.5096854567527771, 0.5080352425575256, 0.50434809923172, 0.49998435378074646]}