{"val_loss": [1.604980101952186, 1.2213928149296687, 0.99366414213514, 0.8499780413987753, 0.743978720861715, 0.6518543258413568, 0.5641224250926838, 0.47904585749952944, 0.39857898266999037, 0.325917972759767, 0.2638262952124322, 0.21347667183075753, 0.17428854608035588, 0.14455292504150552, 0.12221470954534891, 0.10541854892577325, 0.09269972645736241, 0.08297589066978935, 0.07547067215184232, 0.06962234813433427, 0.0650176337132087, 0.06136434241295694, 0.058433360778368436, 0.05606227381141869, 0.054113315691897916, 0.05249118398536335, 0.05112055905319594, 0.04994072348296225, 0.0489065921702585, 0.047987679579666445, 0.047155420211228455, 0.04639119092192683, 0.045679000238855405, 0.04500733779652135, 0.04434722708863812, 0.04376340563689078, 0.04318700402558267, 0.04261629695033694, 0.04206695819234515, 0.04153262743062073, 0.04101733897220005, 0.040508688434020626, 0.04001243584431135, 0.039530041933684916, 0.039054091368521844, 0.03859157539852016, 0.038136918592703094, 0.03769319142390798, 0.03725445478946179, 0.03682843587927885, 0.03641094749311467, 0.036002072577293105, 0.03560049118070336, 0.03520563098934147, 0.034818698814907276, 0.03444223194480776, 0.03407012387276529, 0.03370991984864215, 0.03335410249712584, 0.03300448850943492, 0.032658337270254856, 0.03226608598044702, 0.031989160430181275, 0.03167890924048591, 0.03135724688743378, 0.031051305949792163, 0.030744941905140877, 0.030443760911588902, 0.030151414339775806, 0.029864501690010092, 0.029580360473869565, 0.029305082609082437, 0.02903007022984378, 0.028764429769211716, 0.028501143600869847, 0.028242768745843347, 0.0279891171420996, 0.0277393315039523, 0.02749781710440879, 0.027257709692303952, 0.02701968532967401, 0.02676364331395476, 0.026564755639829837, 0.02633427063954043, 0.026115764505588092, 0.025899021423884207, 0.02568507117668649, 0.025475228101119296, 0.025270273609386457, 0.025066151251117667, 0.024801003114952074, 0.02467528501382241, 0.024477737363089214, 0.024289812397706757, 0.024101495807925304, 0.02391533758100513, 0.023709450711632944, 0.02356276945113302, 0.023374482585521012, 0.023206331005150623], "loss": [1.9489157894083897, 1.430721867745226, 1.1181517717523746, 0.9299563995848216, 0.8045556655067843, 0.7053984297522338, 0.6152995412094717, 0.5283907452521149, 0.4447740175871064, 0.3671339637687856, 0.2986426275284564, 0.24144368817059905, 0.1959205796297968, 0.16094931710008342, 0.134536261999635, 0.11469961435277419, 0.09973818767498845, 0.08837045058549893, 0.07964564020004615, 0.07288333145460982, 0.06758963763946485, 0.06341016746528162, 0.060079981063279574, 0.05740149684721469, 0.05521879904117554, 0.053416770454685174, 0.05190955279256849, 0.0506261830261031, 0.04951059142713617, 0.04853056577978704, 0.04765051830440736, 0.046849440594235035, 0.04610974189827537, 0.04541446651847543, 0.044746635311590705, 0.04412213307249183, 0.04354510728813632, 0.042969036483839096, 0.042408024640659354, 0.04186621062300523, 0.04134122826665012, 0.040827800655718616, 0.04032438185289909, 0.0398349877240414, 0.03935536568596156, 0.0388861197242506, 0.0384265343447061, 0.03797725951887964, 0.037535750172642594, 0.03710149916922739, 0.03667928078077344, 0.036266200677735276, 0.03586085542606061, 0.035461929881949614, 0.035071439203529224, 0.03468739464122927, 0.0343137714956581, 0.033947068540660034, 0.033588279701717, 0.033235824452444135, 0.032887092169888964, 0.032513456653213244, 0.03217679055976179, 0.03189253306581954, 0.031570605481454954, 0.031257433587049806, 0.03095109474457725, 0.030646282467034346, 0.03034986269418194, 0.030060030149178147, 0.029774170120266338, 0.029493655139910438, 0.029218259867306896, 0.028948053703072664, 0.02868434218987881, 0.02842299803032901, 0.028165777537398837, 0.027913039624342037, 0.02766772809639794, 0.027427049048367094, 0.027188830752329935, 0.02693377464143072, 0.026713054733326153, 0.026499045189763773, 0.02627262152487137, 0.02605744353571876, 0.025840381679476283, 0.025628830104845284, 0.025420039220422994, 0.02521736368502052, 0.024971594955484257, 0.02478595930795061, 0.02462604013326157, 0.024429513475945644, 0.024243868631510693, 0.02405734914067804, 0.023851097732270538, 0.02368720007695368, 0.023514393810110105, 0.023337231674155252]}