{"val_loss": [2.6206667415663394, 1.745601721684728, 1.1825277604328612, 0.8192955091169, 0.5867264344103137, 0.44828763613645245, 0.36906379612986384, 0.3223471251866471, 0.2902770369518094, 0.26690135923069075, 0.24859650243441095, 0.2335874847870237, 0.22103966669844166, 0.21015877340656575, 0.20059819037562843, 0.1916866344681221, 0.18445275542212697, 0.17791247816631928, 0.17210338158041144, 0.1668611210894357, 0.16247155883152942, 0.15795799046912856, 0.15436846678355592, 0.15063972009517734, 0.14792313661390752, 0.144430702921568, 0.14147862133077194, 0.13914037630957485, 0.1362927828462101, 0.13355537177649182, 0.13099391339692432, 0.12909683205922107, 0.1273664496167467, 0.12508245749539307, 0.12335885817052704, 0.12166656282743239, 0.12020819025827238, 0.11792996897898449, 0.11610186908271634, 0.11482617376749488, 0.11365098648429044, 0.11138389028079436, 0.1106727968581408, 0.10964588360309854, 0.10877127833229866, 0.10775177217111355, 0.10632975297572125, 0.10541022624247653, 0.10341008514766349, 0.10263407269881866, 0.1019186282082049, 0.10123031343059853, 0.09913423475695819, 0.09789473693798102, 0.09801699518209298, 0.0965803878210003, 0.09566599249934594, 0.09467113966938041, 0.09381617029708111, 0.09344166691868327, 0.09375769506709321, 0.09175023762854892, 0.09119940673179869, 0.09097212220394978, 0.09013333819482637, 0.08953458384422078, 0.08835575942933749, 0.0873902006072811, 0.08752162466941683, 0.08608642656628679, 0.08609526978128156, 0.08618198507411103, 0.08460403477115318, 0.08300790302889977, 0.08243534951011551, 0.08146993868045059, 0.08095438344639154, 0.07985468494013537, 0.07950007859400196, 0.07912749373615736, 0.07908372662384715, 0.07803890240217697, 0.07743887664910212, 0.07694438906546489, 0.07724026323534146, 0.07677336775106185, 0.07654890027746543, 0.07574166231892394, 0.07542846900186762, 0.0741140898692393, 0.07302021985816298, 0.07266853831131663, 0.07165791515422903, 0.07112840371856255, 0.07171111587091317, 0.07100740997940459, 0.07067879970449152, 0.07046597725134007, 0.0699677948197024, 0.06942524569758934], "loss": [3.3395482222070623, 2.206546281579949, 1.3974177604768334, 0.8527064660321111, 0.5316554727319189, 0.3460188902132332, 0.2479293893623706, 0.19364295323099842, 0.16903300177254582, 0.15282122416309182, 0.1434985188133264, 0.13750765212709806, 0.13272887920271428, 0.12901886219942937, 0.12520735139621783, 0.12329981516363259, 0.12011055032054035, 0.11872758571757744, 0.1155295285494052, 0.11467114113832202, 0.11263150085763234, 0.11063549061595193, 0.10950749219728047, 0.10786670130358521, 0.10642108434963328, 0.10653399824622074, 0.10478024770163023, 0.10394884132378175, 0.10331424829784153, 0.10282006836076557, 0.10109315930311652, 0.10042974929604778, 0.09952826263859062, 0.0981734031189158, 0.09796711055054265, 0.09736882827283216, 0.09709156000411902, 0.0962100184956133, 0.09544311885742722, 0.09448767538762168, 0.0941969127821897, 0.094349175407171, 0.0923812879389695, 0.09236429557441274, 0.09173756194708835, 0.09155713142639506, 0.09083173219371322, 0.09033789345846449, 0.09032253684003937, 0.08952048953429007, 0.08929607501275214, 0.08899105519593584, 0.08866778313165505, 0.0880374508185958, 0.08803162865996488, 0.0875203780284742, 0.08681429814337925, 0.0865357320356723, 0.08657558764847566, 0.08565901875622325, 0.08537612698995928, 0.0855231840372844, 0.08499506466714853, 0.08431954048218429, 0.08469558385529675, 0.08407838922290256, 0.08421096581795814, 0.08366780045461047, 0.08285029171664793, 0.08292893688505552, 0.08267541842837349, 0.082652936273769, 0.08286167708080369, 0.08196175453961212, 0.0822905557247892, 0.0821794235914914, 0.0818894851561695, 0.08143267092371037, 0.08129675530711009, 0.080984594365572, 0.0805222381494963, 0.08093185973287513, 0.08029037183851857, 0.0802076319637506, 0.07996785518252078, 0.07941163900137453, 0.07980721021981659, 0.07947562566206791, 0.0791782846048174, 0.07915196747125017, 0.07932646746410418, 0.07884542583976799, 0.07878660732210631, 0.07853141746237827, 0.07823312083458724, 0.07841581792777062, 0.07793927843724935, 0.07798689721529456, 0.07760720078222066, 0.07773616281856535]}