{"val_loss": [1.2709014415740967, 1.2576931715011597, 1.244657039642334, 1.2317883968353271, 1.2190935611724854, 1.2065699100494385, 1.1942118406295776, 1.18201744556427, 1.169983148574829, 1.1581076383590698, 1.1463844776153564, 1.1348116397857666, 1.1233830451965332, 1.1120998859405518, 1.1009631156921387, 1.0899699926376343, 1.0791192054748535, 1.0683999061584473, 1.0578022003173828, 1.0473346710205078, 1.036988615989685, 1.026764988899231, 1.0166549682617188, 1.006651520729065, 0.9967426657676697, 0.9869354963302612, 0.977234959602356, 0.9676392078399658, 0.9581465721130371, 0.948745608329773], "loss": [1.2845895290374756, 1.2711024284362793, 1.2578760385513306, 1.2449144124984741, 1.2318506240844727, 1.219386100769043, 1.2068355083465576, 1.1940913200378418, 1.1818583011627197, 1.1699016094207764, 1.1579935550689697, 1.146177887916565, 1.1346912384033203, 1.1231262683868408, 1.11189603805542, 1.1006463766098022, 1.089451551437378, 1.0780022144317627, 1.0676047801971436, 1.0571199655532837, 1.046627402305603, 1.035941481590271, 1.0249698162078857, 1.0148755311965942, 1.0043518543243408, 0.9952042698860168, 0.985511839389801, 0.9756298661231995, 0.9662762880325317, 0.9548755884170532]}