{"val_loss": [0.5104312130383083, 0.44611585459538866, 0.35207108833960127, 0.24137105526668684, 0.15528171456285886, 0.10512451933962959, 0.07757161584283624, 0.06201808513807399, 0.05234505981206894, 0.046004497313073704, 0.04171967187098095, 0.03870988078415394, 0.036535349009292464, 0.03490877131532345, 0.033676133690668006, 0.03271885083190033, 0.031953126192092896, 0.03133653263960566, 0.030835512426814864, 0.030422730570925132, 0.03007759220365967, 0.02978561512593712, 0.029537094623914788, 0.02932199729340417, 0.02913392601268632, 0.028970043574060713, 0.02882161077910236, 0.028689599662486995, 0.028568968775549104, 0.028459102181451663, 0.028357776680162976, 0.02826360087575657, 0.02817445687417473, 0.02809006241815431, 0.028009237921131507, 0.027932316796588048, 0.027857828552701643, 0.027786684155996357, 0.02771715972838657, 0.02764933044090867, 0.027582825427608832, 0.027517834079584906, 0.02745394701404231, 0.027391014554138695, 0.02732901680948479, 0.027267679971243654, 0.027207230483847007, 0.027147252977426563, 0.02708793624437281, 0.0270292657826628, 0.02697142000709261, 0.026913915561246022, 0.026856605761817524, 0.02680001374600189, 0.026743816145296608, 0.026688039901533296, 0.0266329016137336, 0.026578187410320555, 0.026523950709296123, 0.026469907523798093, 0.0264162097924522, 0.026363114693335125, 0.026310693339577744, 0.026258412282913923, 0.02620678873998778, 0.02615547805492367, 0.026104214767526304, 0.026054031614746367, 0.02600411092862487, 0.025954057529036487, 0.0259049530806286, 0.02585668645666114, 0.025807730620726943, 0.02576026214020593, 0.02571276904615973, 0.0256651812565646, 0.025618366930367693, 0.02557250072381326, 0.02552668041815715, 0.02548140467011503, 0.025436516418786987, 0.02539262441652162, 0.025347746376480376, 0.02530436690098473, 0.025261023846854056, 0.025218422690938627, 0.025176237603383406, 0.025134129649294273, 0.02509269883323993, 0.025050817390105555, 0.025010859992887293, 0.024970454230372394, 0.024930024652608802, 0.02489049100716199, 0.024852007694010223, 0.02481282169797591, 0.02477517564381872, 0.024737147082175528, 0.024699733526046787, 0.02466304773198707], "loss": [0.5445969147341592, 0.4791919280375753, 0.4028806494815009, 0.2972890926258905, 0.1969165684921401, 0.12856695215616906, 0.08970776413168226, 0.06729846194918666, 0.054890609213284085, 0.04712338027145181, 0.04179181211761066, 0.03769301689629044, 0.03512718681512134, 0.03313725401780435, 0.03148294359977756, 0.03050952364823648, 0.029641891896192516, 0.02891094796359539, 0.028340367068137442, 0.027828180962907418, 0.027450077967452153, 0.027170096590582813, 0.026856047633503164, 0.026656066200562885, 0.02639538242614695, 0.026218958598162447, 0.026098583758409535, 0.025913614580141648, 0.025794999407870427, 0.025681499923978533, 0.025579247823251144, 0.025466898722308024, 0.025371294734733447, 0.025293253096086637, 0.025187060636069094, 0.025121078826487064, 0.025041209334241494, 0.024942747250731503, 0.02489160859425153, 0.024843640758522918, 0.024742956639134457, 0.024695729171591147, 0.024611471686512232, 0.024536432498799905, 0.024474744086286852, 0.024410741470221962, 0.024376987612673214, 0.02429073363808649, 0.024243707436003854, 0.0241702750458249, 0.024117615539580584, 0.024080868544323102, 0.024013691382216557, 0.02395505697599479, 0.023895834306521074, 0.02386105416475662, 0.023786260280758142, 0.023737039283982346, 0.023702926401581084, 0.02362533805093595, 0.02355975311781679, 0.023512063414922783, 0.0234746089471238, 0.023401850501873663, 0.02336325340106019, 0.023325782335762466, 0.02323382188166891, 0.023203314148953984, 0.02317480875977448, 0.023091022856533527, 0.023059825346406018, 0.023023368657699654, 0.022942041911716973, 0.02293415131446506, 0.022859372331627777, 0.022822501536990916, 0.02275915477158768, 0.02272658934816718, 0.02266878990589508, 0.02262232096732727, 0.0225806729202824, 0.02255314089623945, 0.02247914482307221, 0.022445579658129385, 0.022413338800626143, 0.02234944175662739, 0.022330183003629957, 0.022278415837458203, 0.022234014102390835, 0.022190905708287443, 0.02215807881605412, 0.02211805120376604, 0.022063214431649873, 0.022021201505724872, 0.02201287411818547, 0.021942297828250697, 0.0219162942708603, 0.021886707516387105, 0.02185203307973487, 0.02181060765204685]}