{"val_loss": [1.320381999015808, 1.288538932800293, 1.2578614950180054, 1.2283464670181274, 1.1999834775924683, 1.1727559566497803, 1.146642804145813, 1.1216198205947876, 1.097659707069397, 1.0747344493865967, 1.0528146028518677, 1.0318677425384521, 1.0118629932403564, 0.9927653074264526, 0.974542498588562, 0.9571593999862671, 0.9405806660652161, 0.9247728586196899, 0.9096999168395996, 0.895327091217041, 0.881619393825531, 0.8685430288314819, 0.8560636043548584, 0.8441471457481384, 0.8327619433403015, 0.8218873739242554, 0.8115001320838928, 0.8015720248222351, 0.7920752167701721, 0.7829833030700684, 0.77427077293396, 0.7659125924110413, 0.7578850984573364, 0.7501655220985413, 0.7427325248718262, 0.7355660796165466, 0.7286466360092163, 0.7219548225402832, 0.7154735922813416, 0.7091832160949707, 0.703069269657135, 0.6971155405044556, 0.6913079619407654, 0.6856334805488586, 0.6800787448883057, 0.6746335625648499, 0.6692858934402466, 0.6640269160270691, 0.6588456034660339, 0.6537306904792786, 0.6486765742301941, 0.6436744928359985, 0.6387147903442383, 0.6337900757789612, 0.6288948059082031, 0.6240240335464478, 0.6191747188568115, 0.614342451095581, 0.6095216274261475, 0.6047086119651794, 0.599901020526886, 0.5950921773910522, 0.5902829766273499, 0.5854694247245789, 0.5806514024734497, 0.5758281350135803, 0.5709970593452454, 0.5661556124687195, 0.5613011121749878, 0.5564336180686951, 0.5515559315681458, 0.5466641187667847, 0.5417593717575073, 0.5368403196334839, 0.5319064259529114, 0.526952862739563, 0.521980881690979, 0.516993522644043, 0.5119903087615967, 0.5069623589515686, 0.5019082427024841, 0.4968346953392029, 0.4917469918727875, 0.4866415858268738, 0.4815210998058319, 0.4763861894607544, 0.471241295337677, 0.466086208820343, 0.460919588804245, 0.45574331283569336, 0.45056217908859253, 0.4453814923763275, 0.4401988387107849, 0.435015469789505, 0.4298354387283325, 0.4246574938297272, 0.4194868206977844, 0.41432082653045654, 0.40916693210601807, 0.40402206778526306], "loss": [1.3543201684951782, 1.3210066556930542, 1.2889397144317627, 1.2580702304840088, 1.2284011840820312, 1.1995993852615356, 1.171977162361145, 1.1458252668380737, 1.1208893060684204, 1.0963562726974487, 1.0736058950424194, 1.0513755083084106, 1.0301076173782349, 1.0098204612731934, 0.9899852871894836, 0.9720330238342285, 0.9544770121574402, 0.9381909966468811, 0.9219709634780884, 0.9069797396659851, 0.8916168212890625, 0.8783413171768188, 0.8647174835205078, 0.8526915311813354, 0.8406577706336975, 0.8287535309791565, 0.8173168897628784, 0.8069323897361755, 0.7972747087478638, 0.7873219847679138, 0.7778743505477905, 0.7691065073013306, 0.7610083818435669, 0.7530136108398438, 0.7451679706573486, 0.7375283241271973, 0.7297041416168213, 0.7227614521980286, 0.7157671451568604, 0.7105358242988586, 0.7038708925247192, 0.6968891024589539, 0.6912714242935181, 0.6852424144744873, 0.6795259118080139, 0.6745681166648865, 0.6689378023147583, 0.662980318069458, 0.6572723984718323, 0.65305495262146, 0.6475104689598083, 0.6425511240959167, 0.6377648115158081, 0.6327750086784363, 0.6278284192085266, 0.6217817068099976, 0.616822361946106, 0.6123659014701843, 0.607752799987793, 0.6034250855445862, 0.5979002118110657, 0.5933487415313721, 0.5882313251495361, 0.5839800238609314, 0.5786473751068115, 0.5735222697257996, 0.5688841938972473, 0.5647964477539062, 0.55970299243927, 0.5544126629829407, 0.5488674640655518, 0.5448077321052551, 0.5388495326042175, 0.5346125960350037, 0.5302148461341858, 0.5259979963302612, 0.5207124948501587, 0.5148297548294067, 0.5095579028129578, 0.5056764483451843, 0.5003007054328918, 0.4954584240913391, 0.48925185203552246, 0.48443683981895447, 0.47900134325027466, 0.47462984919548035, 0.4699516296386719, 0.46473854780197144, 0.4613436758518219, 0.45580077171325684, 0.44931602478027344, 0.4429928958415985, 0.4390142858028412, 0.4339118003845215, 0.4286690056324005, 0.42377036809921265, 0.41756024956703186, 0.4141934812068939, 0.4072120189666748, 0.40341654419898987]}