{"val_loss": [1.0292523018149442, 0.8248458282892094, 0.6331442525220472, 0.4144107678601908, 0.26428892307503277, 0.20985234095606692, 0.18039493921191194, 0.1574243792267733, 0.1387342710134595, 0.12335158919179162, 0.1106234903252402, 0.10012757483609887, 0.09152375161647797, 0.08447373121283776, 0.07872255614330602, 0.07405692581520525, 0.0702747768440912, 0.06721857311420662, 0.06477869354015173, 0.06281301829704018, 0.06123059173656065, 0.059967222515233724, 0.0589727288068727, 0.05816089491858039, 0.05751807615160942, 0.057000871227924216, 0.05659583055002745, 0.056271397616974146, 0.055997860639594325, 0.05576343938361767, 0.055567701888638875, 0.05540627821586853, 0.055282145738601685, 0.055152023774246835, 0.05504538803253063, 0.05494090290956719, 0.05486852051906808, 0.05478989393558613, 0.05471451788447624, 0.05465970959427745, 0.054595155771388564, 0.05453085717420245, 0.0544850540369056, 0.054410751389209616, 0.054366792963687766, 0.054312429369189015, 0.05427766608637433, 0.054234700060861056, 0.054203472165174266, 0.05415772949886877, 0.05413885865100594, 0.05412067793482958, 0.05408236921526665, 0.05404685619612073, 0.05402510777808899, 0.0540005995263887, 0.053973764181137085, 0.05398536282916402, 0.053937913893267166, 0.05390353873372078, 0.05389164162929668, 0.05387184344405352, 0.0538805550787338, 0.053838241585465366, 0.053818979322217235, 0.053808629945960154, 0.05379941279804984, 0.053779834838107575, 0.05374450167251188, 0.053767475277878514, 0.05374383683814559, 0.05372665094774823, 0.05372133946349455, 0.05368904526843581, 0.05367898603164872, 0.053647075368221414, 0.053660606055758724, 0.05364718920616216, 0.05363506520556849, 0.0536220189790393, 0.05360752959237542, 0.053597666756358256, 0.0535801051314487, 0.05359899243989656, 0.05359272173670835, 0.053575171201035034, 0.05355635302704434, 0.053549230878436285, 0.053549270383840386, 0.05355198352142822, 0.053515667832174964, 0.05352330476392147, 0.05350095328203468, 0.053493628928134605, 0.053480584607567896, 0.053458785334991855, 0.053466803632503335, 0.05349041408924169, 0.053452605598194654, 0.053496136221774786], "loss": [1.1677718301152074, 0.9255680261656295, 0.7443604940591857, 0.5698913723923439, 0.3951180369354958, 0.27643986115621966, 0.21307850403841153, 0.17835761537385542, 0.1520996852669605, 0.13083647312813027, 0.11561143987400588, 0.10436295354089072, 0.09386738978846129, 0.08552574608908144, 0.07879585027694702, 0.07291442051876423, 0.06804633712352709, 0.06489970223155132, 0.06217541666918023, 0.05956989613383315, 0.0574733750937983, 0.056463666953319724, 0.05490799768026485, 0.05393349032762439, 0.05277154057524925, 0.05234967042193856, 0.052184924829837886, 0.05163600668311119, 0.051041848351096, 0.05107095161842745, 0.05046787572114966, 0.050278987215701926, 0.050349703448456386, 0.049708004087902775, 0.0497706574929315, 0.049598294201978414, 0.04951995905748634, 0.049507231213325675, 0.04919681013670078, 0.049305522337902426, 0.049217031705518104, 0.04892619404681893, 0.04906348528903584, 0.048709217372328736, 0.04881597630852877, 0.048692834585212, 0.04872362185702767, 0.04863162312743276, 0.04860080241463905, 0.04848874161063239, 0.04855374125547187, 0.04862978361373724, 0.04834585359623266, 0.04832036758578101, 0.04842795223690743, 0.04836617860683175, 0.04819289222359657, 0.04858318664306818, 0.0481299351640912, 0.048138764448637184, 0.04822160312256148, 0.048207868410404336, 0.04829125496190648, 0.047882302296023034, 0.04805889023944389, 0.04816461094590121, 0.048126820734767026, 0.04801318101411642, 0.047871280634819074, 0.04807219463725423, 0.047933503725500995, 0.04800983752275622, 0.04794661094282949, 0.047819452403589736, 0.047916264208250264, 0.047725145120260326, 0.047911594080370525, 0.04773251712322235, 0.047823657303355464, 0.047744304981342585, 0.04768261070861373, 0.047690158926470334, 0.047674281565948974, 0.047882112826025766, 0.04765416387208672, 0.0476585456798243, 0.04760669804243154, 0.047691744947156244, 0.0476360444932483, 0.0477366597326689, 0.04753515158974847, 0.04765084576468135, 0.04758358798747839, 0.04756643666430961, 0.047503675832304845, 0.047459027361731194, 0.047556245049764946, 0.04761901402542757, 0.04747878864061001, 0.047569623693477274]}