{"val_loss": [0.8988019865612651, 0.7965372190919033, 0.7265474560648896, 0.6744349487992221, 0.6313697654147481, 0.5919159415156342, 0.5534840739050577, 0.514743140963621, 0.4754697223042333, 0.43534934867260067, 0.39530957784763604, 0.35575848332671234, 0.3186016755048619, 0.2845971293227617, 0.2544288718423178, 0.2280467942703602, 0.2059855339832084, 0.18794000252734783, 0.17309236457181532, 0.1610460842764655, 0.15128692984580994, 0.1433912390886351, 0.1368622003599655, 0.13153616980064747, 0.12720839090125505, 0.12353403034598329, 0.12051727085612542, 0.11795166810584623, 0.11573374202085096, 0.11380745054677475], "loss": [0.9741734127665675, 0.8451883598815563, 0.7593529584795929, 0.6978280752204186, 0.652696127115294, 0.6115858707317087, 0.5704633330189904, 0.531374357467474, 0.49600429521050565, 0.45594328018121943, 0.42278617481852687, 0.37699181534523185, 0.35297984023426854, 0.31910389592481214, 0.29310975726260696, 0.263186119323553, 0.23851238953512768, 0.21811755659968354, 0.20682827747145363, 0.18885572116042293, 0.17898507035055825, 0.17042378006979478, 0.1626663062461587, 0.14820308567479598, 0.14497770888860836, 0.14253675833690999, 0.13193862867909809, 0.1306792178819346, 0.12926184576611185, 0.12877098592214806]}