{"val_loss": [0.9875202775001526, 0.9799894094467163, 0.9725443124771118, 0.9651884436607361, 0.9579235911369324, 0.9509656429290771, 0.9440289735794067, 0.9371282458305359, 0.9302151799201965, 0.9234170913696289, 0.9166805744171143, 0.9100194573402405, 0.9034414887428284, 0.8969460725784302, 0.8905254602432251, 0.8841784000396729, 0.8779025077819824, 0.871699869632721, 0.8655695915222168, 0.8595085144042969, 0.8534473180770874, 0.8474486470222473, 0.8415793776512146, 0.8357023596763611, 0.8299548625946045, 0.8242689371109009, 0.8185774683952332, 0.8129447102546692, 0.8074371218681335, 0.8019237518310547], "loss": [0.9949687719345093, 0.9877302050590515, 0.9801658987998962, 0.9726154804229736, 0.9651818871498108, 0.9580407738685608, 0.951005220413208, 0.9441434741020203, 0.9372006058692932, 0.9301774501800537, 0.9235220551490784, 0.9166433811187744, 0.9100355505943298, 0.903496265411377, 0.8969717025756836, 0.8904629945755005, 0.8839235305786133, 0.877849817276001, 0.8715710043907166, 0.8653801083564758, 0.8594633340835571, 0.8530097603797913, 0.8472093343734741, 0.8407953381538391, 0.8350814580917358, 0.8292322754859924, 0.8235689997673035, 0.8179519772529602, 0.8120579123497009, 0.8071336150169373]}