{"val_loss": [0.9720466136932373, 0.9646979570388794, 0.9580860137939453, 0.9508991241455078, 0.9437989592552185, 0.9367848038673401, 0.9298585057258606, 0.9231111407279968, 0.9163496494293213, 0.9096719622612, 0.9030855894088745, 0.8965697288513184, 0.890131950378418, 0.8837395310401917, 0.8774490356445312, 0.8711790442466736, 0.8649737238883972, 0.8588355183601379, 0.8527597188949585, 0.8467962741851807, 0.840828001499176, 0.83498215675354, 0.8291871547698975, 0.8233851790428162, 0.8176990747451782, 0.8120688199996948, 0.8064948916435242, 0.8009706139564514, 0.7954981327056885, 0.7900128960609436], "loss": [0.9796081185340881, 0.9722858667373657, 0.9650662541389465, 0.9580997228622437, 0.9509397149085999, 0.9441830515861511, 0.9368075728416443, 0.9300419092178345, 0.923119068145752, 0.9166463613510132, 0.9094981551170349, 0.9028649926185608, 0.8966318368911743, 0.8897567391395569, 0.8832379579544067, 0.8771563768386841, 0.8707009553909302, 0.8644019961357117, 0.8581839799880981, 0.8519368171691895, 0.8462175130844116, 0.839991569519043, 0.8338158130645752, 0.8281452655792236, 0.8226026892662048, 0.8164783716201782, 0.8111560344696045, 0.8052564859390259, 0.7991999387741089, 0.7943289279937744]}