{"val_loss": [1.2781134843826294, 1.2666720151901245, 1.2535094022750854, 1.2405256032943726, 1.2277129888534546, 1.2150710821151733, 1.2026013135910034, 1.1902997493743896, 1.1781679391860962, 1.166250467300415, 1.154457926750183, 1.1428053379058838, 1.1313037872314453, 1.1198947429656982, 1.1086241006851196, 1.097483515739441, 1.086472749710083, 1.075597882270813, 1.0648562908172607, 1.0543477535247803, 1.0438507795333862, 1.0334768295288086, 1.0232198238372803, 1.0130589008331299, 1.003000259399414, 0.9930494427680969, 0.9832096099853516, 0.9734783172607422, 0.9638498425483704, 0.9543188214302063], "loss": [1.291831135749817, 1.2783311605453491, 1.2669984102249146, 1.2536765336990356, 1.2409228086471558, 1.227745771408081, 1.2152453660964966, 1.2026389837265015, 1.1902952194213867, 1.178010106086731, 1.1665593385696411, 1.1544240713119507, 1.1429154872894287, 1.1308515071868896, 1.1199584007263184, 1.1083998680114746, 1.0974406003952026, 1.08562433719635, 1.0752761363983154, 1.0644675493240356, 1.0535025596618652, 1.0433496236801147, 1.0318779945373535, 1.0222675800323486, 1.0119000673294067, 1.0016992092132568, 0.9910663366317749, 0.9814211130142212, 0.9706031084060669, 0.9615059494972229]}