{"val_loss": [1.0268763303756714, 1.0101416110992432, 0.9939899444580078, 0.9784212112426758, 0.9634294509887695, 0.9490054249763489, 0.9351382255554199, 0.9218166470527649, 0.9090278744697571, 0.8967584371566772, 0.8849928379058838, 0.8737159371376038, 0.8629119992256165, 0.852564811706543, 0.8426570892333984, 0.8331705331802368, 0.8240894079208374, 0.8153960704803467, 0.8070729970932007, 0.7991026639938354, 0.7914677858352661, 0.7841514945030212, 0.7771379351615906, 0.770409882068634, 0.7639513611793518, 0.7577524781227112, 0.7518022656440735, 0.7460860013961792, 0.7405903339385986, 0.7353022694587708, 0.7302087545394897, 0.7252980470657349, 0.7205578684806824, 0.7159773707389832, 0.7115456461906433, 0.7072517275810242, 0.7030849456787109, 0.699036717414856, 0.695098340511322, 0.6912616491317749, 0.6875196099281311, 0.6838648319244385, 0.6802897453308105, 0.6767877340316772, 0.6733525395393372, 0.6699784398078918, 0.6666606664657593, 0.6633936762809753, 0.6601728796958923, 0.6569938659667969, 0.6538520455360413, 0.6507440805435181, 0.6476661562919617, 0.6446149349212646, 0.6415884494781494, 0.6385828256607056, 0.6355962157249451, 0.6326239109039307, 0.6296635866165161, 0.6267123222351074, 0.6237708926200867, 0.6208364963531494, 0.6179085373878479, 0.6149851679801941, 0.6120648384094238, 0.6091476082801819, 0.6062314510345459, 0.6033156514167786, 0.6003997921943665, 0.5974834561347961, 0.5945643782615662, 0.5916340947151184, 0.5886913537979126, 0.5857406258583069, 0.5827851295471191, 0.5798235535621643, 0.5768510699272156, 0.5738666653633118, 0.5708734393119812, 0.5678735971450806, 0.564859926700592, 0.5618337392807007, 0.5587979555130005, 0.5557517409324646, 0.5526948571205139, 0.5496296286582947, 0.5465548038482666, 0.5434699654579163, 0.5403750538825989, 0.5372698307037354, 0.5341559052467346, 0.5310316681861877, 0.5278959274291992, 0.5247480869293213, 0.5215902328491211, 0.5184211730957031, 0.5152391195297241, 0.5120434761047363, 0.5088297128677368, 0.5056049227714539], "loss": [1.0440256595611572, 1.0263665914535522, 1.0093533992767334, 0.9930726289749146, 0.9773775339126587, 0.9619162678718567, 0.9475067853927612, 0.9334520101547241, 0.9200409650802612, 0.9073405861854553, 0.8944255113601685, 0.8825799226760864, 0.8705939650535583, 0.8599252104759216, 0.8493102788925171, 0.8394218683242798, 0.8296574354171753, 0.8207035064697266, 0.8111331462860107, 0.8034356236457825, 0.7949017286300659, 0.7872775793075562, 0.7795657515525818, 0.7727565169334412, 0.7654245495796204, 0.7588184475898743, 0.7520855069160461, 0.7465416193008423, 0.7402001023292542, 0.7341467142105103, 0.7301368713378906, 0.7245453596115112, 0.7196545600891113, 0.7145364284515381, 0.7095752358436584, 0.7054103016853333, 0.7008182406425476, 0.696819543838501, 0.6921920776367188, 0.6888747811317444, 0.6843611001968384, 0.6796957850456238, 0.67667156457901, 0.6728814244270325, 0.6699156761169434, 0.6664889454841614, 0.6628168821334839, 0.6591745018959045, 0.6555101275444031, 0.6528671383857727, 0.6485468149185181, 0.6456560492515564, 0.6428186297416687, 0.6398739218711853, 0.6366520524024963, 0.6332082152366638, 0.6294749975204468, 0.6276413798332214, 0.623033881187439, 0.6220687031745911, 0.6178797483444214, 0.6148106455802917, 0.6119490265846252, 0.6098244786262512, 0.6073957085609436, 0.6024933457374573, 0.600753128528595, 0.5980653762817383, 0.5955204963684082, 0.5911594033241272, 0.5870576500892639, 0.5865550637245178, 0.582953691482544, 0.5805730819702148, 0.5753771066665649, 0.5735180974006653, 0.5704809427261353, 0.5681623816490173, 0.5646081566810608, 0.5594567060470581, 0.5573139190673828, 0.5552144050598145, 0.5517240166664124, 0.5489701628684998, 0.5458126664161682, 0.5417608022689819, 0.5397063493728638, 0.5376126766204834, 0.5332046151161194, 0.530336320400238, 0.5265353918075562, 0.5241951942443848, 0.5212878584861755, 0.5189085006713867, 0.513288140296936, 0.5121918320655823, 0.5091707706451416, 0.5057050585746765, 0.5028917789459229, 0.49874642491340637]}