{"val_loss": [0.2202023645473081, 0.032870821828065916, 0.021814881585711658, 0.019378164840876594, 0.018574961338394372, 0.018283384440596715, 0.018172298319811046, 0.018128507445717968, 0.018110749160134516, 0.018103354545526727, 0.01810019913800927, 0.01809881891795369, 0.018098202122505323, 0.018097917397701464, 0.018097785236530526, 0.018097721906595452, 0.01809769370701424, 0.018097677116477213, 0.018097669665896616, 0.018097667543347493, 0.018097664077961168, 0.018097663904691853, 0.01809766221531602, 0.01809766212868136, 0.01809766212868136, 0.01809766212868136, 0.01809766212868136, 0.01809766212868136, 0.01809766212868136, 0.01809766212868136], "loss": [0.9501098965027536, 0.08791255412348943, 0.023085655312436497, 0.01768459384004737, 0.01618695415036623, 0.015672033407198367, 0.015481100338258485, 0.015407314293028773, 0.015377884615183801, 0.015365822255149368, 0.015360748366445534, 0.015358560956841292, 0.015357594568888808, 0.015357157764162204, 0.015356956612925196, 0.015356861242605734, 0.015356815903801327, 0.01535679375420707, 0.01535678286711837, 0.015356777048157168, 0.015356774391360985, 0.01535677281749803, 0.01535677182119946, 0.015356771236415519, 0.015356771099243978, 0.015356771048707094, 0.015356771301391512, 0.015356771272513293, 0.015356771128122197, 0.01535677101260932]}