{"val_loss": [0.24883236718732257, 0.1554931488841079, 0.10540620029665702, 0.08102115780808204, 0.06959169617919035, 0.06397733889346899, 0.06086825943270395, 0.05894819404496703, 0.05768225809862448, 0.05681738326715868, 0.05621172210504843, 0.05577829202940298, 0.05546261092951132, 0.055229377954505214, 0.05505556335975958, 0.05492506644060446, 0.05482653996279074, 0.054751728683017024, 0.05469466841151548, 0.05465091115166975, 0.05461717119743658, 0.05459099730779959, 0.054570582716964015, 0.054554575144551525, 0.054541931509278545, 0.05453188440134359, 0.054523841499589214, 0.05451735204388929, 0.05451207330753637, 0.05450774824549986], "loss": [0.46970202063405236, 0.19569070221379745, 0.12298224207966826, 0.08563357037167217, 0.06780633226383564, 0.05936656112587729, 0.0550314508551775, 0.052516360182401745, 0.050915636122226715, 0.049842534543469895, 0.04910200323129809, 0.04857867886853773, 0.048201136464296385, 0.04792433483309524, 0.04771901883704718, 0.04756557525590409, 0.047450078954530316, 0.04736267541383588, 0.047296180541432184, 0.047245337172996164, 0.04720626979373222, 0.0471760556101799, 0.04715257337273553, 0.047134212456470315, 0.047119774790697316, 0.047108342567848606, 0.04709922487652579, 0.047091905460801234, 0.04708598077643749, 0.047081143530302266]}