{"val_loss": [0.5476995859035226, 0.5144483807475068, 0.48500188006911166, 0.45444693537645564, 0.4207551569439644, 0.3814825457195903, 0.33821235354556595, 0.2922975199167119, 0.24710457546766415, 0.20623559868612953, 0.1725890241390051, 0.14620532649894094, 0.12682164616362993, 0.1127476862003637, 0.1025575359546861, 0.09514766948860745, 0.08951051290645155, 0.08514014007740242, 0.0817752844372461, 0.07909348468447841, 0.07689062748537508, 0.07509370771951454, 0.07358935925849648, 0.07226512407840685, 0.07114537874626559, 0.07016536714725716, 0.06932505254828653, 0.06856609863597293, 0.06792074285967406, 0.06736254969308543], "loss": [0.5628751003464987, 0.5255253231802652, 0.49486889326295186, 0.4638156488884327, 0.43565450019614643, 0.404635920774105, 0.36501929441163705, 0.3254282065602236, 0.2883838345838148, 0.2556561713301858, 0.21915770755257719, 0.1955010236002678, 0.1612608363462049, 0.1465123427468677, 0.13056119895258614, 0.11701728767433832, 0.11096615326959033, 0.10269238470598709, 0.09705963297638782, 0.09037128368089366, 0.08655992843383967, 0.08139411949141082, 0.080348769939223, 0.07935289206892945, 0.075954569113809, 0.07361106349285258, 0.07218936432239621, 0.06940549040256544, 0.07022881421238877, 0.06970674596553625]}