{"val_loss": [0.5216910048972728, 0.5051121905792592, 0.49184602221777274, 0.475311616825503, 0.44432965336843977, 0.37759448414625124, 0.2553812161434528, 0.11239109344260637, 0.02891701355923054, 0.005953398619800113, 0.002204827655669908, 0.001587844830071337, 0.0014516871861117177, 0.0013990104875289077, 0.0013657244826602035, 0.0013375108693401481, 0.0013115580036673089, 0.001286039034142917, 0.0012624160343304622, 0.0012424105025697933, 0.0012223938382555579, 0.0012052454687871558, 0.001189387877211841, 0.0011729582613550645, 0.001157245552708763, 0.0011438423561928577, 0.0011316150816720585, 0.001120755530157408, 0.0011097367685071605, 0.001099237914976859], "loss": [0.5341404593268106, 0.513323630011359, 0.49692949098210004, 0.47903126547502917, 0.45024946470593297, 0.3978148379991221, 0.3165624751601108, 0.23225682765938516, 0.15013974974321764, 0.10613320300052333, 0.05522032194705897, 0.03767477296466051, 0.02491587876927021, 0.018033645267403402, 0.01186570479686177, 0.010333119653338609, 0.0074897133203786475, 0.006605884320167608, 0.005268551452561866, 0.004702482426669015, 0.004761718408486178, 0.004819613913897165, 0.00370496085325126, 0.003127391742499069, 0.002854482119166574, 0.0029132439657439326, 0.00266824905262437, 0.0026730468908194886, 0.0023216929741550324, 0.00214736946576903]}