{"val_loss": [0.5090892293623516, 0.44627537365470615, 0.3673956213252885, 0.28306348834718975, 0.20772370483194078, 0.1514236368238926, 0.11212913213031632, 0.08656683750450611, 0.06986814923584461, 0.058644316026142666, 0.050992731537137716, 0.045491114258766174, 0.041458857112697194, 0.0384790327266923, 0.03639729281089136, 0.034672264475375414, 0.033420786527650695, 0.032475581259599755, 0.0316504089693938, 0.031125567853450775, 0.030631226154842546, 0.030308399482497146, 0.030112038433019604, 0.029988629410841634, 0.029791441213871752, 0.029700067226908038, 0.02958758594468236, 0.029592219407537153, 0.02952635707333684, 0.029525744994836196, 0.02949461733390178, 0.02944659335272653, 0.02943813567981124, 0.02941539151860135, 0.029394669657839195, 0.02939252049795219, 0.02941110430817519, 0.02932650888604777, 0.029279539361596107, 0.029210787931723253, 0.029221921427441493, 0.029157357223864113, 0.02914724758427058, 0.029160162234412774, 0.02906923494966967, 0.02906050845714552, 0.029040231635527953, 0.028962794558278153, 0.02892917933474694, 0.02885197089718921, 0.028836125507950783, 0.028772647559110607, 0.02866115653887391, 0.0285506676217275, 0.028541096752243384, 0.0285233298449644, 0.028416502688612257, 0.028345330684844936, 0.02829462935083679, 0.02821946350325431, 0.02816652586417539, 0.028069987627012388, 0.027939261136842624, 0.027925670945218632, 0.02782457002571651, 0.027757381155554737, 0.027740637638739178, 0.027726988308131695, 0.027624433527567556, 0.027532911460314478, 0.027479102036782672, 0.027373479080519507, 0.027333367748984268, 0.027329648778374706, 0.0273044439298766, 0.027178216193403517, 0.027050878120852367, 0.027031091241432086, 0.026979461777955294, 0.026856966649315188, 0.02682308972414051, 0.02677310031971761, 0.02671099274552294, 0.026628276466258934, 0.026598552175398384, 0.02655327898849334, 0.026454218663275242, 0.02644314177866493, 0.026331304306430475, 0.02633443002456001, 0.026207228324243, 0.02615422140141683, 0.026147504037778293, 0.026110999951405183, 0.02605535858310759, 0.025967222172766924, 0.025905178194599494, 0.02590033967447068, 0.025738200804750835, 0.02575384679117373], "loss": [0.5554788559675217, 0.4794219412973949, 0.4167785942554474, 0.3506918687905584, 0.27327774677957806, 0.2119064661008971, 0.1733118508543287, 0.13550633218671596, 0.11437030988080162, 0.09941456839442253, 0.08507558091410569, 0.07706874808562654, 0.0725013320999486, 0.06777300193373646, 0.06145249440201691, 0.057495985978416035, 0.05850579935525145, 0.057392299574400694, 0.050618685382817476, 0.048503322659858635, 0.04847300910790052, 0.046267280887280195, 0.043395842359002144, 0.043995566200464964, 0.04040857497602701, 0.03714562526771, 0.039334051444062164, 0.03849621908739209, 0.03599150226052318, 0.03798023218821202, 0.03582375809284193, 0.03403569471889308, 0.03534287753115807, 0.034846440489803045, 0.03507705259003809, 0.036095897001879554, 0.03560614825359413, 0.03357625772644367, 0.03222454798274806, 0.03229393982993705, 0.03262529309306826, 0.033900243429733176, 0.03266636322119406, 0.032516815699636936, 0.0315245920792222, 0.03252504114061594, 0.03207135573029518, 0.03196676082110831, 0.0317678112935807, 0.031158360053918192, 0.03071983896994165, 0.03092850205887641, 0.03066965112728732, 0.030284529751432792, 0.03023513313382864, 0.032338212576827834, 0.029542024912578718, 0.029245148612452403, 0.030151061580649445, 0.029464374096798047, 0.029965730783130442, 0.02840700259964381, 0.02871516932334219, 0.03017764412132757, 0.02936279953324369, 0.028665402371968542, 0.028770708412464176, 0.028187633359006474, 0.027918723677950247, 0.0290870330562549, 0.028492929680006846, 0.028127968976540223, 0.02851129150284188, 0.030890351627022028, 0.027744640596210957, 0.027682140403028046, 0.027265000024012158, 0.027051342451678857, 0.027097939713192836, 0.02685572426500065, 0.027475283780534352, 0.026940901796998724, 0.026692699574466263, 0.027247716273580278, 0.027448112344635383, 0.027511473345969404, 0.025620896701834033, 0.02681488643533417, 0.026801721458988532, 0.026689790654927492, 0.025716512530509914, 0.02658650851143258, 0.025616194986339127, 0.025698143589709486, 0.026948696933686733, 0.025904080431376184, 0.02545258459368987, 0.025433474353381565, 0.02603113162331283, 0.025838775959398066]}