{"val_loss": [2.3286039129003777, 1.6004865427950878, 1.1835404601130453, 0.934126168697864, 0.759848254543918, 0.6151044739709868, 0.4855585833946308, 0.37286936257269, 0.28215301766262185, 0.21471648949843186, 0.16707218995877912, 0.13390193817081986, 0.11059184445367827, 0.09390356230152237, 0.08172711276716285, 0.07271048447468897, 0.0659476290424387, 0.06081651870187346, 0.056884332501388093, 0.05382465873356466, 0.051407704220993534, 0.0494545079715602, 0.04784509310355553, 0.04648205187249851, 0.04530259180110651, 0.044262734821417946, 0.04331896329051131, 0.04244910524441646, 0.04163963886928725, 0.040874617552007, 0.040141448639072735, 0.03944282926671155, 0.03876734139410766, 0.038113682732715475, 0.037478233081894324, 0.03686705312424606, 0.0362709315975646, 0.035687953285820834, 0.03512479781687677, 0.03457322466623533, 0.03403478884300985, 0.033512805673209106, 0.03300256717142525, 0.03250872229154293, 0.03202411357860465, 0.03155256182580561, 0.03103068473559993, 0.030653318116714904, 0.030214857922254743, 0.029797536197242205, 0.029384569414741508, 0.028979320886668627, 0.028589869621437745, 0.028208225210021427, 0.02783588205392544, 0.027474180958070957, 0.027122518164919805, 0.02677554689295642, 0.02643967598311968, 0.026112528348510914, 0.025792515439378633, 0.02548066004329211, 0.025174054935887143, 0.024880057578528677, 0.024587696040426935, 0.024305001318037926, 0.024027022161892245, 0.023757728715459784, 0.023495377139090657, 0.02323476470016933, 0.02298256241670855, 0.022738026207560425, 0.02249621491801072, 0.02226134139549482, 0.022029691720967526, 0.021803493018854748, 0.02158576251378843, 0.021368974858855867, 0.021157403066233323, 0.0209347371637196, 0.020750578414726925, 0.020542687990448692, 0.020355184334558206, 0.02016390949956604, 0.01997829358894508, 0.01979721248983503, 0.019615748076588956, 0.019444690274817128, 0.01927013436032759, 0.019102260157778547, 0.01893203895721402, 0.018747736966901726, 0.018614519999681653, 0.018459133113493453, 0.018303990129615876, 0.018153072471593642, 0.018010058889647462, 0.017863608102177405, 0.01772478363522283, 0.017574235119602898], "loss": [2.992947846069455, 1.9958626580926984, 1.4095613141249717, 1.071535990026014, 0.8585430138005027, 0.698470473661728, 0.5600165141736223, 0.436745984795315, 0.33277342202698784, 0.2519284212128619, 0.19323761342420512, 0.15214285625553428, 0.12346139531015513, 0.10314925678603636, 0.08848581468333126, 0.07772283705066275, 0.06970722166055074, 0.06366619739934488, 0.059068905810515084, 0.055524057721040104, 0.05274925255896429, 0.05053841169693803, 0.04873813850446012, 0.047237960518476646, 0.04595655531482153, 0.044837676424890824, 0.04384172794457807, 0.042929431646015384, 0.04208742536075128, 0.041297880035536444, 0.04054629803576291, 0.03982859758324311, 0.039140200813844, 0.03847386636520437, 0.03782829035954676, 0.03720373631244893, 0.036599315051498306, 0.0360101996270313, 0.03543663929906513, 0.03487666357805913, 0.03433033031797521, 0.03380115184232092, 0.03328276474456318, 0.03277933947701272, 0.032289067729667796, 0.03181266082649953, 0.03130342925634819, 0.03086222433990375, 0.030454676755348468, 0.030026633496004377, 0.029610760137729585, 0.02919936498843721, 0.02880263126729337, 0.028415451740888206, 0.02803899505983378, 0.027671215114976912, 0.027315217082640977, 0.026963550149580167, 0.026622956051584986, 0.02629036645228327, 0.025967353874938176, 0.02565072571813688, 0.025339946557915275, 0.025039523722172063, 0.02474430716574006, 0.024457867740770505, 0.02417706271559349, 0.02390316731436796, 0.023637633382471438, 0.023375059691004042, 0.023117502770335016, 0.02287160770954516, 0.022625352772916787, 0.022389317633675746, 0.022153812677982634, 0.021926534937216285, 0.021704528280108538, 0.021484964036445987, 0.021273843217044952, 0.021038002599900258, 0.020861269638616994, 0.020650060076752182, 0.020457118903748416, 0.02026550728859704, 0.020078351729891898, 0.019896262637241383, 0.019715154639486684, 0.01953860654537097, 0.019364858002552384, 0.019194373033597636, 0.019025032644819508, 0.018821645975927188, 0.018702450875050382, 0.018537795541925788, 0.01839062322882076, 0.01823584273003862, 0.018088748716370468, 0.017941422071264274, 0.017803386567708666, 0.017638490813770488]}