{"val_loss": [2.327481508255005, 1.5772104480049827, 1.1261793708467818, 0.8573955222443267, 0.6966175082680228, 0.5866446686791373, 0.5020531199195168, 0.4345207112235623, 0.38123479506352564, 0.3392668927049303, 0.3059088212626797, 0.2794764750487321, 0.2590218565680764, 0.2429033387582619, 0.22983936600751811, 0.21987665595708195, 0.2121253679473917, 0.20550248297778043, 0.20011274287333855, 0.19607236085238156, 0.1927022733888426, 0.1900083202790547, 0.1875386018227864, 0.18548265703908212, 0.18353995857955693, 0.18162129037863725, 0.18051023322802323, 0.17853422838074345, 0.1770240708247765, 0.17504068823544294, 0.1738282525456035, 0.17188898854322368, 0.17070352551820395, 0.16896362008748356, 0.1677064371484143, 0.16607933194487245, 0.1658593538132581, 0.16299134492874146, 0.16204563304260894, 0.16039343199113032, 0.16021003777330572, 0.158213522259172, 0.15697957059511772, 0.15408571340612598, 0.15475372021848505, 0.15098152059566725, 0.14964559022988472, 0.150859840839476, 0.14849638058380646, 0.15127484938064656, 0.1472603383806202, 0.14778812198372154, 0.14460014676922686, 0.14355778324228902, 0.14428387775079354, 0.14187900789759375, 0.14088977602395145, 0.14009280638261276, 0.14103500529394283, 0.13902043212543835, 0.13780267213608002, 0.13724245714557753, 0.13922229867715102, 0.13912146210253656, 0.13684861872579668, 0.1354402473027056, 0.13476707280932607, 0.1350186260846945, 0.13411357040171856, 0.13322820149726802, 0.13299654116788945, 0.13191579422959082, 0.13166813594061177, 0.1311177517567481, 0.13114875784287086, 0.13109737697181167, 0.13055673351029415, 0.1292026859897, 0.12858993659069487, 0.12863531036602033, 0.12814305243375418, 0.12905126445360118, 0.1283489793955863, 0.129868563811679, 0.12887993929061023, 0.127803611328135, 0.1276647061943174, 0.1263230982777122, 0.12841045470921308, 0.1274033549365464, 0.12608936371711585, 0.12562886677630297, 0.12564470186516954, 0.12592455911469627, 0.12450684836277595, 0.12511939518935197, 0.12494176157287784, 0.12416563245591584, 0.12838789773779316, 0.12710704586722635], "loss": [2.999178163154715, 1.971591042225292, 1.3480108563179714, 0.9691677267992524, 0.7416126098044676, 0.6040612458717441, 0.5091036627247965, 0.4355197342506709, 0.3767956190514993, 0.33198647418587957, 0.2965303207751273, 0.2681631750422097, 0.24672133607570312, 0.22955352440185606, 0.21672061271820098, 0.20640809404766253, 0.19900085926521205, 0.19247791016362403, 0.18782092598292346, 0.183749755037473, 0.1804437437716357, 0.17799842343676564, 0.17631011860478585, 0.17443066130477317, 0.1729278932619988, 0.17217415444419126, 0.17045926915119627, 0.16977287150750767, 0.16843341786492905, 0.168052267774672, 0.16611856288457644, 0.1653426478004009, 0.16435233986908154, 0.16332539717123715, 0.16257228847130678, 0.16190157783022158, 0.1610593543294163, 0.16041288853482658, 0.16030470896614055, 0.15848173668708398, 0.15825875437324816, 0.15787531912419872, 0.15644707180018727, 0.15524476745647903, 0.15508176486976996, 0.1539941657855118, 0.15262990834003867, 0.15232041510727887, 0.1524243445995727, 0.1530744651918482, 0.15182151401722274, 0.1517599257964068, 0.1498673551604675, 0.14871413078650564, 0.1479691995669863, 0.14743616440675855, 0.1465814383257003, 0.14617492559829046, 0.1465854860789882, 0.1455010379272732, 0.1446299022012721, 0.1444296467057622, 0.14497764173613034, 0.14443991491447475, 0.14391931205708752, 0.14328503775047569, 0.14322720400576103, 0.14330610316493939, 0.14176340631495035, 0.1412977642560731, 0.14132871304890962, 0.14110615630804982, 0.14006937523775972, 0.13984979243598628, 0.1397359101545243, 0.1398009149056687, 0.14017038548090419, 0.1391932727313898, 0.13859832101878852, 0.1388049063844945, 0.13847664493564327, 0.1378754859762579, 0.13916186903436886, 0.13834077444372467, 0.1408006451866945, 0.1387537028015265, 0.13747979677882072, 0.13738924029932462, 0.13849440812017655, 0.13857051618484478, 0.1373105254911241, 0.13586128826466135, 0.13562256882983573, 0.1354885194843212, 0.13605733527558378, 0.136464521608764, 0.1360714516713692, 0.13563949573468081, 0.13527112464063526, 0.1414354756811836]}