{"val_loss": [0.44466413663966314, 0.05653868695454938, 0.04017295355775526, 0.03335817677101919, 0.02919193942631994, 0.026631804249648536, 0.024998209306171963, 0.023941384595153586, 0.02323439165151545, 0.022763157995151623, 0.022426265757530928, 0.022183706451739584, 0.022013358139832104, 0.021887448583064333, 0.02179058118989425, 0.021712545937459384, 0.021657493763736317, 0.021615043548601016, 0.021575928732220615, 0.02155268009352897, 0.021523644316143224, 0.021502046413453563, 0.021481121457847103, 0.021467885235324502, 0.021454966261184642, 0.021448171265157207, 0.02142988401465118, 0.021418973969827806, 0.02140467131643423, 0.021396036026999354, 0.02138488057867757, 0.021376944180311903, 0.021363076188468506, 0.021357785877106444, 0.021350223537800566, 0.021338677532704815, 0.021331230477829064, 0.021323204805542315, 0.02131188351527921, 0.021305930501382266, 0.021293941851971403, 0.021283103452463235, 0.021282158958326493, 0.021270864543371966, 0.02126498756531094, 0.021258146202723895, 0.021252170371423875, 0.021245378302410245, 0.021236329173137034, 0.021230895637667606, 0.02123018916297172, 0.021216154730479633, 0.021209255692416003, 0.021206366596743464, 0.021198748178513988, 0.021194710229922618, 0.021189027166526233, 0.02118773209596319, 0.021179792105353305, 0.021196887462532947, 0.02116986008227936, 0.021165682967486128, 0.02116132590786687, 0.02115424260097955, 0.02114908939360508, 0.021143249668447033, 0.021151604430217828, 0.021147322741204073, 0.0211351982517434, 0.021131288426529084, 0.021126713770042573, 0.021122606970103725, 0.02112954738549888, 0.021121532157329575, 0.021115646597796252, 0.02111650667419391, 0.02112830599902996, 0.021123050080080117, 0.0211078285439206, 0.021108992364523665, 0.02112503126928849, 0.02110029141684728, 0.02109834348915943, 0.021092508819752505, 0.02109027497603425, 0.021087072689884474, 0.02109764945427222, 0.02109920316641884, 0.02108609872604055, 0.021084927454856888, 0.021105267739455615, 0.02109111343244357, 0.021075564004214748, 0.02107438488331224, 0.021075044459264194, 0.02107093546406499, 0.021078622467549785, 0.021072546519072994, 0.021086254256910512, 0.021068141695910265], "loss": [0.5513685015695435, 0.27403343921261175, 0.061882314671363146, 0.038516480409141095, 0.030928097665309906, 0.027036301658621857, 0.024058844029371227, 0.022516060088362013, 0.02137068140187434, 0.020793958567082882, 0.02020665311387607, 0.019846384579847966, 0.019602894749758498, 0.019472257600032856, 0.01926189727549042, 0.01904208030152534, 0.01902319274709693, 0.018942661117762327, 0.01889180628183697, 0.01897148644950773, 0.018792349446032728, 0.018795272069317952, 0.018639416167778627, 0.0186593988245087, 0.018643630103075078, 0.01871915949907686, 0.018591309332155755, 0.01862630244743611, 0.018563963572627733, 0.018548215307029232, 0.01854718360118568, 0.018575321417301893, 0.018477392948365638, 0.018530356897307292, 0.01852901985070535, 0.018517531487824663, 0.018522792296218022, 0.018468459020368755, 0.01855848017813904, 0.01843146830131965, 0.018419838726653585, 0.018397094947951182, 0.01846335020049342, 0.018398125556164553, 0.018395914662895457, 0.01840468291525862, 0.018383454498169676, 0.01836921919935516, 0.018369567597151866, 0.018398679194173644, 0.01834720093756914, 0.018348374038136432, 0.018321738711425235, 0.018341201124712825, 0.01831025302609695, 0.01830654005919184, 0.01829144185675042, 0.018318204575085213, 0.0182934210336368, 0.01835190717663084, 0.01828404948381441, 0.018278995462294136, 0.018269028514623642, 0.018262779473194053, 0.01824846973509661, 0.018246019624971917, 0.01826437990114625, 0.018295823546525623, 0.018240010798243538, 0.018232905638537238, 0.018228970634351884, 0.01822729777943875, 0.018255967048129866, 0.018231106223538518, 0.01822126892927502, 0.01824091637640127, 0.018249487803716744, 0.018242812050240382, 0.01820298147919987, 0.018222614091687968, 0.018232941294887235, 0.018202088873035142, 0.018197198065796068, 0.018185566179454327, 0.018172736362820224, 0.018175622082448432, 0.018243728172300116, 0.01821352877388043, 0.01818370967105563, 0.018192089196028455, 0.018197450587259873, 0.01819952853423144, 0.018161735830030272, 0.018162180137421404, 0.018166028628391877, 0.01816419731559498, 0.018172000102432712, 0.01816318987403065, 0.018195051001384854, 0.018164940810363208]}