{"val_loss": [1.5905457668371135, 1.1931431818675329, 0.9454729027681418, 0.7776514387630916, 0.6572614145445657, 0.5686163031137906, 0.5003526339997778, 0.4440956388736938, 0.39792079546234826, 0.35958804013012174, 0.3275960269091013, 0.3011492236510857, 0.2789646076572525, 0.2602271610623473, 0.24384271004400054, 0.23110765573028083, 0.220407742511976, 0.21208314712230975, 0.2052562520220563, 0.1991739165741247, 0.19463375096137708, 0.19088227129899538, 0.18713662507650736, 0.1837429557438497, 0.18108913552510988, 0.1785120900485899, 0.17649982056834482, 0.1745127058112538, 0.1718867496177033, 0.17017630753400442, 0.1686032455075871, 0.16698140635357037, 0.16574338995493376, 0.16428109993050982, 0.163137002841576, 0.1617879871721868, 0.16075558668666787, 0.15904745449136187, 0.15776614375881381, 0.1565214492432721, 0.15557209793087487, 0.1545191585392385, 0.1534130141868458, 0.15236489255945165, 0.15126333380495752, 0.15023351768096843, 0.14921748283859734, 0.14687219746671357, 0.1456223618942541, 0.14369112461596936, 0.14252824383182125, 0.1411485722014954, 0.14006756933835837, 0.1399293488243243, 0.1378976054020695, 0.13751800754270355, 0.13601017024341996, 0.13605979678930935, 0.13508730762071544, 0.13331791440715324, 0.13289654202811368, 0.13149793008407512, 0.13103035780099723, 0.1301857618602006, 0.12876268924324663, 0.12867358410275065, 0.1271813198194637, 0.1269199463141548, 0.12542216537090448, 0.12466280105022284, 0.12383883420404021, 0.12508539574129598, 0.12280782473670852, 0.1227399147265441, 0.12157461443147459, 0.1208626359075933, 0.1200764461101352, 0.1208717906391704, 0.11964546341996093, 0.11866095547492687, 0.11849084058841625, 0.117699726738713, 0.119143980001653, 0.11714531611520927, 0.11754890104065409, 0.1161822606842001, 0.11726518121215847, 0.11693698272004828, 0.11560565519791383, 0.11518141101081888, 0.11545165826182266, 0.1136375875114561, 0.11332820199586295, 0.1146293557086191, 0.11235477311627848, 0.11276602171934567, 0.11336918154379705, 0.11156195277100676, 0.11155609385325359, 0.11277474223316966], "loss": [1.9340657808183228, 1.396099497618664, 1.0616061287778695, 0.844342177264119, 0.6890600637287763, 0.573461395795228, 0.49109449843053793, 0.42820690533874745, 0.37853551045886064, 0.33821739734475453, 0.3034625052591491, 0.27569911870334785, 0.25246735060242914, 0.23395478346215665, 0.21953406144779794, 0.2065095726304646, 0.1963525947930755, 0.18819458500004485, 0.181893349880357, 0.17622012181453273, 0.17137505521214075, 0.1680328718369869, 0.16505922469005838, 0.1623443944741747, 0.15981362308728145, 0.15791503414453517, 0.15617804828330376, 0.1550311740723371, 0.15363066790626906, 0.15219567963892738, 0.1511340089648334, 0.15041693660032926, 0.14917233568862673, 0.14845907026254787, 0.147787193468918, 0.1472622497904403, 0.14602025397627919, 0.14525388494122315, 0.14464932282300408, 0.14382463969307704, 0.14314378524645524, 0.14224958505879892, 0.14174805652527583, 0.1407899951604453, 0.14042564593749898, 0.13964619918506097, 0.13919058376974094, 0.13813846967794483, 0.13712060842357698, 0.1366748770147818, 0.13626514339149232, 0.13532187861218106, 0.13543824582803446, 0.13431604011136977, 0.1332315183728119, 0.13239975473687204, 0.13234253167222013, 0.1320436588611387, 0.13213230328086203, 0.13013656696800513, 0.13079163369306077, 0.1294307785747016, 0.12881820300516908, 0.12813145728966485, 0.12786933552302204, 0.12672412271010142, 0.12630826759440744, 0.1255178792368705, 0.1251496627031128, 0.12471892955152436, 0.12437301676409213, 0.12523267457114823, 0.12469019422672578, 0.12347974094280872, 0.12277110306012454, 0.12266803557266955, 0.12191325088760799, 0.12260231486202496, 0.12143659770232826, 0.12156531093736629, 0.12095423174220822, 0.12004813520495171, 0.12057469022706745, 0.12041817204176124, 0.11959030301216335, 0.11921616673329954, 0.11944793974348197, 0.11913282386406059, 0.11925108321330959, 0.11868088617397415, 0.11777788775214731, 0.11765246983155155, 0.11738759916709048, 0.11768942916072224, 0.11734762367887668, 0.11700008304718414, 0.11749155268038185, 0.11675026799951281, 0.11591394439886363, 0.11712102711805601]}