{"val_loss": [1.0094035955575795, 0.694144303148443, 0.5516721877184781, 0.49341982332142914, 0.466043410392908, 0.444910222625399, 0.4214854932331539, 0.3939443899618162, 0.36276785643784315, 0.3290939799972347, 0.2942141200695838, 0.25990115158207766, 0.22753215294617873, 0.1983871086910888, 0.17309444236171828, 0.15202062436333902, 0.13462529649267663, 0.1204295215698389, 0.10908604616468603, 0.09993771432371407, 0.09247955956033893, 0.08652155637949496, 0.08162497411241064, 0.07765854942006664, 0.07432394532056955, 0.0714904593525233, 0.06906872174956581, 0.0670201249055929, 0.06528806384209987, 0.06373461940280208, 0.062371836962191375, 0.061176239871061765, 0.060105254912709856, 0.05912529989764407, 0.05821908406027547, 0.057271707933265845, 0.0566102785507699, 0.05573195667116792, 0.05506170848449627, 0.054422502699015024, 0.05370521545410156, 0.053134732417293364, 0.052597550766451374, 0.0520013662484976, 0.05145300070305804, 0.050887572181808366, 0.050445537519204865, 0.04978065942967688, 0.049261373500307126, 0.04874301162528825, 0.04822417840986819, 0.04773730320947154, 0.047359188849275764, 0.04685893644402911, 0.046386300423345364, 0.04598068172385643, 0.04556524018932889, 0.04523173987969652, 0.04473538300790987, 0.044343057446754895, 0.04413003833977493, 0.04367805238474499, 0.043146743510778136, 0.04270191501070569, 0.04245871602446883, 0.042169082493006764, 0.04166652389860653, 0.041353149743346904, 0.040929287619940885, 0.04063388887610469, 0.04030171239917928, 0.04005484897773583, 0.03963804195498253, 0.03932199358835921, 0.03909660672599619, 0.038717716567583015, 0.0384078461650785, 0.038025391685379134, 0.037749470322282166, 0.03745690769665725, 0.03724846064106568, 0.03689167820490324, 0.0366391181633189, 0.036257942656537034, 0.03597508993494761, 0.03591533552308183, 0.035634405285745234, 0.03522887367468614, 0.035091767465318, 0.03467443356147179, 0.034461398745750216, 0.034310088082626984, 0.034011824772908136, 0.03376832745083562, 0.0334554251569968, 0.03329908701923344, 0.033042522056119426, 0.03282439596690498, 0.03256609019908038, 0.03236161615256663], "loss": [1.3319547671437915, 0.8605645292908953, 0.6251498488222222, 0.5233467012806668, 0.4808372360807578, 0.4571552246134324, 0.4352393902018143, 0.40973943509132393, 0.3805559833100026, 0.3475624701410974, 0.313078144627749, 0.27810889647678877, 0.24421487048349746, 0.21337614499852584, 0.18591099919331064, 0.16259333008578938, 0.14345968479201907, 0.12717246400900506, 0.11472992504787669, 0.10429548824047502, 0.09597284419521701, 0.08925943359278962, 0.08380482524959117, 0.07951091367178462, 0.07581649627609238, 0.07276499631998597, 0.0701883321484023, 0.06795354213661556, 0.06605765977867128, 0.06442453951853314, 0.06295917485604334, 0.061673694969991706, 0.06054546697404029, 0.059493266493896316, 0.058559098286055475, 0.05767291869494154, 0.05688494786468918, 0.05611078924471098, 0.05531923470554828, 0.05469400461859111, 0.054006569785452, 0.05335150479363055, 0.05280363802259365, 0.05226074765777328, 0.05167839191941243, 0.05112511308385375, 0.050644713713497415, 0.050086119729126924, 0.04947320619055668, 0.048970802946657434, 0.04843760073289659, 0.04794485938853812, 0.047512171017900284, 0.04707982291370793, 0.04657950935409834, 0.0461356054110326, 0.04572862041801517, 0.04536863792742909, 0.04496367656386615, 0.044495781448834766, 0.04421012255360985, 0.04387255649283749, 0.043376597532948695, 0.04289298030568881, 0.04254400198239539, 0.042304016411257944, 0.041878950470225315, 0.04148076809390181, 0.04111662459364168, 0.040740856085086034, 0.040428549086182125, 0.04015145578496536, 0.039837973307204566, 0.03943372587618839, 0.03918848354529348, 0.03887425456704989, 0.03854317834584812, 0.03820255817518301, 0.037862294204504016, 0.037571326171532915, 0.03732227808872207, 0.03705009012239506, 0.0367427285496003, 0.03642091591559659, 0.036079297980742935, 0.035922563443604526, 0.0357445392097513, 0.03540354217987894, 0.03513392363438655, 0.03487493670389207, 0.03451659788059872, 0.034352364697603395, 0.034129661809621056, 0.033855516885194246, 0.03357778869970621, 0.033362968528903525, 0.033142685366737756, 0.03290153277353045, 0.032677043400920064, 0.03243900751178847]}