{"val_loss": [1.5188788150573944, 0.892986047934819, 0.6121711430849729, 0.499316914306654, 0.4481617856275785, 0.40989173354802433, 0.3684247309094542, 0.32193237522265294, 0.2733913666301674, 0.22715838086771797, 0.18679164568861048, 0.15419098912002324, 0.12930868472252693, 0.11107508827756335, 0.09794429012320259, 0.08849126710133119, 0.08144701444185697, 0.07622125083124721, 0.07229176820158124, 0.06916606572124508, 0.06687180661446565, 0.06470348863126514, 0.0628149627701386, 0.06127415847528231, 0.059968064193959, 0.0588664470592162, 0.05773650544819298, 0.05667215538816852, 0.055828927931460465, 0.05496858860125075, 0.05414912396377617, 0.05320486207525213, 0.05234340677311371, 0.0516645934406694, 0.05094222390985156, 0.05016719432664918, 0.049536689125991365, 0.0489303767420612, 0.0482980277311135, 0.04761884767900814, 0.04693676182231703, 0.04641357147610271, 0.04583566599375718, 0.045382176845015346, 0.044759559230162546, 0.044154197394431056, 0.04363518072800203, 0.043257212409606345, 0.04263311872011298, 0.04223763622291438, 0.04165390428233814, 0.04121663345844596, 0.04074478654803096, 0.04025470744167174, 0.03983199070175211, 0.03954244233094729, 0.039183818324879334, 0.03874797743934018, 0.0381887638485515, 0.03769794189846599, 0.03746417037152744, 0.03701131837768155, 0.036548941389664066, 0.036157548792295525, 0.0359961924540413, 0.035665523312933795, 0.03521783694208085, 0.034976423151426385, 0.0344685897283204, 0.0341419422855744, 0.033963985975597286, 0.03356099667978454, 0.03330042645647809, 0.03306291773394271, 0.03284587763197772, 0.03276450827821985, 0.03208261600636936, 0.03193531680357206, 0.031746236594406875, 0.03132619750458044, 0.031159306895899606, 0.030949297562970983, 0.030629066893687613, 0.030527349483299923, 0.030032170037706415, 0.029893172475007865, 0.02961886614248469, 0.029479012284037116, 0.02916168288646878, 0.02916471031005983, 0.028768033518657816, 0.028727406310243207, 0.028279155310425724, 0.028246264279513926, 0.027937925023424043, 0.027731558789948485, 0.027393496640912302, 0.02733601952766205, 0.027140958091387384, 0.026978401245770754], "loss": [2.1610312888065786, 1.2230188630689969, 0.7566582857864523, 0.5570036820096024, 0.47564929616721136, 0.43200575421323634, 0.3927663489071119, 0.3487585497311928, 0.30020992810329733, 0.2520484666308791, 0.20799265148163215, 0.17091087511886757, 0.14200750770371562, 0.12048646761722438, 0.10460378384329583, 0.09318857361430959, 0.08501573033764621, 0.07879596208218576, 0.07424397510676344, 0.07072463211698703, 0.06799142728039848, 0.06575358388574676, 0.06373068500691145, 0.0620124793955351, 0.060593657655049635, 0.059408814668841514, 0.05831590770604925, 0.05721852709710086, 0.056247411550231316, 0.05539043858403065, 0.05456763495466469, 0.05368248787966675, 0.052767471502666634, 0.05197077569065384, 0.05128351819703674, 0.050545651294075816, 0.04982875197962985, 0.0492083910913741, 0.04861211692979799, 0.04796146230072737, 0.047254516441407005, 0.04665039071433717, 0.046112883873836406, 0.04559441229254357, 0.04506915270595882, 0.044426741510350476, 0.04387031047140407, 0.04344820133195921, 0.04291910444336138, 0.042429578928953035, 0.041925362832582524, 0.04140468972395585, 0.04096660910757327, 0.04045666740286825, 0.040014632150914685, 0.03966932718487199, 0.03936473491029475, 0.03893364856570703, 0.03845502754308394, 0.03791428541155368, 0.037547396017554024, 0.0372257107617239, 0.03675050608040205, 0.03632653570042561, 0.03603171134057871, 0.03583674175573177, 0.03541601166582778, 0.03507076220690134, 0.034703781236483655, 0.03427588070141534, 0.034040343350818805, 0.03373931824090795, 0.03340623326523987, 0.03315441018140567, 0.03292665035579467, 0.03284326622627565, 0.03238929412927505, 0.031957472212885994, 0.03184673541998324, 0.03149871405426363, 0.031200242149559992, 0.031034821686593002, 0.030757974426114495, 0.030577798344189073, 0.030274368470693175, 0.029919911347544816, 0.029738221500740677, 0.029526305203904035, 0.029277339740529085, 0.029213601297275058, 0.028905744702903486, 0.02873563935149935, 0.028481958846937484, 0.028240541483302493, 0.028079359202553385, 0.027841830621767937, 0.027517544979536374, 0.027357324928766483, 0.027220977518262572, 0.02703463258098151]}