{"val_loss": [1.131255576660583, 0.925253250798979, 0.7956513741633275, 0.7041455632323151, 0.6266453966394171, 0.5532449321313337, 0.48796337842941284, 0.436343932485247, 0.3954331028711546, 0.3617297944489059, 0.333528445317195, 0.3095333722087887, 0.289128779322951, 0.2716876047474521, 0.2567566414396246, 0.24346749713787666, 0.23225257238308034, 0.2228189586967855, 0.21492701174912754, 0.20825628175602093, 0.2022315695152416, 0.19719302893935384, 0.19252190535718744, 0.18856547710362015, 0.18526708496200456, 0.18253635422333137, 0.18011786689708284, 0.17773179709911346, 0.17570785896761434, 0.1737982181610761, 0.17197536046688372, 0.17032444675068756, 0.1684845390019717, 0.16718437830051341, 0.16609945153439795, 0.16507733066182037, 0.16413025130758752, 0.1630319173519428, 0.16197702330309194, 0.16109194184516692, 0.16036012602019142, 0.1595876252317762, 0.15870205641209661, 0.1579414105915523, 0.1571082778118707, 0.1563482947282858, 0.1556743862745645, 0.15502751905184525, 0.15430233518143635, 0.15342796901306072, 0.15274379261723764, 0.15208163836619237, 0.1511341759583333, 0.15058682629695305, 0.149873098918608, 0.14920037854593116, 0.14869852374483655, 0.14812065827679802, 0.1476561911143623, 0.14719966502039583, 0.14664804513429427, 0.1461530010495986, 0.14574895809580396, 0.14525689283659407, 0.14469090453186234, 0.14415852444155233, 0.14365033232248747, 0.14313304054361958, 0.14285800220457823, 0.1422731764875092, 0.14161475174702132, 0.14109072115246232, 0.14068334138059949, 0.14007844265315916, 0.13943091290188836, 0.13885129097249957, 0.1387492776229665, 0.1383498903442096, 0.1374227588514348, 0.1366548485585026, 0.1365302711516827, 0.13595873898976332, 0.13522638364896908, 0.13459203053604474, 0.1345216968989039, 0.1334107653140188, 0.13286290833583245, 0.1324872762173206, 0.13154113949178817, 0.1307316334410147, 0.13030594123618586, 0.1293214891444553, 0.12887653385425782, 0.12906971709294754, 0.12740863182327963, 0.12681931199935767, 0.1273858558673125, 0.12572473110435725, 0.12522433083374185, 0.12528828911848003], "loss": [1.3095131982219674, 1.0333254840762982, 0.8592839614196647, 0.744332243649872, 0.6560637091957527, 0.5735002944564372, 0.49360586557418085, 0.4265814082032531, 0.3754479186224063, 0.3369836401511318, 0.30412968148671493, 0.2806328182151595, 0.25961335766464355, 0.24158247828390522, 0.22747132696275316, 0.214793480263847, 0.20383752560261914, 0.1956870809464972, 0.18819105627479077, 0.18202264598809956, 0.17634969116839275, 0.172257546681524, 0.16835062361666228, 0.16547074782531956, 0.1624249167897383, 0.15994473500795237, 0.15839416917579235, 0.156146518380078, 0.15446867816481713, 0.1532042534624944, 0.15227766963162523, 0.1507842014489185, 0.14924589768459237, 0.14862641409493163, 0.14822581629097972, 0.14731959993954657, 0.14638243943080598, 0.1457860568344919, 0.14468701804386835, 0.1444025516254096, 0.14403077162028663, 0.1433902374707936, 0.14283874047560957, 0.1422123738174137, 0.1417576427528581, 0.14096065935774021, 0.14059146740862766, 0.13997259984413782, 0.1396355748083515, 0.1391862515101295, 0.1388550788326993, 0.1384680348620761, 0.13778519896815103, 0.13745448935506493, 0.13719390050030425, 0.13682400583522938, 0.1364344049137519, 0.1363681450218637, 0.13549140641854016, 0.13544017445822418, 0.13462832115247414, 0.134199986541113, 0.13396760894626866, 0.1338675858556154, 0.13341045443617117, 0.1331165094309538, 0.13260596706753686, 0.1325246900389848, 0.13207691446656272, 0.13215657660358124, 0.13157778221075653, 0.13110482800318615, 0.13087799825838634, 0.1306080891460669, 0.13020943435582213, 0.12997553295729963, 0.12943468838464833, 0.12962616310047043, 0.129238027180665, 0.12885195427486246, 0.1282566042266536, 0.12832788864818054, 0.12756503085481477, 0.12766512911432334, 0.12695545903832348, 0.12653007987627846, 0.12614439044563588, 0.12593276880152238, 0.12562654608283352, 0.12515563637623092, 0.12472674867122271, 0.1244550653494121, 0.12427595939420333, 0.12386632157572539, 0.1235012795941891, 0.1231957992464653, 0.12304205036228472, 0.12256055365401632, 0.12235415228449861, 0.12187336163652027]}