{"val_loss": [0.5230594596197439, 0.5107207256694173, 0.4949359734391057, 0.47111481012300005, 0.4342465359111165, 0.37723776005035226, 0.3023014020088107, 0.22012596317501956, 0.15087814247885414, 0.10493400207785673, 0.0808360036029372, 0.07029107940751453, 0.06580935383951941, 0.06380228715580563, 0.0627356448838877, 0.06204161342493324, 0.06151205994362055, 0.06105658238710359, 0.06065268710602161, 0.060284173419309216, 0.05994306677995726, 0.05963100648896639, 0.05934399504994237, 0.0590782863802688, 0.058831799342188726, 0.058603272708349446, 0.05839329854000446, 0.0581978649594063, 0.058016508644403414, 0.05784760207630867], "loss": [0.5225167537844458, 0.5111782800319583, 0.49704669173373733, 0.4768340074738791, 0.44357292388760766, 0.4022097594516222, 0.34834641218185425, 0.2914558260939842, 0.23443575480649637, 0.20097321964973627, 0.15065203277870667, 0.12154601098493088, 0.09988340544839237, 0.08631125352410383, 0.07576153791228006, 0.07013390663751336, 0.06493694317895313, 0.06245708933403326, 0.06039869767981906, 0.05887874675004981, 0.0577632594247197, 0.05628451115863268, 0.055512491007183876, 0.05459989052872325, 0.05392296984791756, 0.05349481383035349, 0.053202822977720304, 0.052644775097453314, 0.052482402688542075, 0.05198699400521988]}