{"val_loss": [0.5153960330145699, 0.43714081070252825, 0.32943323254585266, 0.2063309262905802, 0.12129464106900352, 0.07888446748256683, 0.05891747373555388, 0.04859089505459581, 0.04242444144827979, 0.03849394506375704, 0.035932677265788825, 0.034154773756329505, 0.03287103060366852, 0.03193806078551071, 0.031247513169156655, 0.030733280748661076, 0.03034797976059573, 0.030035685814384903, 0.029794465750455856, 0.029589830432087183, 0.029423191212117672, 0.029274756953652416, 0.029136832736964737, 0.02902076380061252, 0.028909021323280677, 0.028806639103485004, 0.02873080230451056, 0.028663561745945896, 0.028572330118290017, 0.028495960935418094, 0.0284219420781093, 0.028355082164385488, 0.028278388881257603, 0.0281984843313694, 0.028137150553188155, 0.028077146304505213, 0.028020589346332208, 0.027944724341588362, 0.02787083966125335, 0.027802164666354656, 0.02773640737203615, 0.02765226284308093, 0.027596831188670227, 0.02753504744863936, 0.02749339790482606, 0.027409150198634182, 0.027358528891844407, 0.027279051020741463, 0.027219734021595547, 0.027151158079504967, 0.027098386215844324, 0.027035946159490516, 0.026967166058186973, 0.026906034842665707, 0.026843933588159934, 0.026775006470935687, 0.02671299908044083, 0.02666942309588194, 0.026630843191274574, 0.02656653363789831, 0.02649340918287635, 0.02644551053111042, 0.02639428180243288, 0.02632867538237146, 0.026273390544312342, 0.026210624125919173, 0.02617794132259275, 0.02612754236906767, 0.026082793416987573, 0.026003133039921522, 0.025960142325077738, 0.025873578253335187, 0.025826879876798818, 0.025800829786541208, 0.025786195382741944, 0.025731900773410286, 0.025649428168045624, 0.025595362165144513, 0.025529185576098307, 0.025530702767095396, 0.025492634225104536, 0.025390655933214084, 0.02534658182412386, 0.025320303460050906, 0.025283174788845435, 0.02523274320576872, 0.025179123638996055, 0.025120731110551527, 0.025047075668615953, 0.025048160227015615, 0.0249954345968685, 0.024983039325369254, 0.024899352275367295, 0.02488125897278743, 0.024848552853135124, 0.024821403103747537, 0.024790686588468298, 0.024721436468618258, 0.024698224450860704, 0.024692031122477993], "loss": [0.5695808764014926, 0.47584627249411177, 0.3852046344961439, 0.2780727467366627, 0.1725990011223725, 0.1134381206440074, 0.08011960983276367, 0.06181029336793082, 0.05228839801358325, 0.04567341120647533, 0.04043718014976808, 0.037895528067435534, 0.03644030893753682, 0.0339988444798759, 0.033243283962032626, 0.032074835018387864, 0.031091547637645687, 0.030315457311059748, 0.0296396351020251, 0.029393769601093873, 0.02920764112578971, 0.028867858395512615, 0.028312909616423503, 0.028133825798119818, 0.02782807013552104, 0.02751541942624109, 0.02772652151595269, 0.027908953039773872, 0.027277024861957346, 0.027401143751506294, 0.027209015230515173, 0.02695540358711566, 0.026930790793682848, 0.02655312299196209, 0.026576293166726828, 0.026707246766558716, 0.026750342720853432, 0.02634762167664511, 0.026250773641679968, 0.026175340171903372, 0.02609491887103234, 0.02577240831617798, 0.025884829461574554, 0.025912904779293706, 0.025975037166582688, 0.02558888554839151, 0.025682379624673297, 0.02550453692674637, 0.02540347572149975, 0.025217154728514806, 0.02542928626228656, 0.025187687682253972, 0.025042618491819928, 0.02500403652499829, 0.025041178667119572, 0.024923255600567375, 0.024717963566737517, 0.024849765934050083, 0.024959958091910397, 0.02465580473653972, 0.02453936849321638, 0.02462016451837761, 0.02451031219347247, 0.024329666247857467, 0.02447508754474776, 0.024214871327525804, 0.024311697642718042, 0.024145758112094233, 0.02419366704167, 0.024029155860521963, 0.023985163641295264, 0.02378999368686761, 0.023757693989734565, 0.023900040425360203, 0.024033912091649005, 0.023782279874597276, 0.023551961606634513, 0.023552127681406482, 0.023446307816941823, 0.0237084864971361, 0.023417282151058316, 0.023200091739584292, 0.02320592471265367, 0.023266792031271116, 0.02319425783519234, 0.02314000772977514, 0.02307060337625444, 0.02289664768613875, 0.022771308298355768, 0.023019914781408652, 0.02283779372062002, 0.02290966541373304, 0.022612847687144364, 0.022783035345907723, 0.022645810951611826, 0.0227612258334245, 0.022577800156016434, 0.022479331786079065, 0.022498556978202293, 0.022618343454918692]}