{"val_loss": [1.6689660549163818, 1.6177921295166016, 1.568131923675537, 1.5199991464614868, 1.473388910293579, 1.4282889366149902, 1.3846912384033203, 1.342574954032898, 1.301925539970398, 1.262717366218567, 1.2249261140823364, 1.1885277032852173, 1.1534918546676636, 1.1197904348373413, 1.0873931646347046, 1.056260347366333, 1.0263639688491821, 0.9976718425750732, 0.9701490998268127, 0.9437454342842102, 0.9184328317642212, 0.8941695094108582, 0.8709126710891724, 0.8486400842666626, 0.8273008465766907, 0.8068627715110779, 0.78727787733078, 0.7685150504112244, 0.7505438327789307, 0.7333159446716309], "loss": [1.7226754426956177, 1.6699901819229126, 1.6187814474105835, 1.569104790687561, 1.5209627151489258, 1.4743192195892334, 1.4291870594024658, 1.3855664730072021, 1.3435360193252563, 1.3029662370681763, 1.2635719776153564, 1.2258681058883667, 1.1891005039215088, 1.1538983583450317, 1.1206156015396118, 1.0883088111877441, 1.0567861795425415, 1.0264092683792114, 0.9983591437339783, 0.9704842567443848, 0.944598376750946, 0.9185308218002319, 0.8936964869499207, 0.8711848258972168, 0.8485623598098755, 0.8276629447937012, 0.8068174719810486, 0.7866973280906677, 0.7685678005218506, 0.7498921751976013]}