{"val_loss": [2.1055116653442383, 2.0318310260772705, 1.9605594873428345, 1.8917076587677002, 1.8252633810043335, 1.7612004280090332, 1.6994991302490234, 1.6401246786117554, 1.5830360651016235, 1.5281939506530762, 1.4755518436431885, 1.4250603914260864, 1.3766698837280273, 1.3303296566009521, 1.2859866619110107, 1.2435855865478516, 1.2030668258666992, 1.1643776893615723, 1.1274595260620117, 1.0922555923461914, 1.0587066411972046, 1.0267562866210938, 0.9963411688804626, 0.967413067817688, 0.9399151802062988, 0.9137979745864868, 0.8890154957771301, 0.8655135631561279, 0.8432483673095703, 0.8221665620803833, 0.8022244572639465, 0.7833808064460754, 0.7655881643295288, 0.7487990260124207, 0.7329701781272888, 0.7180556058883667, 0.7040203809738159, 0.6908155679702759, 0.6783819198608398, 0.6666845679283142, 0.6556907892227173, 0.6453439593315125, 0.6356014013290405, 0.626404881477356, 0.6177135705947876, 0.6094866991043091, 0.6016772389411926, 0.5942497253417969, 0.5871502757072449, 0.5803415775299072, 0.5738058090209961, 0.5674958825111389, 0.5613813400268555, 0.5554490685462952, 0.5496596097946167, 0.5439954996109009, 0.5384239554405212, 0.5329434871673584, 0.5275498628616333, 0.5222339034080505, 0.5169779658317566, 0.5117706656455994, 0.5066235065460205, 0.501537561416626, 0.49650537967681885, 0.49151360988616943, 0.4865683317184448, 0.48167309165000916, 0.4768235385417938, 0.47200700640678406, 0.46723058819770813, 0.4624990224838257, 0.45781397819519043, 0.4531797170639038, 0.4485839605331421, 0.4440361261367798, 0.4395376443862915, 0.43509286642074585, 0.4307008385658264, 0.4263749122619629, 0.4221125543117523, 0.41790032386779785, 0.4137434661388397, 0.40964776277542114, 0.40562528371810913, 0.4016469419002533, 0.39772850275039673, 0.39385858178138733, 0.3900466561317444, 0.3862937390804291, 0.38260072469711304, 0.37895455956459045, 0.37535789608955383, 0.37182098627090454, 0.3683461844921112, 0.36490726470947266, 0.3615105152130127, 0.35815873742103577, 0.3548622727394104, 0.3516073226928711], "loss": [2.181624174118042, 2.104499101638794, 2.029763698577881, 1.9574357271194458, 1.8875021934509277, 1.8201050758361816, 1.7549517154693604, 1.6923482418060303, 1.6320462226867676, 1.57400643825531, 1.5183608531951904, 1.4646865129470825, 1.4134714603424072, 1.3640598058700562, 1.3168973922729492, 1.2715643644332886, 1.2282580137252808, 1.1868562698364258, 1.1473338603973389, 1.109153389930725, 1.0725667476654053, 1.0378559827804565, 1.0048654079437256, 0.9725353121757507, 0.9422154426574707, 0.9125007390975952, 0.8845289349555969, 0.8576163649559021, 0.8316142559051514, 0.8071141242980957, 0.7828320264816284, 0.7594130039215088, 0.7365367412567139, 0.7153505086898804, 0.6927368640899658, 0.6726772785186768, 0.6514660120010376, 0.6332822442054749, 0.6142700910568237, 0.5957424640655518, 0.5769708156585693, 0.5585726499557495, 0.5423098206520081, 0.526811420917511, 0.5089491605758667, 0.49288856983184814, 0.4767283797264099, 0.462568998336792, 0.450165331363678, 0.4351392984390259, 0.4197743833065033, 0.40890777111053467, 0.3980836272239685, 0.38512343168258667, 0.37457937002182007, 0.36144861578941345, 0.3539225459098816, 0.3436776399612427, 0.3336644768714905, 0.32681509852409363, 0.3171147108078003, 0.3044605851173401, 0.2983572781085968, 0.2933735251426697, 0.2882489562034607, 0.28027427196502686, 0.2737412452697754, 0.26740679144859314, 0.26058429479599, 0.2575003504753113, 0.2520509362220764, 0.24500225484371185, 0.2408333569765091, 0.23744112253189087, 0.2298087477684021, 0.228099524974823, 0.22313791513442993, 0.21496666967868805, 0.21569415926933289, 0.211416095495224, 0.20883741974830627, 0.20305000245571136, 0.20211099088191986, 0.19872775673866272, 0.19526946544647217, 0.19418945908546448, 0.1925397366285324, 0.1889842450618744, 0.18272419273853302, 0.18208390474319458, 0.18021804094314575, 0.17914895713329315, 0.17482107877731323, 0.17351195216178894, 0.1706928014755249, 0.16995154321193695, 0.16832588613033295, 0.16581524908542633, 0.16526666283607483, 0.16585831344127655]}