{"val_loss": [1.8379218578338623, 1.7766785621643066, 1.7177658081054688, 1.6611770391464233, 1.606889247894287, 1.5548664331436157, 1.5050685405731201, 1.4574434757232666, 1.4119371175765991, 1.3684922456741333, 1.3270494937896729, 1.2875455617904663, 1.2499152421951294, 1.2140917778015137, 1.1800086498260498, 1.1475954055786133, 1.116782307624817, 1.0874980688095093, 1.0596743822097778, 1.0332424640655518, 1.0081316232681274, 0.984272837638855, 0.9615989327430725, 0.9400432705879211, 0.9195403456687927, 0.9000467658042908, 0.8815139532089233, 0.8638852834701538, 0.8471099734306335, 0.8311336040496826, 0.8159032464027405, 0.8013690710067749, 0.7874832153320312, 0.7741996645927429, 0.7614758014678955, 0.7492715120315552, 0.7375483512878418, 0.7262688279151917, 0.7153974771499634, 0.7049000859260559, 0.6947467923164368, 0.6849063038825989, 0.675351619720459, 0.666056215763092, 0.6569907665252686, 0.6481313109397888, 0.6394562125205994, 0.6309442520141602, 0.622575581073761, 0.6143365502357483, 0.6062104105949402, 0.5981845855712891, 0.5902427434921265, 0.5823777318000793, 0.5745769143104553, 0.5668312311172485, 0.559130072593689, 0.5514670014381409, 0.5438399314880371, 0.5362420082092285, 0.5286675691604614, 0.5211136341094971, 0.5135806798934937, 0.5060614347457886, 0.4985528588294983, 0.49105289578437805, 0.48355963826179504, 0.4760754704475403, 0.46860671043395996, 0.4611429274082184, 0.4536873400211334, 0.44624942541122437, 0.43882787227630615, 0.43142592906951904, 0.424041211605072, 0.41668394207954407, 0.40935149788856506, 0.40205204486846924, 0.39479413628578186, 0.38757777214050293, 0.38040605187416077, 0.37329089641571045, 0.3662331700325012, 0.35923540592193604, 0.35230228304862976, 0.34543412923812866, 0.33863112330436707, 0.3318997025489807, 0.32524487376213074, 0.3186717927455902, 0.3121860921382904, 0.3057853579521179, 0.29947659373283386, 0.29325786232948303, 0.2871413230895996, 0.2811222970485687, 0.275205135345459, 0.26939526200294495, 0.2636853754520416, 0.25808560848236084], "loss": [1.9005694389343262, 1.83663010597229, 1.774836540222168, 1.7157530784606934, 1.6585696935653687, 1.6035722494125366, 1.5512369871139526, 1.5006047487258911, 1.4527734518051147, 1.4069749116897583, 1.3627678155899048, 1.3214210271835327, 1.2814710140228271, 1.2440840005874634, 1.207322120666504, 1.1732616424560547, 1.139801263809204, 1.1095354557037354, 1.0792770385742188, 1.0514212846755981, 1.0253374576568604, 0.9994019269943237, 0.9748502969741821, 0.95232754945755, 0.9313434362411499, 0.9095450639724731, 0.8899402022361755, 0.8710840940475464, 0.8516642451286316, 0.8353706002235413, 0.820331871509552, 0.804625928401947, 0.7895729541778564, 0.7769925594329834, 0.762786328792572, 0.749081015586853, 0.736900806427002, 0.7255885601043701, 0.7136124968528748, 0.7032331228256226, 0.6911467909812927, 0.6831784844398499, 0.6717560887336731, 0.6628028154373169, 0.6534137725830078, 0.6440069675445557, 0.6349233388900757, 0.6257897615432739, 0.617542564868927, 0.608151376247406, 0.6010932326316833, 0.5935046076774597, 0.586098313331604, 0.5770279169082642, 0.5701144337654114, 0.5613330602645874, 0.5542908310890198, 0.5467116832733154, 0.5373157858848572, 0.5310540199279785, 0.5224241018295288, 0.5157374143600464, 0.5069459080696106, 0.5008355975151062, 0.49327731132507324, 0.486480712890625, 0.4792920649051666, 0.4710831046104431, 0.46272367238998413, 0.45818066596984863, 0.4506891667842865, 0.440559446811676, 0.4347207546234131, 0.4261344373226166, 0.4212675392627716, 0.4135752320289612, 0.40808504819869995, 0.4001648724079132, 0.39224985241889954, 0.3863780200481415, 0.3797382116317749, 0.37086302042007446, 0.364329069852829, 0.3574371039867401, 0.3509368598461151, 0.34498971700668335, 0.33967775106430054, 0.3324483335018158, 0.32620322704315186, 0.31973186135292053, 0.31369730830192566, 0.30878588557243347, 0.3026188910007477, 0.2981412708759308, 0.2900078594684601, 0.28589367866516113, 0.2796764373779297, 0.27281761169433594, 0.2696402072906494, 0.26341140270233154]}