{"val_loss": [0.9887359738349915, 0.9812228083610535, 0.973794162273407, 0.9664488434791565, 0.959189236164093, 0.9520146250724792, 0.9449278712272644, 0.9379273653030396, 0.9310107827186584, 0.9241784811019897, 0.917426347732544, 0.9107545018196106, 0.9041590094566345, 0.8976392149925232, 0.8911959528923035, 0.884833037853241, 0.8785483837127686, 0.8723390698432922, 0.866203784942627, 0.8601356148719788, 0.8541337847709656, 0.8481975197792053, 0.8423274755477905, 0.8365171551704407, 0.8307649493217468, 0.8250695466995239, 0.8194314241409302, 0.8138434886932373, 0.8083086609840393, 0.8028239607810974], "loss": [0.9961593151092529, 0.9886766672134399, 0.9810104966163635, 0.9737006425857544, 0.9663925170898438, 0.9590693116188049, 0.9520428776741028, 0.9450933337211609, 0.93781578540802, 0.931028425693512, 0.9241389632225037, 0.9172167778015137, 0.910804808139801, 0.9039978981018066, 0.8976494073867798, 0.8910781741142273, 0.8846637606620789, 0.878373384475708, 0.8719415068626404, 0.8661901354789734, 0.8598921895027161, 0.8538028597831726, 0.8478445410728455, 0.8420607447624207, 0.8361074328422546, 0.8296934962272644, 0.8244341015815735, 0.818088173866272, 0.8122577667236328, 0.8074657917022705]}