{"val_loss": [1.1529099757854755, 0.9497152287643272, 0.8244010360090883, 0.7413375219265064, 0.6776043093287861, 0.6212981843448185, 0.5674529421579587, 0.5144615306720867, 0.462153962858907, 0.4108668365678587, 0.3613091109099088, 0.3145304268056696, 0.27163447783543515, 0.23347435693640808, 0.20050474376111596, 0.17272560736099324, 0.1497812279454478, 0.1310940384864807, 0.11600292703280082, 0.1038568609140136, 0.09408651328795439, 0.0862094124297162, 0.07983037657462634, 0.07463356164785531, 0.07036889120415374, 0.06683652493711952, 0.06387817823178285, 0.06137701371437186, 0.05924573162948335, 0.05742036418377103, 0.05583938151285365, 0.0544639640858957, 0.05326694044304061, 0.052206864541435576, 0.05125832760875875, 0.05040545021737372, 0.049630257711335495, 0.048918641582652404, 0.04825863091053663, 0.0476442760156168, 0.04706392893111789, 0.04651259221918099, 0.04598669395163343, 0.045480278405276214, 0.04499214947536275, 0.04452189493116799, 0.044063497777585385, 0.04361497128864268, 0.04315607176794039, 0.042745651039001825, 0.04233837995183218, 0.04192651341949309, 0.04152018582070624, 0.041125760524422975, 0.040738135445993265, 0.040353622548021634, 0.039978061522637214, 0.03960616344755346, 0.039239984839321014, 0.03888007357612357, 0.03852508084236325, 0.038175022555189536, 0.0378309639652709, 0.03749103023559897, 0.037157899485184595, 0.036826192004072084, 0.036500804569129346, 0.03618060135758006, 0.035865007111659415, 0.035552411542072164, 0.035244953147806485, 0.03494263760797627, 0.03464453182854019, 0.034350202503529464, 0.03405984043032973, 0.0337736240321106, 0.033490917821238926, 0.03321443951421684, 0.032940070919848824, 0.032671325533956914, 0.03240350558311789, 0.03214173315913527, 0.031883764673363076, 0.0316284736813782, 0.03137519020404849, 0.03112847107898939, 0.030884049611387552, 0.0306434470352593, 0.030405686946807207, 0.030171404521052655, 0.029941322633644917, 0.029713815924796192, 0.029488500754733186, 0.02926669432618818, 0.029049314923219747, 0.028833911187582082, 0.02862152110759195, 0.02841107281563165, 0.028206327539328096, 0.028001575672126317], "loss": [1.3314702191639467, 1.0610089823196494, 0.8932951554760721, 0.7878293775655998, 0.7141168984372945, 0.6540386810794089, 0.5988858312856956, 0.5453122434534197, 0.4924206005512598, 0.4403323600712835, 0.3895539547622809, 0.3409461209682819, 0.29562323966778226, 0.254644597139701, 0.21868005322814454, 0.1879492242246936, 0.1623138524446517, 0.14127538695780212, 0.12420725778245442, 0.11044976262377167, 0.09939234909673485, 0.09048255392227389, 0.08328831722781027, 0.07745351712746512, 0.07268492743710259, 0.06875222547969997, 0.065487032065533, 0.06273850290269055, 0.060409445109123557, 0.0584161341580025, 0.05671201798422182, 0.055221095713179714, 0.05393003517649864, 0.052797109688356644, 0.051789180593016924, 0.0508861884178127, 0.050069918994160016, 0.049325669924441394, 0.04863782173530093, 0.04800033144751719, 0.04740253953404207, 0.04683572962112393, 0.04629797099636552, 0.04577983817802473, 0.04528282007535485, 0.04480304109815226, 0.04434039033687645, 0.04388539204599334, 0.04343168895217611, 0.042994258196836894, 0.04258928438655852, 0.04217920048128898, 0.04176853367132567, 0.04136798763175108, 0.040977661313952925, 0.0405917783921394, 0.04021117001027451, 0.03983698515432314, 0.039467715904709884, 0.039104641696538524, 0.038747982545861225, 0.03839533857471956, 0.03804745850539319, 0.03770472259085501, 0.03736853821146405, 0.03703597147573166, 0.03670703026173079, 0.03638424591148951, 0.03606703520332995, 0.035752105123125696, 0.03544143431476091, 0.03513622142019726, 0.03483579887090299, 0.034539965443039757, 0.034246873604911646, 0.033959093949322026, 0.033674015728269675, 0.033394671057603215, 0.03311930841982225, 0.03284802703676886, 0.032578919492923686, 0.03231363298311818, 0.03205393704350901, 0.03179806353383284, 0.031541959345515215, 0.031292420582937415, 0.0310464294657844, 0.030804187735538294, 0.03056519878715579, 0.030328623988286858, 0.03009603732788265, 0.029867705486999834, 0.0296420298508026, 0.029416322668870384, 0.029197098009701262, 0.028981282809788504, 0.02876676107225336, 0.028554682024433963, 0.028348658420000106, 0.02814300597923794]}