{"val_loss": [1.3334537744522095, 1.2888675928115845, 1.2459238767623901, 1.2046239376068115, 1.16495943069458, 1.1269078254699707, 1.0904490947723389, 1.0560399293899536, 1.0226614475250244, 0.9907844662666321, 0.9603753089904785, 0.931397557258606, 0.9038124680519104, 0.8775783181190491, 0.8526521325111389, 0.8289889097213745, 0.8065411448478699, 0.7852599620819092, 0.765094518661499, 0.7459925413131714, 0.7279025912284851, 0.7107808589935303, 0.6945658922195435, 0.6792052984237671, 0.664642870426178, 0.6508298516273499, 0.6377120018005371, 0.6252389550209045, 0.613349199295044, 0.6019927859306335, 0.5911068320274353, 0.5806359648704529, 0.5705200433731079, 0.5607013702392578, 0.5511208176612854, 0.5417327284812927, 0.5324837565422058, 0.5233281254768372, 0.5142290592193604, 0.5051588416099548, 0.4960959255695343, 0.48702630400657654, 0.47794094681739807, 0.4688311815261841, 0.4596942663192749, 0.450528085231781, 0.4413437843322754, 0.43215838074684143, 0.422991544008255, 0.41386163234710693, 0.4047803282737732, 0.39576900005340576, 0.3868442177772522, 0.37802380323410034, 0.36932870745658875, 0.360768586397171, 0.3523639738559723, 0.3441385328769684, 0.3360915184020996, 0.32824110984802246, 0.32059982419013977, 0.3131670653820038, 0.3059583306312561, 0.29896989464759827, 0.29219913482666016, 0.28565552830696106, 0.2793326675891876, 0.27322623133659363, 0.26732802391052246, 0.26163485646247864, 0.2561372220516205, 0.25083354115486145, 0.24571794271469116, 0.240774005651474, 0.23600110411643982, 0.23139534890651703, 0.22694455087184906, 0.22263342142105103, 0.21846430003643036, 0.2144227921962738, 0.21052350103855133, 0.20674049854278564, 0.20306210219860077, 0.19948817789554596, 0.19601288437843323, 0.19261755049228668, 0.18932174146175385, 0.18611200153827667, 0.1829744428396225, 0.1799130141735077, 0.17692038416862488, 0.17399106919765472, 0.17110088467597961, 0.16826532781124115, 0.16548308730125427, 0.16274775564670563, 0.1600738912820816, 0.15744605660438538, 0.15487101674079895, 0.15234825015068054], "loss": [1.3797047138214111, 1.3333624601364136, 1.2886195182800293, 1.2455121278762817, 1.204035997390747, 1.1642265319824219, 1.1259676218032837, 1.089249610900879, 1.0546234846115112, 1.0209399461746216, 0.9887637495994568, 0.9578362107276917, 0.9283708930015564, 0.8999986052513123, 0.872786283493042, 0.8466086387634277, 0.8211252093315125, 0.7967880368232727, 0.7729690074920654, 0.7498041391372681, 0.7267861366271973, 0.7044903635978699, 0.6824097037315369, 0.6603602766990662, 0.638792097568512, 0.6173722147941589, 0.5956907868385315, 0.5740587115287781, 0.5532536506652832, 0.5326309204101562, 0.5120875239372253, 0.49168750643730164, 0.47201740741729736, 0.4537688195705414, 0.4341594874858856, 0.4165128767490387, 0.4000367224216461, 0.38401272892951965, 0.36838170886039734, 0.35365787148475647, 0.3400188088417053, 0.32575470209121704, 0.31555455923080444, 0.30284038186073303, 0.2913510203361511, 0.28059518337249756, 0.26991695165634155, 0.26012372970581055, 0.25507956743240356, 0.24422532320022583, 0.23401321470737457, 0.22818022966384888, 0.22161339223384857, 0.2145403027534485, 0.20963993668556213, 0.20270857214927673, 0.19698870182037354, 0.19066813588142395, 0.18752840161323547, 0.18102122843265533, 0.17781326174736023, 0.17332589626312256, 0.16674424707889557, 0.1626351922750473, 0.16218815743923187, 0.1566295623779297, 0.15270696580410004, 0.15048091113567352, 0.147953599691391, 0.1442202478647232, 0.14207462966442108, 0.13901762664318085, 0.1367836594581604, 0.13563062250614166, 0.1325579136610031, 0.13034047186374664, 0.1279880255460739, 0.12678511440753937, 0.12504644691944122, 0.12322662025690079, 0.11908440291881561, 0.11922843009233475, 0.117860808968544, 0.11659076809883118, 0.11480540782213211, 0.11366042494773865, 0.11133386194705963, 0.11059490591287613, 0.10880634933710098, 0.10883176326751709, 0.10759926587343216, 0.10637465119361877, 0.10656153410673141, 0.10445684939622879, 0.10284669697284698, 0.10226169228553772, 0.10086829215288162, 0.10092863440513611, 0.09922629594802856, 0.09797637164592743]}