{"val_loss": [1.8369457721710205, 1.7751693725585938, 1.7156715393066406, 1.658387541770935, 1.6032456159591675, 1.5501621961593628, 1.4990509748458862, 1.4498213529586792, 1.402376651763916, 1.356614351272583, 1.3124113082885742, 1.2696442604064941, 1.2281779050827026, 1.187868595123291, 1.1485633850097656, 1.1100988388061523, 1.072287917137146, 1.0349347591400146, 0.997837483882904, 0.9608004093170166, 0.9236132502555847, 0.8860763311386108, 0.8480086922645569, 0.8092755675315857, 0.769791305065155, 0.7296240925788879, 0.6889366507530212, 0.647962749004364, 0.607049822807312, 0.5666627287864685, 0.5273634195327759, 0.4897574186325073, 0.45440447330474854, 0.42185887694358826, 0.39246824383735657, 0.36639168858528137, 0.3436097204685211, 0.32391029596328735, 0.3069825768470764, 0.2924518883228302, 0.2799319624900818, 0.2690656781196594, 0.25953441858291626, 0.2510717213153839, 0.2434648871421814, 0.23654842376708984, 0.23019440472126007, 0.22430410981178284, 0.21880151331424713, 0.21362827718257904, 0.2087385505437851, 0.20409637689590454, 0.19967244565486908, 0.19544313848018646, 0.19138860702514648, 0.18749243021011353, 0.18373970687389374, 0.18011868000030518, 0.17661814391613007, 0.17322838306427002, 0.1699410378932953, 0.16674844920635223, 0.16364382207393646, 0.16062133014202118, 0.1576753407716751, 0.1548011302947998, 0.15199434757232666, 0.14925126731395721, 0.14656837284564972, 0.14394260942935944, 0.14137139916419983, 0.138852059841156, 0.13638249039649963, 0.13396073877811432, 0.1315847784280777, 0.129253089427948, 0.12696419656276703, 0.12471659481525421, 0.12250930815935135, 0.12034108489751816, 0.11821086704730988, 0.11611787229776382, 0.11406118422746658, 0.11203993856906891, 0.11005357652902603, 0.1081012487411499, 0.10618238151073456, 0.10429634153842926, 0.10244254767894745, 0.1006205677986145, 0.09882970154285431, 0.09706961363554001, 0.09533970057964325, 0.09363947808742523, 0.09196852892637253, 0.09032633155584335, 0.08871250599622726, 0.08712660521268845, 0.08556815981864929, 0.08403678983449936], "loss": [1.9016449451446533, 1.8367674350738525, 1.7741913795471191, 1.7138067483901978, 1.655684232711792, 1.6000683307647705, 1.5456219911575317, 1.4942702054977417, 1.4435884952545166, 1.3946123123168945, 1.3479902744293213, 1.3024822473526, 1.2585279941558838, 1.2146748304367065, 1.1730324029922485, 1.1303235292434692, 1.0909477472305298, 1.052416443824768, 1.0123525857925415, 0.9751725792884827, 0.937662661075592, 0.8953540921211243, 0.8612155914306641, 0.8181362748146057, 0.7796802520751953, 0.7413310408592224, 0.7015979290008545, 0.6661353707313538, 0.6252220869064331, 0.5878760814666748, 0.5487406253814697, 0.5141977667808533, 0.48424893617630005, 0.4486968517303467, 0.4208657443523407, 0.3951101303100586, 0.37045425176620483, 0.3508700728416443, 0.3329409956932068, 0.3174513280391693, 0.3042057156562805, 0.29222315549850464, 0.28210681676864624, 0.27326899766921997, 0.26526781916618347, 0.2578514814376831, 0.25108787417411804, 0.24483025074005127, 0.2391163408756256, 0.23367097973823547, 0.22855226695537567, 0.223702535033226, 0.2190801203250885, 0.214694544672966, 0.21049082279205322, 0.2064383178949356, 0.20255430042743683, 0.19881415367126465, 0.19520290195941925, 0.1917065680027008, 0.1883167028427124, 0.18503400683403015, 0.18184763193130493, 0.17874377965927124, 0.1757233738899231, 0.17277897894382477, 0.1699068695306778, 0.16710251569747925, 0.1643589287996292, 0.16167603433132172, 0.15905418992042542, 0.1564812958240509, 0.15396259725093842, 0.15149571001529694, 0.14907382428646088, 0.14669828116893768, 0.1443661004304886, 0.14207851886749268, 0.1398303359746933, 0.1376238316297531, 0.13545341789722443, 0.13332507014274597, 0.1312311738729477, 0.12917479872703552, 0.12715378403663635, 0.12516754865646362, 0.12321572005748749, 0.12129627168178558, 0.11941064894199371, 0.11755670607089996, 0.11573372781276703, 0.11394213140010834, 0.112184539437294, 0.11045288294553757, 0.10875348001718521, 0.10708238184452057, 0.1054404079914093, 0.10382553935050964, 0.10224073380231857, 0.10068383067846298]}