{"val_loss": [1.6464689221493034, 1.217510090317837, 0.9405527918837792, 0.7580092729524125, 0.6303969510765963, 0.5320652737173923, 0.45211873498073846, 0.38659003169037576, 0.33324113696120505, 0.2902311003485391, 0.2559803973796756, 0.22865447748539058, 0.20646521483742913, 0.18847796459530675, 0.17363006361695224, 0.16137579152750414, 0.15122902081456296, 0.1426728111366893, 0.1355263698239659, 0.1294556253178175, 0.12418564287729042, 0.1197369129851807, 0.11596201481514198, 0.11264037150283192, 0.109782351830671, 0.10729882069105326, 0.10503130163564238, 0.10303869046444117, 0.10122102239104204, 0.09959617274445157, 0.09837099563243777, 0.09711334421191105, 0.09586441135683725, 0.09482353995012682, 0.0939521219494731, 0.09310970628677412, 0.09237888490044793, 0.09149030890575675, 0.09080356584731923, 0.09030571406663851, 0.08964263595813929, 0.08885222967973976, 0.0882215985032015, 0.08760315474382667, 0.08716542499009954, 0.08667641185050787, 0.08630160814107851, 0.08571885283603224, 0.08545350491307503, 0.08497225475865741, 0.08448203601116358, 0.0841738649232443, 0.0835667677050413, 0.08337714159211447, 0.08273846517468608, 0.08236357604348382, 0.08234289392482402, 0.08192849367163903, 0.08141349550596504, 0.08103637102731438, 0.08069077653940333, 0.0805527618111566, 0.08008220116066378, 0.07979003998429277, 0.0795726647903753, 0.07944595571174178, 0.07896094405373862, 0.07884326767782833, 0.0785706285820451, 0.0780469047468762, 0.07774454424547594, 0.07801118562387865, 0.07781953485899193, 0.07736382494832195, 0.07711398930743683, 0.07689853965543038, 0.07657425833302875, 0.0762405133871145, 0.07611415968384853, 0.07583368205746939, 0.07553314798793127, 0.07538042061550673, 0.07523402692966683, 0.07517316764177279, 0.07526447727929714, 0.07468705000572426, 0.07473725825548172, 0.07447643491417863, 0.07420519912658735, 0.07392181334800499, 0.07402437682761702, 0.07373107120741246, 0.07357611507177353, 0.07336067702881126, 0.0733437018339024, 0.07306711895521296, 0.0730477862579878, 0.0728695193348929, 0.07268960479387017, 0.07252598900434583], "loss": [1.9777770541435065, 1.4376561004062032, 1.081429173780042, 0.8496101512465366, 0.7015032906864964, 0.5920773910921674, 0.5045827377674191, 0.43600203616674554, 0.38753019585165865, 0.3358447898265927, 0.30131074023801224, 0.2696779699519623, 0.2394144479618516, 0.22009625129921492, 0.20184928317402684, 0.1871333295522734, 0.17172950818095095, 0.15960709022921185, 0.15301661990409673, 0.14777081477087597, 0.13853288909723593, 0.13666769117116928, 0.13050329581249592, 0.12559933215379715, 0.1228548995284147, 0.11784453672725101, 0.11409198839304059, 0.11205424437689226, 0.1076610968556515, 0.10487713924674101, 0.10715010259733644, 0.10223114871701529, 0.10154193171928096, 0.10048690299655116, 0.10030710419943166, 0.09886179205983184, 0.09908666357744572, 0.09623536450225254, 0.09775795718265134, 0.09663137325713801, 0.09270811808663745, 0.09184902681167735, 0.09145337932331618, 0.09088143065225246, 0.09155133141334666, 0.09057337236265804, 0.09016554941271626, 0.08936142159062763, 0.08924661698036415, 0.08787116581617399, 0.08818699090286743, 0.0875424427348514, 0.08740629221117774, 0.08410355050203412, 0.0858214313900748, 0.08605366130900938, 0.08530445154323134, 0.08280620654655058, 0.08371138503385145, 0.08153661115224971, 0.08359834534484287, 0.08151689171791077, 0.08258984411178633, 0.08012836876996728, 0.08095063650330832, 0.08194254789241524, 0.08017710180476655, 0.08028936680666236, 0.07951814386733742, 0.0775809348669163, 0.07972079203572384, 0.07970936960259149, 0.07987443738898566, 0.07846490345722021, 0.07786104083061218, 0.07787907955258391, 0.07619701429854991, 0.07646030343549196, 0.07667283228663511, 0.07698017202837523, 0.0738606778688209, 0.07521185434834901, 0.07504981305710105, 0.07696368077466655, 0.07594186726004579, 0.07420337165510932, 0.07453931434903034, 0.07527016986941182, 0.07323851938857588, 0.07366118822679964, 0.07415929003510364, 0.07350778042577034, 0.07325998191223589, 0.07170069997393808, 0.07409837478122046, 0.07202631702949834, 0.07302780882563702, 0.07206475214902745, 0.07253209380216377, 0.07259543170762617]}