{"val_loss": [1.1851697411648063, 0.9582172147063321, 0.8080251286196154, 0.7063656546348749, 0.6316242190294488, 0.5704931575198506, 0.5167452859324079, 0.4668043955814007, 0.4206399342348409, 0.3786728846472363, 0.3406120497126912, 0.3069341563901236, 0.2778620026832403, 0.2528195533641549, 0.23110841942387958, 0.21226227040900741, 0.19641837824222652, 0.18293808088746183, 0.1715676240449728, 0.1618560767450998, 0.15339940543784653, 0.14614632829677227, 0.13984452742476797, 0.13436425252016201, 0.12958560364190921, 0.12532971175604088, 0.1216158296826274, 0.11851482561161351, 0.11578765251608782, 0.11317188847203587], "loss": [1.3558768505273864, 1.074850176655969, 0.8850766725318376, 0.7605205427768619, 0.6674033583596696, 0.607315739919973, 0.55509719599125, 0.4990037769772286, 0.4700331064157708, 0.4299501714318298, 0.3932906236759452, 0.3637844448865846, 0.33097982891770295, 0.30799478916234746, 0.2809410684330519, 0.26675073421278667, 0.24920304985933525, 0.22529739349387412, 0.2150273718113123, 0.20172426901584448, 0.19252901784209317, 0.18003208588722142, 0.1722264629463817, 0.16839696328307308, 0.1662548253702563, 0.14466802775859833, 0.1475281368854434, 0.1526804292617842, 0.1455573585144309, 0.13674577758755796]}