{"val_loss": [1.3123480081558228, 1.2752665281295776, 1.2425816059112549, 1.2078046798706055, 1.1756476163864136, 1.1441822052001953, 1.113547444343567, 1.0834085941314697, 1.0544159412384033, 1.0265495777130127, 0.9998265504837036, 0.9741442799568176, 0.9494377374649048, 0.9257262945175171, 0.9029946327209473, 0.8812240362167358, 0.8605663776397705, 0.8408250212669373, 0.8217886090278625, 0.8036192655563354, 0.786471962928772, 0.7699493169784546, 0.754213273525238, 0.7394063472747803, 0.725320041179657, 0.71192866563797, 0.6990600228309631, 0.6868538856506348, 0.6754196882247925, 0.6645869016647339, 0.6542154550552368, 0.6445234417915344, 0.6353665590286255, 0.6267219185829163, 0.6184765696525574, 0.6107125878334045, 0.6034071445465088, 0.5965393781661987, 0.5900930166244507, 0.5841012597084045, 0.5784260034561157, 0.5731133222579956, 0.5681407451629639, 0.5634934902191162, 0.5591868162155151, 0.5551151633262634, 0.551304042339325, 0.5477316379547119, 0.5443758964538574, 0.5412175059318542, 0.5382405519485474, 0.5354588031768799, 0.5328084230422974, 0.5302931070327759, 0.5279020667076111, 0.5256119966506958, 0.5234327912330627, 0.5213168859481812, 0.519248902797699, 0.5172187089920044, 0.5152206420898438, 0.5132703185081482, 0.5113310813903809, 0.5093982219696045, 0.5074746608734131, 0.5055492520332336, 0.5036275386810303, 0.5016838908195496, 0.4997413754463196, 0.4977714717388153, 0.4957709312438965, 0.49372434616088867, 0.49167609214782715, 0.4895972013473511, 0.48749053478240967, 0.4853574335575104, 0.48317950963974, 0.480974406003952, 0.4787433445453644, 0.4765060842037201, 0.4742332696914673, 0.47192203998565674, 0.46957898139953613, 0.46722176671028137, 0.4648640751838684, 0.46248945593833923, 0.46009567379951477, 0.4576840400695801, 0.45526424050331116, 0.45283982157707214, 0.4504207670688629, 0.4479808807373047, 0.4455389082431793, 0.4430982768535614, 0.4406416714191437, 0.43819329142570496, 0.4357624351978302, 0.4333208203315735, 0.4308852255344391, 0.42845404148101807], "loss": [1.3505114316940308, 1.3116761445999146, 1.274009108543396, 1.2408101558685303, 1.2054659128189087, 1.1727663278579712, 1.1408731937408447, 1.1096134185791016, 1.0790332555770874, 1.0495131015777588, 1.021177053451538, 0.9938564300537109, 0.9678199291229248, 0.9426717162132263, 0.918447732925415, 0.8951742649078369, 0.8728402853012085, 0.8518149852752686, 0.8312935829162598, 0.8115925192832947, 0.7930647730827332, 0.7751597762107849, 0.757896900177002, 0.7412876486778259, 0.7254360914230347, 0.7103419899940491, 0.6959978938102722, 0.6816712021827698, 0.668309211730957, 0.6549652814865112, 0.6429111361503601, 0.6299251317977905, 0.6187125444412231, 0.6065051555633545, 0.5959123969078064, 0.5847694873809814, 0.5738074779510498, 0.5629886388778687, 0.5530914664268494, 0.543724536895752, 0.5323978662490845, 0.522327721118927, 0.5131738185882568, 0.5023519396781921, 0.4937146306037903, 0.4835880994796753, 0.47474271059036255, 0.4659859836101532, 0.4562309682369232, 0.44948121905326843, 0.43939387798309326, 0.43069589138031006, 0.42030957341194153, 0.4130115211009979, 0.4050818383693695, 0.3972299098968506, 0.3879779875278473, 0.3828216791152954, 0.37497571110725403, 0.36782559752464294, 0.3612038195133209, 0.35361242294311523, 0.34710317850112915, 0.34216946363449097, 0.33458369970321655, 0.3280867636203766, 0.32113316655158997, 0.3157832622528076, 0.31214025616645813, 0.3072524964809418, 0.30150705575942993, 0.29521751403808594, 0.29208728671073914, 0.2874995172023773, 0.28233665227890015, 0.27844691276550293, 0.2716929018497467, 0.27134954929351807, 0.2676827609539032, 0.26272526383399963, 0.2607356607913971, 0.2564992308616638, 0.2525175213813782, 0.2509348392486572, 0.2467295229434967, 0.2404543161392212, 0.2367270141839981, 0.2372189164161682, 0.233997642993927, 0.23380045592784882, 0.23038502037525177, 0.22462409734725952, 0.22330574691295624, 0.22423718869686127, 0.21873782575130463, 0.21744224429130554, 0.21592634916305542, 0.2160395383834839, 0.2091502696275711, 0.2105991095304489]}