{"val_loss": [1.8449057340621948, 1.783440113067627, 1.7243075370788574, 1.667503833770752, 1.6130098104476929, 1.5607900619506836, 1.5108031034469604, 1.4629994630813599, 1.4173262119293213, 1.3737260103225708, 1.3321382999420166, 1.2924995422363281, 1.2547463178634644, 1.2188113927841187, 1.1846249103546143, 1.1521180868148804, 1.1212210655212402, 1.0918647050857544, 1.063978672027588, 1.0374951362609863, 1.0123430490493774, 0.9884548187255859, 0.9657624959945679, 0.9442015886306763, 0.9237051010131836, 0.9042296409606934, 0.8857237696647644, 0.8681296110153198, 0.8513933420181274, 0.835459291934967, 0.8202756643295288, 0.8057939410209656, 0.7919656038284302, 0.778747022151947, 0.7660946249961853, 0.7539656758308411, 0.7423198223114014, 0.7311184406280518, 0.7203240394592285, 0.70989990234375, 0.6998157501220703, 0.6900399327278137, 0.6805431246757507, 0.6712988018989563, 0.6622833013534546, 0.6534727215766907, 0.6448460221290588, 0.6363828182220459, 0.6280660629272461, 0.6198759078979492, 0.6117960214614868, 0.6038127541542053, 0.595916748046875, 0.5880927443504333, 0.5803328156471252, 0.5726212859153748, 0.5649526119232178, 0.557314395904541, 0.5497052073478699, 0.5421183705329895, 0.5345475077629089, 0.5269859433174133, 0.5194348096847534, 0.5118893980979919, 0.5043521523475647, 0.49682044982910156, 0.48929014801979065, 0.4817635118961334, 0.47424373030662537, 0.46672523021698, 0.4592134952545166, 0.45171231031417847, 0.44422560930252075, 0.43675339221954346, 0.4292967915534973, 0.42186498641967773, 0.4144570529460907, 0.4070728123188019, 0.3997182250022888, 0.39239683747291565, 0.3851114511489868, 0.37787121534347534, 0.37068048119544983, 0.36354491114616394, 0.3564685583114624, 0.3494565784931183, 0.34251725673675537, 0.3356555998325348, 0.32887572050094604, 0.3221779763698578, 0.3155648410320282, 0.30905407667160034, 0.302640438079834, 0.29633018374443054, 0.2901207506656647, 0.2840157449245453, 0.2780153155326843, 0.2721247673034668, 0.26634714007377625, 0.2606789171695709], "loss": [1.9091007709503174, 1.844829797744751, 1.7827335596084595, 1.7230889797210693, 1.666053056716919, 1.6115373373031616, 1.5585172176361084, 1.508125901222229, 1.4602991342544556, 1.4142451286315918, 1.3695439100265503, 1.3266887664794922, 1.287527084350586, 1.2502645254135132, 1.213439702987671, 1.1789476871490479, 1.1454132795333862, 1.1133652925491333, 1.0851457118988037, 1.0576074123382568, 1.028137445449829, 1.0041831731796265, 0.9812604188919067, 0.9573326706886292, 0.9331337809562683, 0.9142241477966309, 0.8969411253929138, 0.8784947395324707, 0.8550885915756226, 0.8444836139678955, 0.8271483778953552, 0.8111658692359924, 0.7982292771339417, 0.7812360525131226, 0.7694844603538513, 0.7554683089256287, 0.7430349588394165, 0.7307580709457397, 0.7201085686683655, 0.7114845514297485, 0.6978569030761719, 0.6895446181297302, 0.6792472004890442, 0.6682802438735962, 0.661565899848938, 0.649208664894104, 0.6418409943580627, 0.6311951279640198, 0.6231920719146729, 0.6165852546691895, 0.6096559166908264, 0.6001273393630981, 0.5895943641662598, 0.584525465965271, 0.5745981335639954, 0.5704647302627563, 0.5604430437088013, 0.5564993619918823, 0.5436559915542603, 0.538118302822113, 0.531254768371582, 0.5246054530143738, 0.5147917866706848, 0.5091882944107056, 0.49950242042541504, 0.4920363128185272, 0.48594731092453003, 0.4780938923358917, 0.4704337418079376, 0.4664001166820526, 0.4584603011608124, 0.4501611888408661, 0.4426826238632202, 0.4363231062889099, 0.4306371808052063, 0.41999226808547974, 0.4150247573852539, 0.40961959958076477, 0.40117141604423523, 0.3946072459220886, 0.38770630955696106, 0.38006335496902466, 0.37392234802246094, 0.3667926788330078, 0.3608745038509369, 0.35479339957237244, 0.3468632996082306, 0.339842826128006, 0.33334171772003174, 0.3282206356525421, 0.3232062757015228, 0.31188851594924927, 0.3084271550178528, 0.3011508584022522, 0.29682639241218567, 0.29030415415763855, 0.28510943055152893, 0.278575599193573, 0.27311643958091736, 0.26878121495246887]}