{"val_loss": [1.3272178173065186, 1.2953397035598755, 1.2646385431289673, 1.2351088523864746, 1.206740140914917, 1.1795153617858887, 1.15341055393219, 1.1284037828445435, 1.1044684648513794, 1.08157479763031, 1.0596925020217896, 1.0387881994247437, 1.01883065700531, 0.9997868537902832, 0.981621265411377, 0.9642994403839111, 0.9477865695953369, 0.9320478439331055, 0.9170480966567993, 0.902754008769989, 0.8891293406486511, 0.8761410117149353, 0.8637556433677673, 0.8519390821456909, 0.8406588435173035, 0.8298925161361694, 0.8196129202842712, 0.8097911477088928, 0.8003993630409241, 0.7914106249809265, 0.7828002572059631, 0.774543046951294, 0.7666159868240356, 0.7589967250823975, 0.7516622543334961, 0.7445930242538452, 0.7377687692642212, 0.7311710119247437, 0.7247808575630188, 0.7185827493667603, 0.7125612497329712, 0.7067018747329712, 0.7009902596473694, 0.6954125165939331, 0.689956784248352, 0.6846108436584473, 0.6793644428253174, 0.6742058396339417, 0.6691258549690247, 0.6641137003898621, 0.6591609716415405, 0.6542615294456482, 0.6494067311286926, 0.6445894837379456, 0.6398032307624817, 0.6350434422492981, 0.6303039193153381, 0.6255807876586914, 0.6208686232566833, 0.6161638498306274, 0.6114630103111267, 0.6067606210708618, 0.6020559072494507, 0.5973465442657471, 0.5926317572593689, 0.587908923625946, 0.5831746459007263, 0.5784271955490112, 0.5736649632453918, 0.5688895583152771, 0.5640993714332581, 0.559290885925293, 0.5544643402099609, 0.5496208667755127, 0.5447598695755005, 0.5398832559585571, 0.5349900126457214, 0.5300769805908203, 0.5251480937004089, 0.5202018022537231, 0.5152403116226196, 0.510262131690979, 0.5052598714828491, 0.5002384185791016, 0.49520668387413025, 0.49016156792640686, 0.4851096570491791, 0.4800456762313843, 0.47497010231018066, 0.46988457441329956, 0.46479541063308716, 0.45969873666763306, 0.45459744334220886, 0.4494851231575012, 0.44436705112457275, 0.43924790620803833, 0.4341261088848114, 0.42900940775871277, 0.42389434576034546, 0.418779194355011], "loss": [1.362896203994751, 1.3296356201171875, 1.29774010181427, 1.2664368152618408, 1.2365672588348389, 1.2078964710235596, 1.1804678440093994, 1.15385901927948, 1.1284624338150024, 1.1043801307678223, 1.0812386274337769, 1.0587966442108154, 1.0374077558517456, 1.0174775123596191, 0.9982260465621948, 0.9799163937568665, 0.9620409607887268, 0.945440411567688, 0.9295225143432617, 0.9139517545700073, 0.8998547196388245, 0.885221540927887, 0.8721780180931091, 0.8604293465614319, 0.8475748300552368, 0.8363107442855835, 0.8251500129699707, 0.814463198184967, 0.8043169379234314, 0.7956859469413757, 0.7857045531272888, 0.7776288986206055, 0.768276572227478, 0.7606682181358337, 0.7537099719047546, 0.7456050515174866, 0.7380795478820801, 0.729539692401886, 0.724392294883728, 0.7165601849555969, 0.7111945748329163, 0.7048645615577698, 0.6985179781913757, 0.6925719976425171, 0.6863381862640381, 0.6823227405548096, 0.675776481628418, 0.6708016991615295, 0.6640911102294922, 0.658902645111084, 0.6558067202568054, 0.6496878862380981, 0.6446899771690369, 0.6391261219978333, 0.6357643008232117, 0.6311032176017761, 0.6270008683204651, 0.6195722222328186, 0.6138401031494141, 0.6109194755554199, 0.6054933071136475, 0.6009514331817627, 0.5955379605293274, 0.5920060276985168, 0.5865630507469177, 0.5826377868652344, 0.5766159892082214, 0.5720731616020203, 0.5673114657402039, 0.562090277671814, 0.556265115737915, 0.553791344165802, 0.5481972694396973, 0.541658341884613, 0.5381338596343994, 0.532768964767456, 0.5277056694030762, 0.524293839931488, 0.5176591277122498, 0.5139285326004028, 0.5085791349411011, 0.5032439827919006, 0.5008065700531006, 0.4946252405643463, 0.4869406819343567, 0.4834616482257843, 0.47707316279411316, 0.4740113914012909, 0.46947768330574036, 0.4642563462257385, 0.4571138918399811, 0.45457541942596436, 0.44936007261276245, 0.4444550573825836, 0.4400210976600647, 0.435197651386261, 0.4313286244869232, 0.4226166903972626, 0.41931626200675964, 0.41583818197250366]}