{"val_loss": [0.5136486440896988, 0.48691268797431675, 0.45396854622023447, 0.40935819276741575, 0.3556087836623192, 0.2966538039701326, 0.2385989890566894, 0.18739950231143407, 0.1446212918630668, 0.11204863020351954, 0.08846227452158928, 0.07201582326420716, 0.06063238478132656, 0.052720660875950544, 0.047108469264847894, 0.04307517595589161, 0.04008944618648717, 0.03772204515657255, 0.03591367455997637, 0.03454309881531766, 0.033473031994487555, 0.032645466338310926, 0.03197325613083584, 0.031450470842953236, 0.031028241384774446, 0.030688032042235136, 0.030413498104150807, 0.030209089030644724, 0.030040397042674676, 0.029914199441139187, 0.029802985755460604, 0.0297216550846185, 0.029651606255876168, 0.02960835038019078, 0.029571550632161752, 0.0295444490787174, 0.029533883357154473, 0.029525814511414086, 0.02952508402190038, 0.029532823977725848, 0.0295111264235207, 0.029535145232720033, 0.02952081836493952, 0.029516518781227723, 0.029500635606901988, 0.029491985416305915, 0.02945880319124886, 0.029446160221206292, 0.02942503143900207, 0.029368207124727114, 0.029346962259816273, 0.029305113745587214, 0.0292850162700883, 0.029304465744644403, 0.02929299185052514, 0.029257897021515027, 0.029198364753808295, 0.029169452177094563, 0.02913822147196957, 0.029082317304398333, 0.029052356191511666, 0.02904459268652967, 0.028977938994233097, 0.02891909344387906, 0.028868063486048152, 0.02880339264603598, 0.02871307996766908, 0.02867144944944552, 0.0286344360959317, 0.028541138196097954, 0.028494833037257195, 0.028448370351855243, 0.028376560658216476, 0.02835610695183277, 0.028300441801548004, 0.028251062679503645, 0.028175930625626018, 0.028105643710919788, 0.02801703941076994, 0.027964214062584297, 0.027906411859605993, 0.02791035221889615, 0.02783579086618764, 0.027779668170426573, 0.027751967244382416, 0.02769749259044017, 0.027625667064317634, 0.027564418967813253, 0.027505678523864065, 0.02743047203070351, 0.027377432212233543, 0.027319590028907572, 0.027263125072100332, 0.02721142110281757, 0.027177303630326475, 0.02712893412847604, 0.027070894039102962, 0.027033377305737565, 0.02697596007159778, 0.026952025813183615], "loss": [0.5309299209288189, 0.5008487424680165, 0.47236408293247223, 0.4324227656636919, 0.3904469385743141, 0.3373373970389366, 0.2845383435487747, 0.23915422601359232, 0.1931796105844634, 0.16330182073371752, 0.14097269704299314, 0.11503070566271033, 0.10335151558475834, 0.0896034309906619, 0.07881962321698666, 0.07456507121345826, 0.06770376821181603, 0.06270357820072345, 0.061469651226486476, 0.058939850090869834, 0.053215893384601386, 0.048218289257160256, 0.04851029400846788, 0.047662932824875624, 0.04603744058736733, 0.04502708571297782, 0.04416489088907838, 0.04485905995326383, 0.040812862903944085, 0.03971298285094755, 0.03975873307457992, 0.03990883087473256, 0.03883548812674625, 0.037635126284190586, 0.03663857853306191, 0.03712309970121298, 0.03817051343087639, 0.03666339189346347, 0.036682521857853444, 0.03595229424536228, 0.035337828498865874, 0.037095855588891676, 0.03358591381194336, 0.034133064560592175, 0.03464231141177671, 0.03323557394157563, 0.03247328960735883, 0.032974913117608855, 0.0324698875525168, 0.03202529205009341, 0.03207618869575007, 0.031332070872719796, 0.031794619147798846, 0.034756646757679324, 0.03125126054510474, 0.03160929001335587, 0.031046106879200255, 0.03161467818011131, 0.031078397695507323, 0.03135959238612226, 0.031154576689004898, 0.03215941001794168, 0.02986137695344431, 0.02986912309591259, 0.03061227560309427, 0.02958699082955718, 0.030015390499361923, 0.029772203016494, 0.029787853493222168, 0.02904934309689062, 0.029684533963778188, 0.0299503252442394, 0.02960914173828704, 0.030047938826360872, 0.029680399357208183, 0.0311395615073187, 0.028125929845763103, 0.02912734561998929, 0.027581217233091593, 0.02933570509776473, 0.030130700673907995, 0.02932847324492676, 0.028455380084259168, 0.029417472824986492, 0.028425319120287895, 0.028478944674134254, 0.0271472222437816, 0.028999255704028264, 0.027511585304247483, 0.02701118422139968, 0.027197079733014107, 0.02758729797122734, 0.027191920272473778, 0.0273090101379369, 0.02928831647815449, 0.027469128569854156, 0.027547711772578105, 0.027471482487661496, 0.027606298747871603, 0.02729320865390556]}