{"val_loss": [0.6460116525511235, 0.25429436367925523, 0.12364843887211069, 0.08120909919710624, 0.06594295780547461, 0.05837337447983647, 0.053456951398136186, 0.049637883561946344, 0.04646716247823179, 0.04373816076261052, 0.041348970466150214, 0.03921532993987622, 0.037258075802822914, 0.035536318163166825, 0.03394504931196124, 0.032500679504782866, 0.031175685745551338, 0.02996389057710911, 0.028837769532430703, 0.02779509276584551, 0.026825121683630732, 0.025921217483600368, 0.025076578087561203, 0.024287927147290656, 0.023555981594717702, 0.022838303840702928, 0.022193507271535632, 0.021561793335566144, 0.02098304562351036, 0.02041932164239513, 0.019893799740438048, 0.019391962100635658, 0.018906193847503378, 0.018439322195649643, 0.017995186785259534, 0.017580916841700708, 0.017182890113666797, 0.016783960108279105, 0.01641733834732478, 0.016074158120833397, 0.015721176201234574, 0.015387771701515628, 0.015070371691388012, 0.01478365915241243, 0.014472403097734574, 0.014184644354594421, 0.013905823261286459, 0.013637079339792926, 0.013382284654376362, 0.013124449985012663, 0.012878463505588201, 0.01264419983783851, 0.012421147382730468, 0.012197055072169522, 0.011971509740729564, 0.011766960181623634, 0.011562359042638845, 0.011355385933194028, 0.011166770809256953, 0.01098006508023407, 0.010783084441894734, 0.010615795178858186, 0.010433996926687701, 0.010268473240165438, 0.010099726710559576, 0.009936481163236891, 0.009773593386912614, 0.009626402825984273, 0.009476018311078095, 0.009323203964597798, 0.009183965914345124, 0.009037516254391946, 0.008904187897750892, 0.008764305146690896, 0.008637548014858294, 0.008494504475056504, 0.008366173892965217, 0.008245994893532171, 0.008127807452982696, 0.008010911323074472, 0.00788468089754166, 0.007777802097037974, 0.007657573698479333, 0.007545305646967648, 0.007442263859362551, 0.007331522710018055, 0.007228177623864684, 0.007123209884288711, 0.007016247109487071, 0.006923999536485662, 0.006820859438828615, 0.006730485762466293, 0.00663792187218999, 0.006549528636834346, 0.006449404775438071, 0.0063611638958235295, 0.006283871189497098, 0.00618415213198007, 0.006110285925243868, 0.00601211146265234], "loss": [8.457028511475782, 0.3383181669175993, 0.14301851878254812, 0.0837578411360327, 0.0651617539643054, 0.05734401145455396, 0.05255437373488325, 0.04891016929778272, 0.045782295827629556, 0.04301030915414321, 0.04055777430179802, 0.03840200703405239, 0.03649236741140354, 0.03472508274635123, 0.033162510713261234, 0.03173142044212252, 0.03042641610194372, 0.029238015579707857, 0.02813864806238371, 0.027130817494277065, 0.026181067833042197, 0.02532062121556769, 0.02452487211547676, 0.023752269223552287, 0.023025325645576605, 0.022376607268132055, 0.021724643411560933, 0.02115861773030527, 0.0205824369530124, 0.020044122589455753, 0.019543273946545026, 0.019052297104623146, 0.018588938735570458, 0.01816540155747022, 0.01774844469243691, 0.017344818296163304, 0.016958538893987133, 0.016608326297958026, 0.01625507448923678, 0.01591324506393303, 0.01557913524323129, 0.015274543620722959, 0.014972961475992103, 0.014677826214774469, 0.014401404924342347, 0.014124683499367852, 0.01387397181574246, 0.013615102713038993, 0.013363500306198796, 0.013137086633124562, 0.012909996267406415, 0.012680745963531151, 0.012463381325970862, 0.01224669405506302, 0.012052258578173176, 0.011849698483707566, 0.011660867151521256, 0.011481801834447703, 0.011287964715692024, 0.01111039979307593, 0.010948791618513124, 0.010771614792435073, 0.01061052148982183, 0.010448508671120965, 0.010289387929561716, 0.01013725585799194, 0.009992510134981758, 0.009840265667387384, 0.009696554027399508, 0.009562604832113818, 0.009420542582769208, 0.009287916328873096, 0.00916224084450955, 0.00903084035085008, 0.008905317990381944, 0.008783843491838327, 0.008666336773914912, 0.008545747178107745, 0.008432086603445457, 0.008317701856845432, 0.00821267426389121, 0.008099902594170177, 0.007990326311648508, 0.007894246638670494, 0.00779114944591842, 0.007690834942877012, 0.007590824335802872, 0.007496396144043802, 0.00739938249923361, 0.007308180672328301, 0.007220016186580201, 0.007124321843443086, 0.007034970941752976, 0.0069517340324355276, 0.006865965022782712, 0.006784245690991713, 0.006704588630402027, 0.006621538268835628, 0.006542340873535418, 0.0064647410133477174]}