{"val_loss": [2.4072076886199243, 1.6055012636406476, 1.1025461984235188, 0.7840006074240041, 0.5737249615580536, 0.4335504728694295, 0.34137810801350793, 0.28027615990749627, 0.23793635603993438, 0.20721605731997378, 0.1842466388330903, 0.16645863063113633, 0.15246691780034885, 0.1413101817286292, 0.13235838641954023, 0.12512030504470648, 0.11919260458197704, 0.11439098053893378, 0.11039594422246135, 0.10699211684770363, 0.1041404539069464, 0.10170254267232362, 0.09960983087157094, 0.097868321766687, 0.09649447542290356, 0.09505396232355473, 0.09373762146678082, 0.09267693965934044, 0.09181017272694167, 0.09086404879425847, 0.09004783838294274, 0.08910283082446387, 0.0882570625737656, 0.08767329710860584, 0.08692010613374931, 0.08629723170468974, 0.08567782820657242, 0.08491311135680177, 0.08431476025387298, 0.08387585365495016, 0.08321401546167773, 0.0827312161063039, 0.08224334775708443, 0.08170067830834278, 0.08115518231724583, 0.08070390480895374, 0.08033996369949607, 0.07995487368384073, 0.07952513043270555, 0.07904540314230808, 0.07867715646361195, 0.07826813604942588, 0.07770525490821795, 0.07735778183438057, 0.07701172731643499, 0.07681918161553006, 0.07641546844049942, 0.07608041305874669, 0.07563450204771618, 0.07544756074284398, 0.07504437066787897, 0.0748207212187523, 0.07425908016604046, 0.07426784915286441, 0.07403234998847164, 0.0736702406822249, 0.07331799663776575, 0.07308847335881966, 0.0728194143536479, 0.07255118565503942, 0.0722937298028968, 0.07191131142682808, 0.07182942296183387, 0.07152661681175232, 0.07130550402541493, 0.07112254011769627, 0.07080665941155234, 0.07048539210890614, 0.07029533108999562, 0.06994130202504091, 0.0699034322832906, 0.06953720800405325, 0.069457940410736, 0.06936123170131861, 0.06871382337669994, 0.06858053248982098, 0.0686107104600862, 0.068361206283403, 0.06824617538341256, 0.06811916706866997, 0.06810403840486394, 0.06749634444713593, 0.0676485920368239, 0.06731333237054736, 0.06704550808252291, 0.06726836950279945, 0.06656935845696649, 0.06636312863854475, 0.06614635694165562, 0.06588249688231668], "loss": [3.0386424286420954, 2.0166089146636255, 1.3537760085837787, 0.9431479323742001, 0.6832099543061367, 0.5116099756817485, 0.39361814981283144, 0.3212401056012442, 0.27006492434546003, 0.23254889111186183, 0.20666465925615887, 0.18622300652570503, 0.16401549861874692, 0.15645252861255823, 0.14253462123316388, 0.13272451522738435, 0.1257374059668807, 0.12117730219696843, 0.11586756241876026, 0.11092797181634016, 0.10681648691033208, 0.10350979206173919, 0.09947124885958294, 0.09959621502216472, 0.09801781628020974, 0.09528869771680167, 0.09262800875098207, 0.09323671425497809, 0.09293138668980709, 0.09094384416591289, 0.09073642537344334, 0.0875038644948671, 0.08757890778225522, 0.08815740256808526, 0.08596500892971837, 0.08545472906079403, 0.08540651947259903, 0.0828219135833341, 0.0824883871300276, 0.08357107829908993, 0.0809599831700325, 0.08158379186724507, 0.08015344343906225, 0.07971871800200883, 0.07946684055550154, 0.07897172902905664, 0.07819491260966589, 0.07877332457276277, 0.07745911874050318, 0.07777380787355956, 0.07697888065216153, 0.07657130998234417, 0.0746643872455109, 0.07494013843148253, 0.07440370338600735, 0.07478999589071718, 0.07438598434592403, 0.07327080240776372, 0.0735686376344326, 0.07339663006538569, 0.07314911120852759, 0.07194249591855116, 0.07054514593856279, 0.07188608272131099, 0.07157913370187892, 0.07140038907527924, 0.07010049684796223, 0.07093159854412079, 0.07057629716257717, 0.07054091002358946, 0.06929017586070438, 0.06858650335045748, 0.07024668919485669, 0.06915606038514958, 0.06922991573810577, 0.06732251269872798, 0.06742743766585062, 0.06767382299484209, 0.0676611429730127, 0.06682629571404568, 0.06751371556243231, 0.06706722132688345, 0.06709433398967565, 0.06775576933178791, 0.06530414296444072, 0.06575011375338533, 0.06663268180780632, 0.06558384997553604, 0.06499538128805715, 0.06585965062989745, 0.06621325431868087, 0.06485881708389105, 0.06459186104841011, 0.0653420485729395, 0.06507595784442369, 0.06478631132563879, 0.06464978948582051, 0.06398582042649735, 0.06352048627165861, 0.06348682013015415]}