{"val_loss": [0.5045388255800519, 0.31879791404519764, 0.1785030077610697, 0.10086519217916898, 0.06569116376340389, 0.050135975304458825, 0.04191853757947683, 0.03727158950641751, 0.03444464710940208, 0.03270774900114962, 0.03149756709379809, 0.030726733417915448, 0.03015464757169996, 0.029767706591103758, 0.029490317018436536, 0.029217520462615148, 0.02906367974355817, 0.028933602584792033, 0.028760764747858047, 0.02861610021708267, 0.028557282074221542, 0.02843687204377992, 0.02833991278229015, 0.028270879228200232, 0.028168417047709227, 0.02807515487074852, 0.02800402617348092, 0.027942740890596594, 0.027845004573464394, 0.027727636575166668, 0.02765220683068037, 0.027573312366647378, 0.027468175627291203, 0.027383004847381796, 0.027297285718045065, 0.027224752719381025, 0.027118382642843893, 0.02706076218081372, 0.027009231371006796, 0.026896696537733078, 0.02685081639460155, 0.02675587125122547, 0.02672039145337684, 0.026610997239393846, 0.02652934765709298, 0.026458489974694594, 0.026395732071250677, 0.026363405598593608, 0.026241164721016372, 0.026168980103518282, 0.026127980589600548, 0.026062658821631755, 0.02595366071909666, 0.025874370309923376, 0.025809584318527153, 0.025719210405700972, 0.025720398473952497, 0.02565573139249214, 0.025594268293519105, 0.02554494415276817, 0.02549716005367892, 0.025374217723895396, 0.025349672118734037, 0.025267650107187883, 0.02520193046491061, 0.025176182189690217, 0.025087873052273477, 0.025024100905284286, 0.02495406345198197, 0.024915491496878012, 0.02490169488425766, 0.02487770138707544, 0.024803087481164506, 0.024780246229576215, 0.024792966998315284, 0.024681645445525646, 0.024606210312673023, 0.024609751866332123, 0.024516856796773418, 0.0244717445956277, 0.024488578151379312, 0.024449600904647793, 0.02440031514769154, 0.024378169560804963, 0.024357185067076768, 0.024243820292342986, 0.024264278256201317, 0.02416687974307154, 0.024086264527535865, 0.024095097556710243, 0.02409920884695436, 0.02403637151499944, 0.024000867269933224, 0.02396218854534839, 0.02395428271432008, 0.02387728595307895, 0.02386654700551714, 0.023831757051604136, 0.023841612340350236, 0.023783416420753514], "loss": [0.6629470033305032, 0.414336159825325, 0.25561656217489925, 0.14843401259609632, 0.09272571706346103, 0.0661241380231721, 0.051682159171572754, 0.04366971751941102, 0.03908599979643311, 0.035517982938992124, 0.03387197898700833, 0.03228531132585236, 0.031007246846067055, 0.03026810647653682, 0.029664797575346062, 0.028522239598844732, 0.02924046658777765, 0.028677680862269232, 0.027877879994256154, 0.027726229479802505, 0.027684120128729513, 0.02740902520184006, 0.027723830126758133, 0.027276167845619575, 0.026977561514026353, 0.02683940782610859, 0.026727812697312663, 0.026817762292921543, 0.026450392989707843, 0.026201732589730194, 0.026338819613946334, 0.026049083697476556, 0.02585029449047787, 0.02577835022072707, 0.025600860627102002, 0.025514470280281136, 0.025426767001460706, 0.02543407671951822, 0.02539567050657102, 0.025051134106303965, 0.025267827324569225, 0.024962725450417826, 0.025052511066730534, 0.024873069919911877, 0.024841380970818654, 0.024627387390605042, 0.02471055243430393, 0.024618378108633415, 0.024288058879652193, 0.02420294570869633, 0.02439641347154975, 0.024363268898533925, 0.02395157309781228, 0.023902635921591094, 0.023763210512697697, 0.02368604272071804, 0.023735882780913795, 0.02378086785652808, 0.023627501712845906, 0.023519378787438785, 0.0235038597269782, 0.023330950743651817, 0.023201323081074015, 0.023263118263067945, 0.02311941658678864, 0.023080670973286033, 0.02288828993083111, 0.02289221329348428, 0.02280191910852279, 0.022763328327398216, 0.02278260128306491, 0.022721013519912958, 0.022636467391358956, 0.02261612344799297, 0.022682988849867667, 0.022477262753194997, 0.02243027530078377, 0.022489012352057865, 0.022276848621134247, 0.022252569340967705, 0.022409290574224933, 0.022267139416986277, 0.022223790475566472, 0.02225790236012212, 0.022117261874622533, 0.02191592280619911, 0.022052644352827753, 0.021831693659935678, 0.021738155844754407, 0.021722187288105488, 0.02180532701978726, 0.021750167444614426, 0.021697568441075937, 0.021617830099005784, 0.021615782952202216, 0.02159984433092177, 0.021517943225002716, 0.02149156361286129, 0.02160154579074255, 0.02139908680692315]}