{"val_loss": [0.7941118159959483, 0.7332123129866844, 0.6858329163041226, 0.6439400952915812, 0.6030140533003696, 0.5587754748588385, 0.5080692560173744, 0.4513164814128432, 0.3900818256444709, 0.3286616407161535, 0.2708900806515716, 0.22136420531328335, 0.1832366391669872, 0.1550787219474482, 0.13472527889318245, 0.120362437741701, 0.10969489882158678, 0.10164100728755773, 0.0954060355244681, 0.09030633142521215, 0.08613319383111111, 0.08257709980704063, 0.07955161776653556, 0.07694641032884288, 0.07467270469249682, 0.07269956622012826, 0.07096360519874928, 0.06940674729818522, 0.0680388056261595, 0.06682305835014166, 0.06574661076761955, 0.06480095812747645, 0.06394127375164697, 0.0632093396297721, 0.06251656402682149, 0.06193098633788353, 0.06135256103304929, 0.0609035883532014, 0.06045014324576356, 0.06007805925815604, 0.059730451034252036, 0.059379808604717255, 0.059113680883202444, 0.05886467476916868, 0.05860062428685122, 0.05831803260154502, 0.05811738621356875, 0.05798382104136223, 0.05781182525462882, 0.05765924117592878, 0.05752435361230096, 0.05738377761702205, 0.05722743454714154, 0.05705326934193456, 0.05694144938227742, 0.05687338070467461, 0.056762135912512626, 0.056642944989509364, 0.05650417099511901, 0.05642959926017495, 0.05631960495266804, 0.056218717680420985, 0.05616136934868125, 0.05604414217347323, 0.05593164672338685, 0.05584492551725964, 0.055765442030374396, 0.05565984746397928, 0.0555876471795315, 0.05551425974036372, 0.05545880298974902, 0.05541033869565919, 0.05535624921321869, 0.05527922926947128, 0.05522704505643179, 0.055215462262547296, 0.055156479221443795, 0.05509556102198224, 0.055038056141415305, 0.05505631067032038, 0.055008786362270974, 0.05494357255655666, 0.05486700112043425, 0.05478789397450381, 0.05473210264083951, 0.05468583687446838, 0.054645350506139355, 0.05462526140171428, 0.05458105104260667, 0.05454536830616552, 0.05454689931384353, 0.0545424067870129, 0.054495777241712395, 0.05442661913328393, 0.05439483686241993, 0.054364401673854784, 0.05431871878546338, 0.05430398924752723, 0.054285999560771986, 0.054294014219627824], "loss": [0.8314486229142477, 0.7603049694105636, 0.7069361889085104, 0.6651241807050483, 0.6321713674900143, 0.5831915292628976, 0.5475287714669871, 0.5080335174882135, 0.46180876742961796, 0.4191915919614393, 0.3790377711140832, 0.33765047026235, 0.2926906562128732, 0.27086825530196346, 0.24976054041884665, 0.22949017411054567, 0.22896151799102163, 0.1963819719331209, 0.18718806221041567, 0.16165428903213766, 0.16158181134351465, 0.1599479432022849, 0.1361092356748359, 0.13057893029479092, 0.12381199972574101, 0.12108002603054047, 0.10955570568872053, 0.11342619498108708, 0.10961296010849088, 0.10095714119284652, 0.09545348116824794, 0.09552879267653754, 0.09485787361167199, 0.09131187443123308, 0.09258768153051998, 0.08643364247887633, 0.08476770859818127, 0.08032595262277958, 0.07641430840242741, 0.08293130889881489, 0.08002464871766955, 0.0760567877874818, 0.07673007665678512, 0.07468811266644057, 0.07294479601604995, 0.06766699756993803, 0.07212241054620853, 0.07131107948547186, 0.06811434429052264, 0.07179808616638184, 0.06748748224141986, 0.06567007875026659, 0.06912567310555037, 0.06563528245964716, 0.06319070000981175, 0.06514245930106141, 0.0651186702902927, 0.06076294599577438, 0.06296769858792771, 0.06447894490042398, 0.06059170791576075, 0.0614507174076036, 0.0616603122894154, 0.060946929853322895, 0.057327122189277824, 0.05826364015770513, 0.058242126952770146, 0.058772895485162735, 0.05695039233149484, 0.055482503286627835, 0.0584202041459638, 0.05794970336001973, 0.05950706989266152, 0.056901118263255716, 0.05906543880701065, 0.05796617598727692, 0.05631031589799149, 0.055712106096190074, 0.05521419098557428, 0.05723422783058743, 0.05689175964094872, 0.05455527558576229, 0.05618601994112481, 0.05386561112001885, 0.05453655279653017, 0.05646192698284637, 0.055612528826608214, 0.055554804760356284, 0.05373755825120349, 0.05417987877546355, 0.05473087390148362, 0.05372340206143468, 0.05262604251850483, 0.05256611767203309, 0.05305979002353757, 0.053497698417929715, 0.05308743185082147, 0.053515236998020216, 0.05362413234488909, 0.052492117032755255]}