{"val_loss": [1.27774178981781, 1.26442289352417, 1.2512829303741455, 1.238321304321289, 1.22553551197052, 1.2129285335540771, 1.2004965543746948, 1.1882383823394775, 1.1761502027511597, 1.1642255783081055, 1.1524608135223389, 1.1408610343933105, 1.1294257640838623, 1.1181453466415405, 1.107020616531372, 1.0960482358932495, 1.085224986076355, 1.0745474100112915, 1.0640056133270264, 1.0535982847213745, 1.0433189868927002, 1.0331602096557617, 1.0231201648712158, 1.0131990909576416, 1.003393292427063, 0.9937052726745605, 0.9841330647468567, 0.9746686220169067, 0.9653047323226929, 0.9560436010360718], "loss": [1.2914586067199707, 1.2777955532073975, 1.2644964456558228, 1.251417875289917, 1.2383545637130737, 1.2256762981414795, 1.2130343914031982, 1.2006947994232178, 1.1883559226989746, 1.1761300563812256, 1.164247989654541, 1.1526182889938354, 1.141000747680664, 1.129122257232666, 1.118196964263916, 1.1066489219665527, 1.0958287715911865, 1.084876298904419, 1.0742251873016357, 1.063673973083496, 1.0533044338226318, 1.0422906875610352, 1.032092809677124, 1.0223298072814941, 1.0116875171661377, 1.0020344257354736, 0.9921390414237976, 0.9826915264129639, 0.9727814197540283, 0.9622893333435059]}