{"val_loss": [0.5666285922823495, 0.34560808574241936, 0.20906464175347703, 0.12812102308553006, 0.09119411772435676, 0.07392678644443189, 0.06469926104893667, 0.058972475928325975, 0.05488369834537954, 0.051689092592428744, 0.04900489827314118, 0.04663780813298574, 0.04454632989830673, 0.04261780590853777, 0.04087196065525744, 0.03926266905215463, 0.03775807456045114, 0.036383888659734055, 0.03509299068375948, 0.03388863495075811, 0.032745747101776364, 0.03169168111493114, 0.030718502717184192, 0.029780367109830074, 0.028880559749104907, 0.02803998469057876, 0.027254049036932543, 0.02651182817252076, 0.025802173237018697, 0.025127221945266787, 0.024485464401719732, 0.02386757779372065, 0.023297966928331654, 0.02271821914933176, 0.0221963791922044, 0.021679252728731894, 0.021168981001459947, 0.020705378680176197, 0.02024613977437814, 0.019797351568652827, 0.01939187542045181, 0.01897843317390258, 0.01858605437099598, 0.01820471080462068, 0.017832349622172918, 0.017470143186870696, 0.017129176316203407, 0.0168064028990095, 0.016488211497047406, 0.016179168397457817, 0.015876155006707422, 0.01557364847140345, 0.015290592222674728, 0.015020388589278144, 0.014751571270117655, 0.014483704297455224, 0.014222013358400199, 0.013969821702092157, 0.013734261730668136, 0.013494619387862901, 0.013271332189253826, 0.013042336743591947, 0.012823484684228567, 0.012624826196371206, 0.012406438068318145, 0.01220899833324875, 0.012003115793262516, 0.011811718836984687, 0.011625541985669853, 0.011437854068210334, 0.011247987993199655, 0.011070807259157059, 0.010899619030163487, 0.01073167094489951, 0.010558803388537114, 0.010394909423671612, 0.010241507234713704, 0.010083590509916411, 0.00992727252895829, 0.009775709751455737, 0.009626553764866198, 0.009495350105953725, 0.00934265663648574, 0.009198754826285935, 0.009078395509935883, 0.008931485939653094, 0.00880201714592458, 0.008662107785905841, 0.008550910101221748, 0.008420283101013965, 0.008292817399589451, 0.008178061970302504, 0.008056388537082617, 0.007949085579570931, 0.007829165634482117, 0.007717973045926783, 0.0076129307760313784, 0.0074996819248299125, 0.007389059620165142, 0.0072839490184976995], "loss": [4.476080646590092, 0.39465039124306767, 0.22284280407212156, 0.13124842781672824, 0.0896868697635848, 0.07130033299402481, 0.06225576763136915, 0.05690824270576863, 0.053263094955008264, 0.05026556907597365, 0.04778001708050094, 0.04552227051896516, 0.04344523435373165, 0.041584456044801606, 0.03982313673324518, 0.038232398376571046, 0.03677098281715207, 0.03537510386190159, 0.03412013177722239, 0.03295915237422041, 0.03185270571615504, 0.030802456166945314, 0.029832332698300372, 0.028934286330432938, 0.02810773284691655, 0.027289765049742672, 0.02653031231957279, 0.025802025005096308, 0.025121507448930422, 0.024477835283209716, 0.02385773689580653, 0.023266614927575893, 0.022692640894137712, 0.022181953473976373, 0.02165245664271027, 0.021169337531015582, 0.020725023549798723, 0.020253666451355963, 0.019824378816032117, 0.019407077922483966, 0.0190044582732531, 0.018615131306629566, 0.018255168256124568, 0.017892591188794285, 0.017552242708414514, 0.017224076799316555, 0.01690094776432348, 0.01657637807471109, 0.01626764108795945, 0.015986749997501125, 0.015693020119329975, 0.015411100408709445, 0.015154426856794271, 0.014884767763627215, 0.014632403732574724, 0.014380728819106988, 0.014151374665730132, 0.013917645253842304, 0.013688840390259733, 0.013464847548007497, 0.013252499373341952, 0.013039859304213001, 0.012834034219520245, 0.012631376970940373, 0.012430488301524732, 0.012244211636582616, 0.012053517646689724, 0.011876656696420941, 0.011693569677993126, 0.011519229906900342, 0.011355143749745781, 0.011198544635802554, 0.011024989628942565, 0.010856780336667643, 0.010709862932470065, 0.010558930589008966, 0.010399932340014238, 0.010253831377351025, 0.010112285884537843, 0.009971777786383338, 0.009835803572610357, 0.00969922764234181, 0.009566408101416712, 0.009438659075448668, 0.009301221332629867, 0.009183460813406335, 0.00905940482300316, 0.008944437586981812, 0.008813662096953535, 0.00869955041289555, 0.008589924495218178, 0.008473614082004926, 0.00836736777824655, 0.008247441107948845, 0.008143247112482002, 0.008044930084726253, 0.007937721831133629, 0.007832920627588964, 0.007737231027256939, 0.007636759807517607]}