{"val_loss": [0.5122884724821363, 0.43194550914423807, 0.3207523801497051, 0.19782294865165437, 0.11533867754042149, 0.07548099277274949, 0.056950479080634456, 0.04717276072395699, 0.0415257615968585, 0.03791305116776909, 0.035473512552146404, 0.033811482201729505, 0.03263077499078853, 0.03178458847105503, 0.031154675874859095, 0.03067721805668303, 0.030313290988228152, 0.03003449451976589, 0.029817628940301284, 0.02962834108620882, 0.029458695756537572, 0.029315709801656858, 0.02919050625392369, 0.029095595103821585, 0.029005584440061023, 0.028907211497426033, 0.02883370826020837, 0.028755225972937688, 0.02867614903620311, 0.028607820493302176, 0.028528649359941483, 0.028450415735798224, 0.028367207385599613, 0.028304476157895157, 0.028245708040360893, 0.028166885886873518, 0.028086007373141392, 0.0280212705422725, 0.02797083416953683, 0.027906437936638082, 0.027848172999386276, 0.027767242065497806, 0.027693214360624552, 0.02761112812108227, 0.02753795250984175, 0.027471610810607672, 0.02742756756820849, 0.02734806834320937, 0.02727693478975977, 0.027218771699283804, 0.02715783752501011, 0.02708752386804138, 0.027030016561704024, 0.026954062149993012, 0.026878574330891882, 0.02681155383054699, 0.026750035184834684, 0.026693468913435936, 0.026622897147067955, 0.026605779039008275, 0.026532862734581743, 0.02648416973118271, 0.026406285086912767, 0.026346416944371804, 0.026310679502785206, 0.026284648504640375, 0.026229284703731537, 0.026163357176951, 0.026097504355545555, 0.0260328411656831, 0.02599034598097205, 0.0259265421357538, 0.02589449821971357, 0.02581155875564686, 0.025745918109480823, 0.02570105836327587, 0.025694329890289476, 0.025635214589004005, 0.025587164597319707, 0.025506965017744472, 0.025452830230018923, 0.02541146084799298, 0.025383406817646965, 0.025327751213418587, 0.025270783142851933, 0.025247051480359266, 0.025221566137458597, 0.02515338923382972, 0.025125894229859114, 0.025085450815302984, 0.025043048297188113, 0.025011658668518066, 0.02496093132400087, 0.024930475179904273, 0.024882540805265307, 0.024840780267758027, 0.02484364222202982, 0.024783780299393193, 0.02475007570215634, 0.024716699196557914], "loss": [0.5665070308106286, 0.47390796350581305, 0.382086985877582, 0.27017183655074667, 0.1664195087339197, 0.10726171758558069, 0.0764748090878129, 0.060120530027363984, 0.04959905546690736, 0.043704387598804066, 0.040295658233974664, 0.0377074180703078, 0.035004078809704096, 0.033758868130722215, 0.03250862857592957, 0.03134040494582483, 0.030633726489863226, 0.029836238295372044, 0.029700581583061388, 0.029288973127092634, 0.029073469806462526, 0.028342429881117175, 0.02823635989001819, 0.0282450840542359, 0.028087481390684843, 0.027730838329132115, 0.02792190101795963, 0.027506460502211536, 0.027338108580027307, 0.0273828622219818, 0.02717051575226443, 0.027064926190567867, 0.026845709221171483, 0.02696487440594605, 0.02684099120753152, 0.026628453683640276, 0.02645622207117932, 0.026401612974171127, 0.026531851052173545, 0.0264858246913978, 0.02637601038441062, 0.026040190365165472, 0.02599124557205609, 0.025743561264659678, 0.025770904030650854, 0.02570152036579592, 0.025797875531549965, 0.025497954538358108, 0.02552698359691671, 0.025398002937436104, 0.02537096231909735, 0.025286358282236115, 0.02520709960455341, 0.025008628743567636, 0.024895158130675554, 0.02481433389974492, 0.024849031386630877, 0.02481132047250867, 0.024598801974207163, 0.02503283541383488, 0.024572753547025577, 0.024697687476873398, 0.024377450945654085, 0.024485094539288963, 0.024401555569576367, 0.024588997741895064, 0.02429495326110295, 0.0241709298321179, 0.02415540288867695, 0.024102246056177785, 0.024003617332449982, 0.02390623531703438, 0.023883937126291648, 0.023740497384486452, 0.02368516431722258, 0.02366735789525722, 0.02384427801838943, 0.023576063137235388, 0.023626456037163734, 0.023379457416012883, 0.023270160358931338, 0.023293136951646636, 0.02341300987505487, 0.02320879990501063, 0.023092486496482576, 0.02315464402948107, 0.023170044978282282, 0.022989691368171146, 0.023040978237986565, 0.022961824999323914, 0.022893946218703474, 0.02293972870601075, 0.022718042501115372, 0.02282481820189527, 0.022661173716187477, 0.022647981332348927, 0.02274117592189993, 0.022494491788425615, 0.022694348291094815, 0.02259652762274657]}