{"val_loss": [0.21314371430448123, 0.04516149352171591, 0.03569358234692897, 0.0315568492348705, 0.02879547979682684, 0.026740301799561297, 0.02520190378917115, 0.024055200096751963, 0.023206933567832624, 0.022584327696157352], "loss": [1.1783163153699465, 0.08582181244024209, 0.036966865815754445, 0.03055898399491395, 0.02722093808863844, 0.024820203560271432, 0.023026560034070696, 0.021685798253331865, 0.020689846581912467, 0.019955668099490658]}