{"val_loss": [2.728492259979248, 2.62899112701416, 2.5325260162353516, 2.43910813331604, 2.348738431930542, 2.261392116546631, 2.1770434379577637, 2.0956554412841797, 2.017190456390381, 1.9416043758392334, 1.8688501119613647, 1.7988613843917847, 1.7315795421600342, 1.6669527292251587, 1.6049007177352905, 1.5453615188598633, 1.4882698059082031, 1.4335412979125977, 1.3811086416244507, 1.330880880355835, 1.282798409461975, 1.2367706298828125, 1.1927083730697632, 1.1505305767059326, 1.1101950407028198, 1.071596384048462, 1.034666657447815, 0.999318540096283, 0.9654883146286011, 0.9331080317497253], "loss": [2.83209228515625, 2.729543447494507, 2.629894733428955, 2.533336639404297, 2.439823627471924, 2.3491930961608887, 2.2615981101989746, 2.1771156787872314, 2.095980167388916, 2.0175180435180664, 1.9419080018997192, 1.8684263229370117, 1.7983263731002808, 1.7315690517425537, 1.6668182611465454, 1.6046391725540161, 1.544715404510498, 1.4881364107131958, 1.4321660995483398, 1.380029320716858, 1.3288497924804688, 1.2810620069503784, 1.2352691888809204, 1.1905465126037598, 1.1489075422286987, 1.1075987815856934, 1.0694812536239624, 1.0323607921600342, 0.9967527985572815, 0.960893988609314]}