{"val_loss": [1.617958664894104, 1.5954852104187012, 1.573360800743103, 1.55157470703125, 1.5301284790039062, 1.5090208053588867, 1.4882539510726929, 1.4678151607513428, 1.4477007389068604, 1.4279049634933472, 1.4084205627441406, 1.3892275094985962, 1.3703285455703735, 1.3517179489135742, 1.3333799839019775, 1.3153260946273804, 1.2975471019744873, 1.2800298929214478, 1.2627679109573364, 1.2457462549209595, 1.2289526462554932, 1.2123737335205078, 1.1960058212280273, 1.17983877658844, 1.163879632949829, 1.1481128931045532, 1.1325474977493286, 1.1171677112579346, 1.1019673347473145, 1.0869439840316772], "loss": [1.6410956382751465, 1.618131160736084, 1.5957552194595337, 1.5736362934112549, 1.5518772602081299, 1.5304012298583984, 1.5089802742004395, 1.4882110357284546, 1.467515468597412, 1.4474339485168457, 1.4276363849639893, 1.4082123041152954, 1.388728380203247, 1.3697514533996582, 1.350734829902649, 1.3325179815292358, 1.3142913579940796, 1.2967016696929932, 1.2783461809158325, 1.261359453201294, 1.2439179420471191, 1.226914405822754, 1.209524393081665, 1.1935455799102783, 1.1774531602859497, 1.1617255210876465, 1.1450971364974976, 1.1276530027389526, 1.1116712093353271, 1.0958619117736816]}