{"val_loss": [1.0932984352111816, 1.067328691482544, 1.0443638563156128, 1.0213288068771362, 0.9985334873199463, 0.9754606485366821, 0.9531413912773132, 0.9318685531616211, 0.9112052321434021, 0.891176164150238, 0.8717671036720276, 0.8530609011650085, 0.8350450396537781, 0.8177034854888916, 0.8009147644042969, 0.7848761677742004, 0.769463300704956, 0.7546548247337341, 0.7404356002807617, 0.7266494631767273, 0.713414192199707, 0.7007116675376892, 0.6886599063873291, 0.6771044135093689, 0.6660237908363342, 0.6553924083709717, 0.6450746655464172, 0.6351845264434814, 0.6258137822151184, 0.6168287396430969, 0.6080968976020813, 0.5998066067695618, 0.5918370485305786, 0.5841803550720215, 0.5768120884895325, 0.5696421265602112, 0.5627409815788269, 0.5561656355857849, 0.5498243570327759, 0.5437108278274536, 0.5378147959709167, 0.5321069359779358, 0.5265343189239502, 0.5212058424949646, 0.5159772038459778, 0.5109524726867676, 0.5060221552848816, 0.5012274384498596, 0.49655094742774963, 0.4920327365398407, 0.4876130223274231, 0.48325255513191223, 0.47898203134536743, 0.4748133718967438, 0.4706922769546509, 0.4666481912136078, 0.4627056121826172, 0.45883575081825256, 0.455016165971756, 0.4512205421924591, 0.4475029706954956, 0.44378986954689026, 0.44005119800567627, 0.4363515079021454, 0.43268778920173645, 0.4290268123149872, 0.4253765642642975, 0.4217499792575836, 0.4181484878063202, 0.4145433008670807, 0.41092878580093384, 0.4073137044906616, 0.4036683142185211, 0.4000641107559204, 0.3964464068412781, 0.3928207457065582, 0.38916993141174316, 0.38553112745285034, 0.3818809390068054, 0.37825489044189453, 0.37464964389801025, 0.37101203203201294, 0.36740338802337646, 0.36381664872169495, 0.36024904251098633, 0.3566778004169464, 0.3531032204627991, 0.34954312443733215, 0.3460434675216675, 0.3425624966621399, 0.3390873074531555, 0.3356027901172638, 0.3321962058544159, 0.3288325071334839, 0.3254622519016266, 0.32210573554039, 0.31879502534866333, 0.3155004382133484, 0.3122718632221222, 0.3090687394142151], "loss": [1.1210954189300537, 1.0943678617477417, 1.0684078931808472, 1.0453852415084839, 1.022347092628479, 0.999519944190979, 0.9764003753662109, 0.9540627002716064, 0.9327167272567749, 0.9120839238166809, 0.8918614983558655, 0.8726333975791931, 0.8539084792137146, 0.835719883441925, 0.8185253143310547, 0.8015852570533752, 0.7853912711143494, 0.7701274752616882, 0.7555829882621765, 0.741035521030426, 0.7272642254829407, 0.7138479948043823, 0.7008774876594543, 0.6889350414276123, 0.6780627369880676, 0.6661956906318665, 0.6553029417991638, 0.6451225876808167, 0.6350502967834473, 0.6259357929229736, 0.6164669394493103, 0.6082100868225098, 0.5997449159622192, 0.5905569791793823, 0.5830689668655396, 0.5759384632110596, 0.5678096413612366, 0.5596144795417786, 0.5537441968917847, 0.547254741191864, 0.5414772629737854, 0.5345035195350647, 0.5303155183792114, 0.5243296027183533, 0.5148494839668274, 0.5118186473846436, 0.5065776109695435, 0.5008720755577087, 0.4945679306983948, 0.4897063374519348, 0.48271751403808594, 0.4810015559196472, 0.4732537567615509, 0.4686448872089386, 0.4653036296367645, 0.46216630935668945, 0.4583049714565277, 0.45617908239364624, 0.4458960294723511, 0.44644299149513245, 0.440425306558609, 0.42538055777549744, 0.42627909779548645, 0.42287763953208923, 0.4238208532333374, 0.4128934442996979, 0.4104102551937103, 0.41194406151771545, 0.3969340920448303, 0.4022262692451477, 0.39647579193115234, 0.3817424178123474, 0.37583163380622864, 0.3926573097705841, 0.36425602436065674, 0.3693036437034607, 0.3549662232398987, 0.36123335361480713, 0.35594967007637024, 0.3528186082839966, 0.34647494554519653, 0.33768796920776367, 0.3363690972328186, 0.3321667015552521, 0.33499374985694885, 0.33566007018089294, 0.31640785932540894, 0.32470446825027466, 0.32102641463279724, 0.3055914044380188, 0.29448944330215454, 0.30470049381256104, 0.31021949648857117, 0.2986519932746887, 0.2979561984539032, 0.2692180573940277, 0.29085350036621094, 0.2813873589038849, 0.277621865272522, 0.2565148174762726]}