{"val_loss": [0.8104974766110264, 0.751200093779453, 0.7082589795423109, 0.6742830082427623, 0.6450034130451291, 0.6179543594981349, 0.5915688567383345, 0.5657019310219343, 0.5396088833032653, 0.513605629288873, 0.4867984832719315, 0.4592066622057626, 0.43080058832501256, 0.402281804140224, 0.3736919282480728, 0.3456201227598412, 0.3189372683680335, 0.2939821717350982, 0.27080207785894705, 0.24992164969444275, 0.23114433087581812, 0.21412487397360247, 0.19908397800700608, 0.18611712511195694, 0.17490188638831294, 0.16512291653211728, 0.15659995931525564, 0.14928572503633278, 0.14302191623421603, 0.13761791898760684, 0.1329997715561889, 0.1290027429891187, 0.1255166873682377, 0.12253273676994235, 0.11985772848129272, 0.1175832450389862, 0.11558982885854188, 0.11389276627884355, 0.11239901462266612, 0.11108069676299427, 0.10990782775158106, 0.10883718659711439, 0.10786515370357869, 0.10696512010208396, 0.1061157812905866, 0.10532383742027504, 0.10456176691277083, 0.10382065228944601, 0.10315605686154476, 0.10251733712678732, 0.10185069278922192, 0.10128083322630373, 0.10075320528690206, 0.10021428209404613, 0.09968455274437749, 0.09917962932309439, 0.0987276847279349, 0.09823403299547905, 0.09775654001291408, 0.09728862067987752, 0.09684110380882441, 0.09637139391067416, 0.09595982054638308, 0.0956375559055528, 0.09523249798735907, 0.09482308390528657, 0.09444661802330682, 0.09402315214622853, 0.09361995999203172, 0.09328214893507403, 0.09287113800298336, 0.0924829495854156, 0.09210840872553892, 0.09177236796118492, 0.09139271080493927, 0.09107271529907404, 0.09072316767171372, 0.0903929797715919, 0.0900643005274063, 0.0897625788699749, 0.08940954454416453, 0.08914067197677701, 0.08884856693966445, 0.0885902414488238, 0.08832987536524617, 0.08802914515484211, 0.08777409428080847, 0.0875394044573917, 0.08725964849771456, 0.0869685730268789, 0.08666449144136074, 0.08638027916814006, 0.08611438752606858, 0.08587137141893077, 0.08560826889304228, 0.0853045953567638, 0.08504820840303288, 0.08481997390126073, 0.08458417931268382, 0.08435293512288915], "loss": [0.8504942087239997, 0.7802976785704147, 0.7279798651850501, 0.6892251372337341, 0.6588372463403747, 0.631932420786037, 0.5996559179106424, 0.5752159509547922, 0.5509776639383893, 0.5246598443319631, 0.4937995124694913, 0.4743997322958569, 0.4526070682115333, 0.4185649683309156, 0.39602194553197817, 0.368381375490233, 0.35125234931014304, 0.3314022130744402, 0.2974936636381371, 0.2929589145405348, 0.26941763938859453, 0.2537249971267789, 0.23392850611098978, 0.21396672587062038, 0.21641225523726884, 0.20871633464513822, 0.19520493406195974, 0.18917092611623365, 0.1785971193119537, 0.17192150721716326, 0.16740882916505948, 0.16435750383277273, 0.161663867013399, 0.153501384480055, 0.14875555211721464, 0.14756725589896358, 0.14431345046952712, 0.13662379910779554, 0.13449501263540845, 0.13175861572110376, 0.13256154885125715, 0.1289853321951489, 0.12503601437391237, 0.13180813591840657, 0.13166030964186026, 0.12934102707130965, 0.12990857972655184, 0.11993838361529417, 0.12565825775612233, 0.11539985915256101, 0.11324714280145112, 0.12374001360216806, 0.11970816743235256, 0.1150753395848496, 0.11623383711936862, 0.11795874390491219, 0.112192168138748, 0.11019582647916883, 0.11111433110957922, 0.11099600514700246, 0.11180997743856075, 0.1073600017400675, 0.11255969245766484, 0.11370080154995586, 0.10873338926670163, 0.1103403213065724, 0.10836422685966936, 0.10407674416553142, 0.10857296509798182, 0.10366192945214205, 0.10505711824394935, 0.10304952603439953, 0.10337057744347772, 0.10366611875766932, 0.10466394313546114, 0.10151546171238256, 0.10400158998578093, 0.10110662548347961, 0.0995118567763373, 0.1011357809915099, 0.10079707655795785, 0.10233539966649788, 0.1007563574023025, 0.09944477902595387, 0.10034312481103941, 0.09956722429325414, 0.10094537360723628, 0.10033173616542372, 0.09462323888789775, 0.09692276095928148, 0.09478542399267818, 0.09646873487982639, 0.09808613359928131, 0.09347028233284174, 0.09811074269372363, 0.09120897047741469, 0.09635046609612398, 0.09448076611341433, 0.09225740058477534, 0.09511091854683189]}