{"val_loss": [0.8096709918308925, 0.6001559908573444, 0.5336065767528294, 0.4956939280866743, 0.47635855270432426, 0.45981936104647764, 0.4394879278603134, 0.41394518284530907, 0.38347566836363783, 0.34957171382603947, 0.3136963212823534, 0.2789913993198555, 0.24698642834083184, 0.21827019907377818, 0.1928629070728809, 0.17223387623166705, 0.1548248912904646, 0.1402608272912619, 0.12802746641885984, 0.11854643015177933, 0.11063188298807278, 0.10410449596551749, 0.09837196548501928, 0.0935342118560851, 0.08960333622835732, 0.08646648820046779, 0.08310275743682902, 0.08062417138289739, 0.07832699258635928, 0.07636235148965062, 0.07462187710550282, 0.07315039348143798, 0.0715641007348374, 0.07038131720953054, 0.06894746912526084, 0.06777468099669143, 0.06694559278813275, 0.06579602806718199, 0.06486866690895775, 0.0639411518415371, 0.06302376492665364, 0.06227572950033041, 0.061562892648723576, 0.060697406686686134, 0.05998539117041168, 0.059251056997092454, 0.05841721370295211, 0.05793083380985927, 0.05717684151409389, 0.056477601763668596, 0.05596141564054089, 0.05511750207914339, 0.05464597822694512, 0.0541631999861944, 0.053583601502688614, 0.05299573540166541, 0.052434176493149534, 0.05179074427464625, 0.05143603531422315, 0.05083899239039088, 0.050366144965995445, 0.04979482280103477, 0.049322434342824496, 0.048928951518935754, 0.04839457066117467, 0.04802956286218617, 0.04769492052964397, 0.04727275356962964, 0.0467150330647722, 0.04631566037456472, 0.045853481530309555, 0.04551275710125903, 0.04515773886358821, 0.04460663447430084, 0.04427257693418256, 0.04418808273918979, 0.043509987814651506, 0.04330006103728201, 0.042936306003924014, 0.042544749181170564, 0.04208012019004022, 0.04174353393328773, 0.041499266075296, 0.041109131349550264, 0.04077533189650182, 0.04050363563782685, 0.040356503343665515, 0.03986786584649886, 0.03954328534069595, 0.03934717188765119, 0.03894540683164463, 0.038719706315469074, 0.038356651532483264, 0.03809241174192695, 0.037784525408194616, 0.03769446607236262, 0.03729088445539241, 0.036962594211726756, 0.036770562061688286, 0.036506632668571876], "loss": [1.2058063559379548, 0.6975732974295129, 0.569181964510963, 0.5157633801627028, 0.4864277645864122, 0.4688273480541533, 0.44994109587498143, 0.4262641326558488, 0.3966330526211967, 0.36232615315197597, 0.32588013313321, 0.2896161667775773, 0.25501470890108446, 0.2251371119540711, 0.19706555102878395, 0.1749853125012172, 0.15693734723501704, 0.14151020170095654, 0.12909319160461052, 0.11881969232260482, 0.11049340589147913, 0.10360777055863567, 0.0980416443504271, 0.09325133701444696, 0.0892026302907078, 0.08606740481028978, 0.08286068754257586, 0.08007035314292298, 0.07771787132884635, 0.07595099422682272, 0.07409421142821755, 0.07279323040275812, 0.07117319027955042, 0.06996413843181336, 0.06871846772491885, 0.0674073851313282, 0.06651462520313486, 0.06561608715484517, 0.06446329159931127, 0.06358546398981393, 0.06270972046649242, 0.06195559261903272, 0.06121714085131116, 0.06050686534148096, 0.05975908201237287, 0.058974579898502376, 0.05814465170233255, 0.05751964617389706, 0.05700123002992581, 0.056341242391229326, 0.055765738720939456, 0.054899766634070805, 0.054472450201838024, 0.05384420151011633, 0.05348687689347159, 0.052721433739914364, 0.052201920368539274, 0.05162728004954366, 0.05114028096245565, 0.05076799974729548, 0.05005445983915195, 0.049680018932743986, 0.049221217597396366, 0.0486777392299635, 0.048108331638095345, 0.0478588590088717, 0.04732533692615652, 0.04709088149757519, 0.04647883961877257, 0.045928734550245286, 0.04565814594613864, 0.04524925615490181, 0.044817240366379234, 0.04451856605132793, 0.0438584658425595, 0.04381926872481786, 0.04353799513315056, 0.04296932465438262, 0.04270307051423562, 0.04248947170355839, 0.04190890950781121, 0.04157657441475911, 0.04123688421730508, 0.0410288150577132, 0.04066868531492238, 0.040427878975961284, 0.04001066425144905, 0.03965118493678326, 0.03941211421958736, 0.03918295798882854, 0.038622777737461894, 0.038549277358553916, 0.038211581729800326, 0.03798910132104023, 0.0374739184789505, 0.037404252837101616, 0.03710664649094854, 0.03677989949038213, 0.03654903140585, 0.03617137668772101]}