{"val_loss": [0.9824492931365967, 0.9749877452850342, 0.9676152467727661, 0.9603338837623596, 0.9531399011611938, 0.9460316300392151, 0.9390034675598145, 0.9320592284202576, 0.9251956939697266, 0.9184122085571289, 0.9117043018341064, 0.9050682783126831, 0.8985048532485962, 0.8920058608055115, 0.8855751752853394, 0.8792176246643066, 0.8729320168495178, 0.8667144775390625, 0.860565185546875, 0.8544822931289673, 0.8484611511230469, 0.8425067663192749, 0.8366155028343201, 0.8307831287384033, 0.8250104784965515, 0.8192988634109497, 0.8136452436447144, 0.8080475926399231, 0.8025037050247192, 0.7970125675201416], "loss": [0.9900287389755249, 0.9824830293655396, 0.9748072624206543, 0.9674010276794434, 0.9602332711219788, 0.9529972076416016, 0.9457970261573792, 0.9386589527130127, 0.9316277503967285, 0.9246505498886108, 0.9180405139923096, 0.911354660987854, 0.9045573472976685, 0.897911548614502, 0.8916770815849304, 0.8849457502365112, 0.8792225122451782, 0.8723714351654053, 0.8664501905441284, 0.8602230548858643, 0.8533414602279663, 0.8471015691757202, 0.8417762517929077, 0.8362019062042236, 0.8294260501861572, 0.8237208724021912, 0.8179112076759338, 0.8130850195884705, 0.8060758709907532, 0.800697922706604]}