{"val_loss": [1.0327642158020374, 0.8542070014532223, 0.7378152872240821, 0.655005484126335, 0.5872456971989122, 0.5245320852412734, 0.4626063780729161, 0.4018162786960602, 0.3444327032843301, 0.2931180610213169, 0.25061088523199393, 0.21723854125932204, 0.19143133731775505, 0.1718474148317825, 0.1571376749942469, 0.14604916129001352, 0.13747171676436135, 0.13078783695087876, 0.12542156909787378, 0.12109874933958054, 0.11762886338455733, 0.11475061919800071, 0.11230475559484127, 0.11023012947204501, 0.10839228314715763, 0.10684487327586772, 0.10551060805487078, 0.10425565911586894, 0.10308188546535581, 0.10198461316352667, 0.10097294266140738, 0.10009671799665273, 0.09922280162572861, 0.0984412057455196, 0.09770184859286907, 0.09693691463664521, 0.0962359361177267, 0.09554297407699186, 0.09495637167331784, 0.0943671903291414, 0.09375201754791793, 0.09315748408783314, 0.09260218781094219, 0.0920263459516126, 0.09140299641808798, 0.09087803440038549, 0.09028729467197906, 0.08978083521820777, 0.08929028743228247, 0.08882003641405771, 0.08839054665593214, 0.08796634091887363, 0.08753189843061358, 0.08713243520537088, 0.08673019204721895, 0.08626909155485242, 0.08579112589359283, 0.08542462161114049, 0.08505592027375865, 0.08476182298604833, 0.08442357251810473, 0.08408441377240558, 0.08375630597042483, 0.08345412930776906, 0.08311161849387856, 0.08284491404544475, 0.08258016736701478, 0.08218677376591882, 0.08188715940991113, 0.08159862614648286, 0.08137179841828901, 0.08106401146844376, 0.08071691837421684, 0.08040989069051521, 0.08021101078321767, 0.07993572118670442, 0.0796547596191251, 0.07932744954907617, 0.07910069095533948, 0.07884734314541485, 0.07862675519183625, 0.07840174332607625, 0.07821055137833884, 0.07797129417574683, 0.07780188529990441, 0.07758135573808538, 0.07733010379380958, 0.07712359691775122, 0.07687155382577764, 0.07672582982584487, 0.07651443398276041, 0.07631501884654511, 0.07612813160169957, 0.07584411720203799, 0.07564552665449852, 0.07545007990543233, 0.07532813452010931, 0.07516128899053086, 0.07511141930901727, 0.0749999352319296], "loss": [1.1704346301943758, 0.9444059424622114, 0.7927845855091893, 0.6919245179309401, 0.6126930478007294, 0.5507149959719458, 0.48327235981475475, 0.43377722487893217, 0.3755531525889108, 0.3260931164719338, 0.2810791093249654, 0.2462462969990664, 0.22142843659534012, 0.19645160817822746, 0.17603381567223128, 0.15955978874550308, 0.15056709425393924, 0.14380608117857643, 0.13386380672454834, 0.12894138104693834, 0.12518364676209384, 0.12136814136837804, 0.11788669401823088, 0.11504544733568679, 0.1110306752975597, 0.11094004089056059, 0.10956403197244156, 0.10577050093994585, 0.10479695211316264, 0.1031321006458859, 0.10241761335799861, 0.10128944107266359, 0.09920305741387744, 0.09910256207682365, 0.09869898717070735, 0.09699326944212582, 0.09546947565882705, 0.09625946920971538, 0.09549215730539588, 0.09593258070391278, 0.09366618824559589, 0.09374763383421787, 0.09148309899624003, 0.09150702194419018, 0.09018241631430249, 0.09181267612202224, 0.08810131840927657, 0.08924697703400324, 0.0878209806112356, 0.08772323089976643, 0.0868171987145446, 0.08637930123611938, 0.08572665688603423, 0.08648920527031255, 0.0859374689847924, 0.08343136258596598, 0.08432220840869947, 0.08471212847981342, 0.08400107105804044, 0.08287276812764101, 0.08293569573136263, 0.08227748371833979, 0.08206416701161584, 0.08166360473910043, 0.07998848931733953, 0.08172206234100253, 0.08173255830310112, 0.08021855770155441, 0.08037342685599659, 0.07941866388847661, 0.07883423740087553, 0.0787135885898457, 0.07823412778765657, 0.07821172701064931, 0.07815348928750948, 0.07751206828411235, 0.0767859929176264, 0.07705929650123729, 0.07641746554263802, 0.07621495079162509, 0.07594541442948718, 0.07651956899221553, 0.07623307718787083, 0.07559056112239528, 0.07472395585026852, 0.07307540166170098, 0.07502258828906126, 0.07449047163475392, 0.07371752241323161, 0.07266761085321737, 0.07300450427587642, 0.0737371044450028, 0.07266032418539357, 0.0720787308243818, 0.0714198713039243, 0.07192443033983541, 0.07188569286534953, 0.07128932101781978, 0.0722426945386931, 0.0724721921737804]}