{"val_loss": [0.5064539419753211, 0.297331517296178, 0.059199302324226925, 0.0350357038634164, 0.030046613155198947, 0.0273368347968374, 0.025661851279437542, 0.024587721663660238, 0.023860196948849728, 0.02336178334163768, 0.022996231647474424, 0.022719740002815212, 0.022506904588746175, 0.022340020331154977, 0.02220701173480068, 0.022096651439954127, 0.022006165868203555, 0.021931446124134318, 0.021868612118331448, 0.021814870182424784, 0.021770777480144585, 0.02173040704136448, 0.021694080837603127, 0.021662477403879166, 0.02163551381922194, 0.021612290559070452, 0.02158752506199692, 0.02156969898247293, 0.021549750418801392, 0.02152794210373291, 0.02150953042187861, 0.021492720282237445, 0.021475824593965496, 0.02145972166077367, 0.021444024850747416, 0.021428194362670183, 0.021413858447756087, 0.02139851321200175, 0.02138397826014885, 0.02137313161178359, 0.02135685196013323, 0.021343460073694587, 0.02133163354093475, 0.021320082347041795, 0.02130825488295938, 0.021296760932143246, 0.021284678418721472, 0.021274673120517815, 0.021262556547299027, 0.021259709826803634, 0.021245750864701613, 0.02123584398733718, 0.02122779333564852, 0.021216614936877574, 0.02120690420269966, 0.021198516778115715, 0.021192008928794945, 0.02118326161455895, 0.02117533190175891, 0.021167586158428873, 0.02115969662554562, 0.021162078117153475, 0.02114621300383338, 0.02113985113932618, 0.021133087808266282, 0.021127472132710472, 0.021121948059382185, 0.021115176047065427, 0.02111108770727047, 0.021106676863772527, 0.021103193684081947, 0.02109703278568174, 0.021093552566266487, 0.021089939467076744, 0.021084300375410488, 0.02107986608254058, 0.02107569552026689, 0.021073821167062436, 0.02106947990666543, 0.021067296520673802, 0.021062278920518502, 0.02105920499057642, 0.021056375665856258, 0.021058531843924096, 0.02105146224078323, 0.02105002025408404, 0.021047330095565746, 0.021044583592031683, 0.02104544885722654, 0.02103987954823034, 0.021039110575137392, 0.02103640804333346, 0.021035545838198492, 0.02103742947136717, 0.021031512080558708, 0.021033048929114426, 0.021028715052774975, 0.02102853580644088, 0.02102649218535849, 0.021027294686064124], "loss": [0.5660736486315727, 0.42261213596378056, 0.20630276469247683, 0.09860589687845536, 0.0704108379515154, 0.05841376233313765, 0.04429702294458236, 0.041126922970371585, 0.036072652121739726, 0.03119530063122511, 0.029669387931270257, 0.0272373551768916, 0.025307803946946348, 0.024577777067731534, 0.023823682750974382, 0.0231280114967376, 0.022469728453350917, 0.02151633203694863, 0.021612101666895405, 0.020932093196149384, 0.020844960551975027, 0.020711875786738738, 0.020935079282415763, 0.02034569360382323, 0.020375643357900635, 0.02001146736022617, 0.019835804189954485, 0.019709342857822776, 0.019987919434372867, 0.01966192353782909, 0.01951576829222696, 0.019511929214266793, 0.019416393479332328, 0.019203173196209327, 0.01924450003675052, 0.019146257811891183, 0.01916938880458474, 0.019175186919580613, 0.018955853800954565, 0.018990970948444947, 0.01888983808125236, 0.018837911875120232, 0.018782720901072025, 0.01885323552414775, 0.018836078832724264, 0.01879358108687614, 0.018814365113420144, 0.01879164476745895, 0.018624632552798306, 0.018753841619140336, 0.018668877626104013, 0.01850454625673592, 0.018561837562759007, 0.018601427619744624, 0.018598306192351238, 0.018588813055040582, 0.018519654470895017, 0.01856953843629786, 0.01845805107482842, 0.018513471852721914, 0.018454079749062657, 0.018495316883283004, 0.018398218156237687, 0.018403789128309915, 0.01845580279561026, 0.01838957252246993, 0.01836037140206567, 0.018393166097147123, 0.018374139975224222, 0.01836788165383041, 0.018396545434370637, 0.018290055815928748, 0.018339211121201515, 0.018305433747757758, 0.018297931844634668, 0.018287253133686527, 0.018304647744766304, 0.018264379485377243, 0.018283146001132473, 0.01826567349157163, 0.018255401269665787, 0.018249677061768516, 0.018230593181215227, 0.01827234379015863, 0.01823574347820665, 0.018277877010405064, 0.0182373727605279, 0.018201385558183705, 0.018306859669142535, 0.018191465376211063, 0.01818532995613558, 0.01817784834254001, 0.018212046141603162, 0.018193894431793263, 0.01819535401383681, 0.018213228904642165, 0.018171661533415318, 0.018171838617750576, 0.018164577261943902, 0.01823809353767761]}