{"val_loss": [1.333361029624939, 1.3014358282089233, 1.2706847190856934, 1.2411028146743774, 1.2126796245574951, 1.1853960752487183, 1.1592332124710083, 1.1341655254364014, 1.1101664304733276, 1.0872063636779785, 1.0652563571929932, 1.044285774230957, 1.024262547492981, 1.0051530599594116, 0.986923098564148, 0.9695372581481934, 0.9529605507850647, 0.9371585249900818, 0.9220963716506958, 0.9077393412590027, 0.8940526247024536, 0.8810034990310669, 0.868557870388031, 0.8566837906837463, 0.8453493714332581, 0.8345303535461426, 0.8242008686065674, 0.8143318891525269, 0.8048955202102661, 0.7958652377128601, 0.7872153520584106, 0.7789216637611389, 0.7709591388702393, 0.7633053660392761, 0.7559391260147095, 0.7488397359848022, 0.7419877648353577, 0.7353655695915222, 0.7289544343948364, 0.7227383852005005, 0.7167006731033325, 0.7108271718025208, 0.7051039338111877, 0.6995176672935486, 0.6940557956695557, 0.68870609998703, 0.6834579110145569, 0.6783013343811035, 0.6732243895530701, 0.6682166457176208, 0.6632693409919739, 0.658376157283783, 0.653529942035675, 0.6487231254577637, 0.6439481973648071, 0.639197587966919, 0.6344673037528992, 0.6297546625137329, 0.6250552535057068, 0.6203663945198059, 0.6156828999519348, 0.6110023856163025, 0.6063216328620911, 0.6016383171081543, 0.5969473123550415, 0.5922451615333557, 0.5875317454338074, 0.5828085541725159, 0.5780733227729797, 0.5733237862586975, 0.5685624480247498, 0.5637882947921753, 0.5589925050735474, 0.5541714429855347, 0.5493310689926147, 0.5444700717926025, 0.539588987827301, 0.5346909761428833, 0.5297736525535583, 0.5248352289199829, 0.5198721289634705, 0.5148847103118896, 0.5098767876625061, 0.5048478841781616, 0.4997865557670593, 0.4947047233581543, 0.48959603905677795, 0.4844646453857422, 0.47931212186813354, 0.4741411507129669, 0.46895384788513184, 0.46375226974487305, 0.45853468775749207, 0.4533033072948456, 0.4480627477169037, 0.44281455874443054, 0.43756330013275146, 0.4323107600212097, 0.4270574450492859, 0.42180395126342773], "loss": [1.3675898313522339, 1.3341230154037476, 1.3019227981567383, 1.270850419998169, 1.2408357858657837, 1.2120665311813354, 1.1841795444488525, 1.1580071449279785, 1.1326032876968384, 1.1085103750228882, 1.0853216648101807, 1.0630253553390503, 1.0416210889816284, 1.021877408027649, 1.0021846294403076, 0.9835240840911865, 0.9660305976867676, 0.9487342238426208, 0.9324996471405029, 0.9178151488304138, 0.9039162397384644, 0.8904914855957031, 0.8759082555770874, 0.8632270693778992, 0.851355254650116, 0.8397721648216248, 0.8287698030471802, 0.8177647590637207, 0.81009441614151, 0.7982113361358643, 0.7910628318786621, 0.778458833694458, 0.7732756733894348, 0.7620822191238403, 0.7547948956489563, 0.7485364675521851, 0.7414950132369995, 0.7340925931930542, 0.7264370918273926, 0.7197384238243103, 0.7142379283905029, 0.7092031240463257, 0.7018780708312988, 0.6975921392440796, 0.6899963021278381, 0.6846814751625061, 0.6798166632652283, 0.6721677184104919, 0.669395923614502, 0.664993166923523, 0.6587797999382019, 0.6520648002624512, 0.6507798433303833, 0.6443063616752625, 0.6378574967384338, 0.6351431608200073, 0.6296411156654358, 0.6243730187416077, 0.6208354234695435, 0.6164566874504089, 0.6134354472160339, 0.603627622127533, 0.6019452214241028, 0.5952781438827515, 0.5909833312034607, 0.586914598941803, 0.582289457321167, 0.5754382610321045, 0.571590006351471, 0.5692865252494812, 0.5645421147346497, 0.5561184287071228, 0.5528453588485718, 0.549712061882019, 0.5443928241729736, 0.5392956733703613, 0.5347577333450317, 0.5273903608322144, 0.5233155488967896, 0.5199605822563171, 0.5150370001792908, 0.5114796161651611, 0.5048995018005371, 0.4987688660621643, 0.4975910782814026, 0.48608461022377014, 0.4856497645378113, 0.4824132025241852, 0.47619616985321045, 0.47059211134910583, 0.46582844853401184, 0.4598004221916199, 0.4577939510345459, 0.452565461397171, 0.4462378919124603, 0.44113922119140625, 0.4330669939517975, 0.42897963523864746, 0.42475518584251404, 0.4199746251106262]}