{"val_loss": [16.644238494163336, 7.552309601805931, 3.0410655487415403, 1.0968748303346856, 0.37341668439465897, 0.14217811095160107, 0.07787425694770592, 0.061060861272867334, 0.056096020219630977, 0.05426376971394517, 0.053547076014585276, 0.05329592439324357, 0.05321917968780496, 0.05319689500123956, 0.053190051642961284, 0.053187890974588176, 0.05318724277407624, 0.053187041608400126, 0.05318697827846505, 0.05318694102556207, 0.05318691867382028, 0.05318691122323968, 0.05318691122323968, 0.05318691122323968, 0.05318691122323968, 0.05318691122323968, 0.05318691494852998, 0.05318691494852998, 0.05318691494852998, 0.05318691494852998, 0.05318691867382028, 0.05318691867382028, 0.053186922399110576, 0.053186922399110576, 0.05318691867382028, 0.05318691867382028, 0.05318691867382028, 0.05318691867382028, 0.05318691867382028, 0.05318691867382028, 0.05318691867382028, 0.053186922399110576, 0.05318691867382028, 0.053186922399110576, 0.053186926124400874, 0.053186922399110576, 0.053186922399110576, 0.053186926124400874, 0.053186926124400874, 0.053186922399110576, 0.053186926124400874, 0.053186926124400874, 0.05318692984969117, 0.05318692984969117, 0.05318692984969117, 0.05318692984969117, 0.05318692984969117, 0.05318692984969117, 0.05318693730027177, 0.05318693357498147, 0.05318693357498147, 0.05318693730027177, 0.05318693357498147, 0.05318693730027177, 0.05318694102556207, 0.05318693730027177, 0.05318694102556207, 0.05318693730027177, 0.05318694102556207, 0.053186944750852366, 0.05318694102556207, 0.053186948476142665, 0.053186944750852366, 0.053186944750852366, 0.05318695592672326, 0.05318695965201356, 0.05318695220143296, 0.05318695220143296, 0.05318696710259416, 0.053186974553174754, 0.05318697827846505, 0.053186970827884456, 0.053186974553174754, 0.053186970827884456, 0.053186974553174754, 0.053186974553174754, 0.053186970827884456, 0.053186974553174754, 0.05318698572904565, 0.05318697827846505, 0.05318697827846505, 0.05318698200375535, 0.05318698200375535, 0.05318698200375535, 0.05318698200375535, 0.05318698200375535, 0.05318697827846505, 0.05318698572904565, 0.05318698200375535, 0.05318698200375535], "loss": [24.93315736637559, 12.121481207914131, 5.253249168395996, 2.0240493319755375, 0.705811528272407, 0.24147954721783482, 0.10048756315264591, 0.06247639846663142, 0.052277178351962286, 0.049005958229996434, 0.047750599682331085, 0.047275314324123914, 0.047117144129304, 0.04707011840371198, 0.04705626266293748, 0.047051930930032286, 0.04705058662004249, 0.04705018914023111, 0.04705005632930024, 0.04705000226927358, 0.047049978358107945, 0.047049965189639914, 0.047049960771272346, 0.04704996103117632, 0.04704996137771496, 0.047049960078195084, 0.04704996103117632, 0.047049963370312094, 0.047049963370312094, 0.04704996423665867, 0.04704996311040812, 0.047049965103005256, 0.047049969608007475, 0.04704997090752735, 0.04704997021445008, 0.04704996648915978, 0.04704996761541034, 0.04704996848175692, 0.047049969608007475, 0.047049969174834186, 0.047049970041180764, 0.047049969954546106, 0.04704997021445008, 0.04704996952137282, 0.047049972813489827, 0.04704997151396995, 0.04704997255358585, 0.04704997316002846, 0.04704997567243354, 0.04704997463281765, 0.04704997350656709, 0.04704997662541478, 0.0470499757590682, 0.047049977318492045, 0.04704997931108918, 0.047049980177435766, 0.04704998000416645, 0.047049982083398244, 0.04704998182349427, 0.04704998407599538, 0.04704998268984085, 0.047049983469552775, 0.04704998372945675, 0.04704998268984085, 0.047049981996763586, 0.047049986501765804, 0.04704998771465102, 0.04704999152657598, 0.04704998953397884, 0.04704999221965324, 0.04704999360580777, 0.04704999256619187, 0.04704999473205833, 0.047049993865711744, 0.04704999793754067, 0.04705000426187072, 0.047050004435140035, 0.047050005561390586, 0.047050006687641144, 0.04705001786351204, 0.04705002375466879, 0.047050022455148915, 0.04705002219524494, 0.047050019422935886, 0.04705002306159153, 0.04705002366803413, 0.04705002366803413, 0.04705002262841824, 0.047050025314092636, 0.047050027566593745, 0.047050029819094855, 0.04705002782649772, 0.04705003094534541, 0.04705002990572951, 0.04705003363101981, 0.047050033111211864, 0.047050031898326655, 0.047050029472556223, 0.04705003259140392, 0.04705003016563349]}