{"val_loss": [0.5103298830134528, 0.4473040040050234, 0.3684317852769579, 0.28360624611377716, 0.2077918073960713, 0.15121062046715192, 0.11180428947721209, 0.08623494287686688, 0.069574432979737, 0.05839493844125952], "loss": [0.5575259753635952, 0.480431609920093, 0.41768570031438557, 0.3513678344232695, 0.2735754113112177, 0.21191891602107457, 0.1731243702982153, 0.1352161198322262, 0.1140669509768486, 0.0991514902561903]}