{"val_loss": [2.5019845695762366, 1.2704784236587845, 0.7228889119375003, 0.5056889632365087, 0.40916264307248845, 0.3402318808582279, 0.2732254596023293, 0.2106093431894596, 0.1602381058297791, 0.12511918474952657, 0.10247052440068105, 0.08827929599927022, 0.07943967797539452, 0.0737584250477644, 0.0697246133447527, 0.06641699113212265, 0.06386614325163248, 0.06194194023321559, 0.06025196309689875, 0.05880072259611183, 0.057360327717932785, 0.056313943013653056, 0.05518511445684866, 0.05388766399526096, 0.05278557687476798, 0.05174100695998519, 0.050765757637840886, 0.04993719185565735, 0.04906204032835427, 0.048287207013243565, 0.04748124793380291, 0.04669075263859509, 0.045780554179336644, 0.04498643003456242, 0.04432744168109827, 0.04363024015943487, 0.04282577825592948, 0.04208943693266882, 0.04159712343365996, 0.04107285251880025, 0.040285964424793534, 0.0397599056050494, 0.03926650241955177, 0.0387213629494597, 0.03823272243037924, 0.03761469129915838, 0.03729598667029734, 0.03666783343036692, 0.036314995451407, 0.035792766777160284, 0.03532287702485398, 0.03472178497097709, 0.03446966816078533, 0.03414684976939555, 0.033768254247578705, 0.033420507776570484, 0.032931455886447344, 0.03260484470666705, 0.032162564305158764, 0.031841475151843955, 0.03140137743178781, 0.03098169273950837, 0.030751439306390037, 0.030500716914038557, 0.03028239589835797, 0.02986705753874112, 0.029535631825040272, 0.02931673759659687, 0.02885762523937892, 0.028768971718691447, 0.028586461892598992, 0.0283882290359352, 0.028082476212428167, 0.027755606268252526, 0.027427196476634566, 0.02729387857488819, 0.027139330816852464, 0.026549551883464927, 0.026522584324637492, 0.026081481323271365, 0.026189831287398206, 0.025990216986282722, 0.025618407966477887, 0.025396620581200072, 0.025379922605686254, 0.025060851791209274, 0.02471998680409018, 0.024588730277402417, 0.02443893791756013, 0.024133664432105486, 0.024168959734114735, 0.023838780533808928, 0.02362219511264271, 0.023353311630499946, 0.02325795877438325, 0.02322724933078239, 0.022824050532979565, 0.02264428978877051, 0.022697909246687287, 0.02247165172145917], "loss": [3.7722436106828487, 1.9191463258841557, 1.0041792595600543, 0.6163491071154604, 0.46080003968446537, 0.37948460861819505, 0.3112321677941256, 0.24538401383426764, 0.1871065725859583, 0.14341762859685453, 0.11403491522514848, 0.09547852819013372, 0.08400971604733612, 0.07666487250532329, 0.07186651087360955, 0.06816615598170112, 0.06518752258750818, 0.06291786962240399, 0.061120847026344204, 0.05954595962590207, 0.05810499468427166, 0.056856366966405385, 0.05578937006359636, 0.05454322461338364, 0.05333607971005194, 0.052268361208915336, 0.05126832360452641, 0.050350503360592325, 0.04953102972198519, 0.04868150707465145, 0.047888502013301776, 0.04708933976830029, 0.046249315235691084, 0.04536197189122415, 0.0446800999546963, 0.04401276486574626, 0.04321931284807977, 0.04242695143604818, 0.04184925340401019, 0.04134267637219678, 0.04067853545358551, 0.040007297784252896, 0.03952117904055221, 0.03899575630311944, 0.03849631676757177, 0.037920343716520526, 0.03750023926891078, 0.03695115805323658, 0.03647830157855542, 0.03602234213078608, 0.0355613765704455, 0.035002759763219225, 0.034557527363021145, 0.03430503940938228, 0.03394168625228764, 0.033683348333668095, 0.03309430478025841, 0.032823750346457, 0.03239894827288357, 0.031985379153517984, 0.031622839153720286, 0.0311366233183689, 0.03084479855878059, 0.030649614499287155, 0.030416291953005613, 0.03004954227920299, 0.029691521566910822, 0.02942515748707835, 0.029064309241644208, 0.028830005453607237, 0.02867157450767349, 0.028468906707846495, 0.028254126551198272, 0.027933813596637245, 0.027582404149185856, 0.027365662518141327, 0.027277558031408328, 0.026803019338059852, 0.026557919759067773, 0.02626417110224053, 0.02613308293356689, 0.026128619730437667, 0.025826250477043285, 0.025503149682148465, 0.025446118259108877, 0.02522184173841899, 0.024928019785559988, 0.024644843957719164, 0.024548525086645498, 0.02426795770212787, 0.024202425608660073, 0.024006895425785435, 0.02371302764109575, 0.023470406329650417, 0.023316433962949266, 0.023236202675148344, 0.023009637567003104, 0.022705909860764602, 0.022654668210622484, 0.02258413266550508]}