{"val_loss": [0.5138142641101565, 0.48690062548433033, 0.45524929250989643, 0.4128182094011988, 0.3604119143315724, 0.30105016912732807, 0.24264528176614217, 0.1905374319425651, 0.14824852560247695, 0.11581467863704477, 0.09251371717878751, 0.07573466614953109, 0.06402891102646079, 0.05557309077786548, 0.04939602714564119, 0.044793744172368734, 0.04137462989560196, 0.03865592208291803, 0.03659512295520732, 0.0350126593506762, 0.0338009552630995, 0.03283425620091813, 0.03211569506675005, 0.03154203189270837, 0.031088110458637987, 0.030743695529443876, 0.030465174266802415, 0.030245182836162194, 0.030060925587479557, 0.029939120768436363, 0.029825635054813966, 0.02974548902628677, 0.02967732326526727, 0.029618848780436174, 0.02957707829773426, 0.029531984057809626, 0.029503202797578915, 0.029487214317279204, 0.02949744662536042, 0.029502308727907284, 0.02947394795981901, 0.02944811892562679, 0.029451889052454914, 0.029450708268476383, 0.029419814036892995, 0.029407769508127655, 0.029364555275865963, 0.029311555371220623, 0.0292897139276777, 0.02926619617002351, 0.029247089821313108, 0.02922801034791129, 0.029204648985926594, 0.029154890283410038, 0.029138156745050634, 0.029117552363978966, 0.02908339903556875, 0.029048656579107046, 0.02902038342186383, 0.028997879342309067, 0.028941600184355463, 0.02888003803257431, 0.02882847243121692, 0.02880955028480717, 0.028768965442265784, 0.028744261445743696, 0.02870883233845234, 0.028658212761261632, 0.02860838228038379, 0.02854369647268738, 0.028508120415998355, 0.028460261611534015, 0.028438973240554333, 0.028410151401268586, 0.028344537264534404, 0.028309717242206846, 0.02827004429751209, 0.02820715314841696, 0.028145425620355775, 0.028110402104045664, 0.028070027341267893, 0.028026866127869914, 0.0279661946530853, 0.027918111266834394, 0.027858059454177107, 0.02778779043416892, 0.02773651627025434, 0.02769558098433273, 0.027637146413326263, 0.02759490248614124, 0.027535152954182456, 0.02748491834583027, 0.02742137247696519, 0.027372145293546573, 0.02730411370950086, 0.027275640251381055, 0.02721628885982292, 0.027194151588316475, 0.0271767266759915, 0.027135606722107956], "loss": [0.5313789035592761, 0.5005328591380801, 0.47318326043231146, 0.43783176796776907, 0.39455080032348633, 0.3423644538436617, 0.29143948959452765, 0.23659988812037877, 0.2035302913614682, 0.17107440957001277, 0.13995061096336162, 0.12319091308329787, 0.10511432002697672, 0.09599058090576104, 0.08374772061194692, 0.08022063664559807, 0.07139664342893022, 0.06709971425256558, 0.06096930296293327, 0.05702243811850037, 0.05422004485236747, 0.05470587858664138, 0.048197531274386814, 0.04709976678714156, 0.05173433665186167, 0.04377957546551313, 0.04257720462711794, 0.042054618309651105, 0.04149804809795959, 0.04098836232775024, 0.03923693212813565, 0.03884794569707343, 0.03809359889211399, 0.03882221445175154, 0.03653471151899014, 0.0360577671921679, 0.03802791789972356, 0.03580427748550262, 0.038244981318712234, 0.03506302201588239, 0.03561127917574985, 0.03583479333402855, 0.03531164848910911, 0.03570486944434898, 0.03239570737683347, 0.034136346142206876, 0.03192843237359609, 0.03364931060267346, 0.032775677141866515, 0.032711786816694906, 0.032447934350264926, 0.034097340157521625, 0.03269837803340384, 0.03152199861194406, 0.03298651473596692, 0.032253644429147243, 0.03232440705011998, 0.03199790744110942, 0.03303301953045385, 0.031152317699577128, 0.031062545587441752, 0.02994488618735756, 0.030741918100310222, 0.030912332436335937, 0.03107927759577121, 0.030126068075852736, 0.0319140269421041, 0.029899912819798504, 0.03128077562100121, 0.02921264691810523, 0.029384787859661237, 0.03051779918106539, 0.031688062474131584, 0.030436122989548103, 0.02969805590276207, 0.03130121322880898, 0.03064386539959482, 0.029004642939461128, 0.030121308817927326, 0.03064560710585543, 0.029660777654498816, 0.030834319003458534, 0.029042945043849095, 0.028732493253690854, 0.029521933158061335, 0.027727491089275906, 0.029311074409633875, 0.02825917922226446, 0.02853193726124508, 0.028326795835580145, 0.02909345831722021, 0.028862421799983298, 0.028693275725735084, 0.028050893984202827, 0.026931026285248145, 0.029068009927868843, 0.026789244463933364, 0.029949174129537175, 0.028596975707582066, 0.027691835803645]}