{"val_loss": [0.5090837883097785, 0.45071935440812794, 0.37068056953804834, 0.27260650268622805, 0.18302477417247637, 0.12243237931813512, 0.08711842474128519, 0.06723995001188346, 0.0553895454587681, 0.04780789291752236, 0.0427853095212153, 0.03930505910622222, 0.03681239958054253, 0.034980299949113815, 0.03363913922969784, 0.032626941201410124, 0.03184644132852554, 0.031240149667220458, 0.03076275285067303, 0.030375104264489243, 0.030063070822507143, 0.02981071812765939, 0.0295937900165362, 0.02941107683415924, 0.029257734372679676, 0.029117095550256118, 0.029005395115486214, 0.028892184275069406, 0.028797487196113383, 0.028703036585024426, 0.02861777912559254, 0.028535751825464622, 0.02847134381798761, 0.02840537910482713, 0.028343387081154754, 0.028275192449135438, 0.02820630930364132, 0.028141149253185307, 0.028085985287491764, 0.02802420753453459, 0.02795916549595339, 0.0279033319093287, 0.027852081494139775, 0.02779687169407095, 0.027742640048797642, 0.02767788346058556, 0.027621607894876173, 0.02756499352731875, 0.02750965187858258, 0.027458689840776578, 0.02740608268816556, 0.027346489751445397, 0.02728992740490607, 0.027243136561342647, 0.027197844149278744, 0.027139619924128056, 0.027085378699536835, 0.02703908465004393, 0.026980821508914232, 0.02692123582320554, 0.026867729811263934, 0.02681927496035184, 0.02676691094945584, 0.02671914574291025, 0.02667180255853704, 0.026617771546755518, 0.0265525703185371, 0.026517507952771018, 0.02646611597655075, 0.02641429366277797, 0.026359508279711008, 0.026307040892009224, 0.026271059377385036, 0.026228029680039202, 0.026179696965430464, 0.026126908537532603, 0.026077204583478824, 0.026036930569846715, 0.02597915760374495, 0.02593891103086727, 0.02589902191955064, 0.025861669797450304, 0.025816668157598803, 0.025781748350709677, 0.02572629727157099, 0.025693621885563647, 0.02566994826442429, 0.02561216282525233, 0.025585408954481994, 0.02553318440914154, 0.025477980828977058, 0.025444930186495185, 0.02539196889847517, 0.02534768494245197, 0.025320530104051744, 0.025276869369138564, 0.02524154107751591, 0.02519378691379513, 0.02516410340155874, 0.025133445426555618], "loss": [0.5420383491686412, 0.4800448587962559, 0.4119143613747188, 0.3253821624176843, 0.23619649878570012, 0.16178181075624057, 0.1176590866276196, 0.08479442048285689, 0.06954822037369013, 0.056644982126142294, 0.04919915140739509, 0.0444862363593919, 0.04086621105670929, 0.03822049724736384, 0.0361202733724245, 0.03420534756566797, 0.03322773293725082, 0.031858928435082944, 0.030936880768941983, 0.030566976139588014, 0.029438461443143233, 0.029465252866170237, 0.029034698315496956, 0.028582748624363115, 0.028333813484225954, 0.027968437543937137, 0.028269092020179545, 0.02761984120921365, 0.027688083837607076, 0.027260856569877694, 0.027141732762434652, 0.026839491645140306, 0.026959650717409595, 0.027052152436226606, 0.026849813094096526, 0.02671468710260732, 0.026575409674218724, 0.02643007173069886, 0.02633497172168323, 0.026359724080456153, 0.02601663861423731, 0.026147430430033376, 0.02620041709659355, 0.026035924841250693, 0.02600141890746142, 0.025752141805631772, 0.02566086979848998, 0.025704897607543638, 0.02563434559851885, 0.025611043774655888, 0.02564854095024722, 0.025302521684872254, 0.025275246506290778, 0.025415636831894517, 0.025298449510176266, 0.02517533122694918, 0.025137721095234156, 0.025152955536863635, 0.024983410324369158, 0.024864740736250366, 0.024875636345573833, 0.02478361302720649, 0.02475822371031557, 0.02470149691881878, 0.02466865023598075, 0.024575162080249617, 0.02429973546947752, 0.024546214312847172, 0.02436765596004469, 0.0242438964944865, 0.024210222763940692, 0.02423755032941699, 0.024278973428798572, 0.024087053590587208, 0.024071377768580402, 0.02398079786715763, 0.02390662131698004, 0.023901192005723715, 0.023764978029898236, 0.023810396968786205, 0.02379634527356497, 0.02376169478520751, 0.023654587101191282, 0.023702240116628154, 0.023524156705077206, 0.02358865295536816, 0.023621202712612494, 0.023426434291260585, 0.023546499266688312, 0.023349979127358114, 0.023261036291452392, 0.023257482896691987, 0.02310567276020135, 0.02306855539791286, 0.02313286212405988, 0.023062737791665962, 0.023071597662887404, 0.02298467523152275, 0.02295517755140151, 0.023006418886195337]}