{"val_loss": [1.0899620056152344, 1.0640896558761597, 1.0389740467071533, 1.0146161317825317, 0.9910203218460083, 0.9681790471076965, 0.9460866451263428, 0.9247366786003113, 0.9041200280189514, 0.8842282295227051, 0.865044116973877, 0.8465560674667358, 0.8287510275840759, 0.8116134405136108, 0.7951284646987915, 0.7792806625366211, 0.764046847820282, 0.749413788318634, 0.7353658080101013, 0.721883237361908, 0.7089499235153198, 0.6965430378913879, 0.6846451759338379, 0.6732369065284729, 0.6622908115386963, 0.6517918109893799, 0.641725480556488, 0.6320743560791016, 0.6228194236755371, 0.6139382719993591], "loss": [1.117797613143921, 1.0911319255828857, 1.0652313232421875, 1.0399571657180786, 1.0156185626983643, 0.9919710755348206, 0.9691330790519714, 0.946904718875885, 0.9257760643959045, 0.9050951600074768, 0.8848528861999512, 0.8658570647239685, 0.8475279211997986, 0.8292977809906006, 0.8125207424163818, 0.7958624362945557, 0.7798090577125549, 0.7645419239997864, 0.7496840357780457, 0.7358659505844116, 0.7221603989601135, 0.7089923024177551, 0.696616530418396, 0.6845768690109253, 0.673635721206665, 0.662320613861084, 0.6514719724655151, 0.6415412425994873, 0.632503867149353, 0.6215695738792419]}