{"val_loss": [0.9259396930073582, 0.8220614860224169, 0.7500713647798051, 0.6961985077968863, 0.6511569993440495, 0.6097133547760719, 0.5691280462021051, 0.5292177630025287, 0.48909230218377225, 0.4480126756568288, 0.4061401424019836, 0.3649029593135035, 0.3261997734391412, 0.29115136903385785, 0.2601370277792908, 0.23360527982545454, 0.21093668805998425, 0.19220822356468023, 0.17684415606565254, 0.16436123293499613, 0.1541926559320716, 0.14590498805046082, 0.1390571739784507, 0.13330431594405062, 0.1285848104676535, 0.1246850882158723, 0.12141108547532281, 0.11860635530116946, 0.11619793190512546, 0.11411814356959143, 0.11231098583964415, 0.11067727485368418, 0.10920304562463316, 0.10795159915158915, 0.10677485497191895, 0.10568449143753496, 0.10471860198087471, 0.10376804287350455, 0.10291218688321668, 0.10213394151177517, 0.10141772638226665, 0.10065093393935713, 0.09996284301890883, 0.09936299816120503, 0.09876315157080806, 0.09818394066289414, 0.09762391586636388, 0.09702396427476129, 0.09648756163064824, 0.09594946164031361, 0.09539611412342204, 0.09480719614860623, 0.0943029010018637, 0.09383179316687029, 0.09336965409822243, 0.09293557703495026, 0.09244963803956675, 0.09197885803011961, 0.09154633588569108, 0.09113485244817512, 0.0907267390988594, 0.09035100320050883, 0.08994403620098912, 0.08955440514309462, 0.08916327911753986, 0.0887632550195206, 0.08840557361064955, 0.08800799503575923, 0.08761264695677647, 0.08731353490851647, 0.08692341627076615, 0.08653287381626838, 0.08622514006010322, 0.08594027282886726, 0.08563915536154149, 0.08539377811343171, 0.08499819005644599, 0.08463382201139318, 0.08428180373685304, 0.08402994067169899, 0.08372394168792768, 0.08346840583307799, 0.08317167415868404, 0.08289950375640115, 0.08260939339565676, 0.08231083476959272, 0.08211655360321667, 0.0818668082356453, 0.0816909757464431, 0.0814249898458636, 0.08116564016009487, 0.08091168140256128, 0.08070197216300078, 0.0803953513156536, 0.08014246630807255, 0.07991191259650297, 0.07974043835041135, 0.07956428115451059, 0.07933431621207747, 0.07906950629034708], "loss": [1.0040281414985657, 0.8713474731112636, 0.7827174261558888, 0.7201246716255365, 0.6699844460154689, 0.6305383429970852, 0.5807486148767693, 0.5496963276419529, 0.5046320190263349, 0.46228093601936515, 0.42132427526074784, 0.3909108708071154, 0.3510909122090007, 0.3277383696201236, 0.2893632983052453, 0.27259468339210335, 0.24698759060959483, 0.22138947075189547, 0.21059641588565914, 0.19328171361324398, 0.17919291313304458, 0.1669428064379581, 0.16369863374288693, 0.1515675145526265, 0.14495058704254238, 0.13876984493677005, 0.13893010034117587, 0.13138675048600795, 0.12742440818354142, 0.13363008616968644, 0.1237928525999535, 0.11961089317188707, 0.1212287912535113, 0.12157137830590092, 0.11478155418190845, 0.11488854989062908, 0.11443031544602195, 0.1092358503577321, 0.10859519347201946, 0.11079835579838863, 0.10844699969125349, 0.10751583132632943, 0.10454967323430749, 0.1078720931396928, 0.10424744892258976, 0.10597526022168093, 0.10594979344412338, 0.10158099996489148, 0.10136089889809143, 0.10194647814645323, 0.10077759190354237, 0.0965240764063458, 0.10046686093474544, 0.09746948560309965, 0.09828862166681955, 0.09780037576376005, 0.0961686459391616, 0.09581686902877896, 0.09659037825673125, 0.09491082159585731, 0.09404344978027565, 0.09357720405556434, 0.09430405532204827, 0.09259715121845867, 0.09367678609005241, 0.09237920891406924, 0.0928841125826503, 0.09050981249920158, 0.09050495229488195, 0.09079265715770943, 0.08870346255080644, 0.0899961507597635, 0.09092289850462315, 0.08796054211466811, 0.09066831181908763, 0.08856611958769865, 0.08702330066021098, 0.0854486970360889, 0.08523513168789619, 0.08658294830211373, 0.08609964334687521, 0.08455239305662554, 0.0843011511619701, 0.08559260534685711, 0.08372990059298138, 0.08388880761556847, 0.08461499092883842, 0.08328440334907798, 0.08463616634524146, 0.08202277175908865, 0.0829176216624504, 0.08156763277081557, 0.08236113779766616, 0.08049285169257674, 0.0806169506422309, 0.0814412523840749, 0.0809043564422186, 0.08131897137608639, 0.08040916157323261, 0.0781303741211115]}