{"val_loss": [0.5144510737487248, 0.43448896280356814, 0.3225233874150685, 0.19975965576512472, 0.11750024903033461, 0.07703790308109351, 0.05792999254273517, 0.04776344767638615, 0.041833172153149335, 0.03816325430359159, 0.0356813178264669, 0.03397996663781149, 0.03276294569617936, 0.03188213426619768, 0.031225706251072034, 0.030724889731832912, 0.030339382256248167, 0.03003935775320445, 0.02979990640389068, 0.029591998417994807, 0.029444719265614237, 0.02930215366982988, 0.029179464826094254, 0.029069541288273677, 0.02895140421709844, 0.028854650977466787, 0.028757696439112936, 0.02868592626016055, 0.02862181487892355, 0.02854022676391261, 0.028461740352213383, 0.028390298198376383, 0.028321951827300445, 0.028262652589806488, 0.02818551579756396, 0.028108735834913596, 0.028052251852516617, 0.02798328721629722, 0.027909627117748772, 0.027842081551040922, 0.027770863313760077, 0.02770363280017461, 0.027649238306496824, 0.027584713750651906, 0.027521275715636357, 0.02744244724246008, 0.027371460837977275, 0.027292026739035333, 0.027240974828600883, 0.027179798443934748, 0.027124797659260885, 0.02706406032666564, 0.02699862447168146, 0.02695441758260131, 0.026907622880701507, 0.026837439675416266, 0.02676429519695895, 0.02672516687640122, 0.026641766873321364, 0.026603344096136943, 0.026532363878296956, 0.026482318261904374, 0.026436214335262775, 0.02639128334288086, 0.026337089349648783, 0.0262402323340731, 0.02620628915194954, 0.026163223864776746, 0.026083524771300808, 0.026050209533423185, 0.025998794506969198, 0.02594751472185765, 0.025884922560570494, 0.0258485366523798, 0.025778063805773854, 0.025736325420439243, 0.025706404154854163, 0.025651000440120697, 0.025608802812972238, 0.02552983058350427, 0.025490169945572103, 0.02545528596134058, 0.025437541671895554, 0.025356323391731297, 0.025306758005172014, 0.0252804438849645, 0.025249632507828728, 0.02521750856457012, 0.025174343459574238, 0.025136628986469338, 0.02509308766041483, 0.025053314931158508, 0.025008317415735552, 0.024935432909322635, 0.024933063857523457, 0.0248807968372213, 0.024865464573459967, 0.02480476366222969, 0.02475708959225033, 0.0247127921320498], "loss": [0.5695079543760845, 0.4744868480733463, 0.37914219817944933, 0.26842089529548374, 0.16955117216067656, 0.10946972694780145, 0.0779814635004316, 0.06342700522925172, 0.05161465797573328, 0.044211168374334066, 0.040975308644452264, 0.037567277039800374, 0.03563648056504982, 0.03451168457312243, 0.032985566915678124, 0.031628048845699856, 0.030786235484161546, 0.030136915056833198, 0.029867070860096386, 0.02888039532782776, 0.029030936237956797, 0.028624517577035085, 0.02859355788677931, 0.028451922549200908, 0.027891076302954128, 0.027720662565635785, 0.0274008867064757, 0.02761491414691721, 0.02751376453254904, 0.027249469754419157, 0.027090653045369045, 0.02694574530635561, 0.026914227487785474, 0.02705728475536619, 0.026774226355233362, 0.026448213229221956, 0.026588027964213064, 0.026409643702208996, 0.026366807919527804, 0.02625243119629366, 0.026050858798303773, 0.025943392422050238, 0.026014197152107954, 0.026014743439321007, 0.025761807403926338, 0.025666457334799424, 0.02550703809330506, 0.025398147625050375, 0.025383568102759973, 0.025383427140436003, 0.02540727618283459, 0.025309567406241382, 0.025106844026595354, 0.025263996395681585, 0.025057335816589848, 0.02502085651004953, 0.024780148374182836, 0.024848571679155742, 0.02463579942871417, 0.024781901389360428, 0.02459068190572517, 0.024550870593105043, 0.02454967929848603, 0.024501304341746227, 0.0244035459389644, 0.024049715671156133, 0.02427831225629364, 0.024300101080111096, 0.023967102569128786, 0.02409441290157182, 0.024065683595836163, 0.023890355867998942, 0.02378111904753106, 0.023838373300220286, 0.023651879879512956, 0.02373909657554967, 0.02375579345971346, 0.023529396458928074, 0.023519900693957294, 0.023364081380090544, 0.023354701032595977, 0.023299910527254854, 0.023429841368592212, 0.023170659052474157, 0.023153712174722126, 0.023120976352531995, 0.023165969543957284, 0.023115774350506917, 0.02305443974078766, 0.02305309138526874, 0.022933445371953503, 0.022979517001658678, 0.022819183434226682, 0.022645292604076012, 0.02284021968288081, 0.02274605824745127, 0.022712600084819963, 0.022602140304765532, 0.022506590400423323, 0.022423712935830866]}