{"val_loss": [10.579223329706709, 9.433853955231896, 8.109160171922786, 7.190555694491365, 6.379045700842096, 5.640090679937555, 4.970182633215143, 4.365398140840752, 3.8217439392740413, 3.334975695425226, 2.900901291721551, 2.5153319576913997, 2.174162602239801, 1.8734261740085691, 1.6093219269153685, 1.3782520044681639, 1.176800941312036, 1.00181469806405, 0.8503534539725429, 0.7197203386661618, 0.6074429496314174, 0.5112721665885097, 0.42917475589486054, 0.35932666525360224, 0.300095562787019, 0.2500236974668133, 0.20783119365688443, 0.17238596543785215, 0.14270012542720914, 0.11791173830743908, 0.09727315321680187, 0.08013821110244869, 0.06595272287841915, 0.054240521909885625, 0.044597716034613835, 0.03667979401557944, 0.03019574371188186, 0.024899720163770424, 0.020585498722024666, 0.01708037681993126, 0.014239862510689007, 0.011944090904191483, 0.010093503581114518, 0.00860571670670842, 0.007412898310914982, 0.006459209551789271, 0.005698807956289876, 0.0050942077763494135, 0.00461480016784035, 0.0042356657362434755, 0.003936585457634556, 0.00370117365346514, 0.003516239765670526, 0.003371160197642076, 0.0032574266191687466, 0.0031682585362460495, 0.003098259633046019, 0.0030431691087897898, 0.0029996328052248836, 0.0029650274194892526, 0.0029373131223138452, 0.00291491271891855, 0.0028966157227870108, 0.0028814982619252087, 0.0028688597489263893, 0.002858171891060102, 0.0028490381777402044, 0.0028411610514041067, 0.002834318391617763, 0.002828342560317743, 0.0028231055006500364, 0.0028185089580830217, 0.0028144740030285, 0.002810936607059467, 0.002807842986297238, 0.0028051451776292206, 0.002802801970031488, 0.002800775179278481, 0.0027990294151123644, 0.0027975325469043136, 0.0027962545395012976, 0.0027951681517180086, 0.002794248237844932, 0.002793471514817703, 0.002792817726370323, 0.002792269410204518, 0.002791809336852658, 0.0027914240021374107, 0.00279110153169595, 0.0027908309824880243, 0.0027906042054411054, 0.0027904132843133093, 0.002790252631169188, 0.0027901164252426506, 0.002790000475582111, 0.0027899017553892017, 0.0027898177035268427, 0.0027897450603660227, 0.002789682894584167, 0.0027896293435361267], "loss": [11.714881660402284, 10.479866234831107, 9.116990414700767, 8.086715177048085, 7.19989152287328, 6.388680295426716, 5.649996783382209, 4.980345119801602, 4.375801064247309, 3.8323717394540475, 3.34581173667612, 2.911929169366526, 2.526535856631375, 2.185527278471363, 1.8849362301272015, 1.6209634856660238, 1.3900114658267, 1.1886660350385563, 1.0137736797332764, 0.8623956210853517, 0.7318359664244245, 0.6196230654568635, 0.5235086723353511, 0.4414604377838992, 0.37165498802828234, 0.31246072539063385, 0.26242055553336474, 0.2202552388342776, 0.18483323159143905, 0.1551671439363051, 0.13039551894794138, 0.10977108938287394, 0.0926480800375458, 0.07847260504729989, 0.06676877948433854, 0.057132965747931204, 0.04922086254570835, 0.042741631959066835, 0.03744960102693055, 0.03313866191247637, 0.029636246809201648, 0.026797949184858522, 0.02450399151317371, 0.022654879231785618, 0.021168297474351963, 0.019976458360635958, 0.019023558586951372, 0.018263790814220443, 0.017659703110770662, 0.017180706590933854, 0.01680189945785574, 0.016503078285460323, 0.016267879779428937, 0.01608310416052046, 0.01593815154114435, 0.01582452200006607, 0.01573543091730554, 0.01566549779688434, 0.0156104516873295, 0.015566952584325805, 0.015532373797235101, 0.015504686270169047, 0.015482300935789596, 0.015464012929808724, 0.01544891078342763, 0.015436276706845262, 0.015425598905818868, 0.015416469562134539, 0.015408593078338823, 0.015401754542723183, 0.015395780924216722, 0.015390549490387125, 0.015385953427920507, 0.01538192115493061, 0.015378385118042777, 0.0153752918564534, 0.015372594024321829, 0.01537025957404412, 0.015368229095903478, 0.015366485255748727, 0.015364990288088487, 0.015363709329692431, 0.015362625465143559, 0.015361705679417581, 0.015360929692784945, 0.015360277247174765, 0.01535972858266544, 0.0153592674191608, 0.015358886472130007, 0.015358557736919833, 0.015358289905874303, 0.015358062728142092, 0.015357873835709206, 0.015357714030862779, 0.01535757870752682, 0.015357460768878922, 0.01535736671251844, 0.015357279637467492, 0.015357206019666768, 0.015357144126423108]}