{"val_loss": [0.14739251668964112, 0.03755468961649707, 0.025955524495137588, 0.023034328927419016, 0.021921188437512944, 0.02144137440648462, 0.021222760934116586, 0.021120336738282015, 0.021070773280890926, 0.021045627571376308, 0.021031975247231976, 0.021023890768576945, 0.021018619017143334, 0.021014864523229853, 0.02101200702600181, 0.021009730407968163, 0.021007867829341973, 0.0210063237630363, 0.02100503308299397, 0.021003953214468702, 0.02100304949895612, 0.021002294329394187, 0.021001661894842982, 0.021001136429341778, 0.02100069884077779, 0.02100033569149673, 0.021000035739104663, 0.020999787874253734, 0.02099958298328732, 0.020999415145654763, 0.02099927730991372, 0.020999163755082657, 0.02099907088891736, 0.020998995917450105, 0.02099893458320626, 0.02099888415874115, 0.02099884338011699, 0.02099881031816559, 0.02099878404156438, 0.020998763219852532, 0.020998744992539287, 0.020998731621408036, 0.02099872044553714, 0.02099871126535748, 0.020998704014346004, 0.020998698559456637, 0.02099869436850505, 0.02099869090930692, 0.020998688714046563, 0.02099868538789451, 0.020998683658295443, 0.020998682993065034, 0.02099868146303509, 0.020998681263465966, 0.020998679733436023, 0.020998679467343857, 0.020998679267774736, 0.020998679267774736, 0.020998677937313914, 0.020998677937313914, 0.020998677737744793, 0.020998677737744793, 0.020998677737744793, 0.020998677737744793, 0.020998677737744793, 0.020998677737744793, 0.020998677737744793, 0.020998677737744793, 0.020998677737744793, 0.020998677737744793, 0.020998677737744793, 0.020998677737744793, 0.020998677737744793, 0.020998677737744793, 0.020998677737744793, 0.020998677737744793, 0.020998677737744793, 0.020998677737744793, 0.020998677737744793, 0.020998677737744793, 0.020998677737744793, 0.020998677737744793, 0.020998677737744793, 0.020998677737744793, 0.020998677737744793, 0.020998677737744793, 0.020998677737744793, 0.020998677737744793, 0.020998677737744793, 0.020998677737744793, 0.020998677737744793, 0.020998677737744793, 0.020998677737744793, 0.020998677737744793, 0.020998677737744793, 0.020998677737744793, 0.020998677737744793, 0.020998677737744793, 0.020998677737744793, 0.020998677737744793], "loss": [0.48351647491965977, 0.07223021904272693, 0.027355588307338103, 0.02136680011504463, 0.019481506464736804, 0.018723334717963423, 0.01838723333951618, 0.018232247925230434, 0.01815870520658791, 0.018122451080541526, 0.01810354952301298, 0.018092906002753546, 0.018086328570331846, 0.01808186068332621, 0.018078574245529517, 0.018076014538694705, 0.018073947601286427, 0.018072245176881552, 0.018070828036538193, 0.01806964279551591, 0.018068649822713008, 0.018067819265914813, 0.018067125364073684, 0.018066546014909233, 0.018066064487876638, 0.01806566391938499, 0.01806533196941018, 0.018065057827958038, 0.018064831283741763, 0.01806464488618076, 0.018064491500678872, 0.018064366121377264, 0.018064262777833, 0.018064178859016726, 0.018064110473330532, 0.01806405432788389, 0.01806400915873902, 0.018063972587697208, 0.018063943101359264, 0.018063918753926243, 0.01806389946224434, 0.018063883945745016, 0.01806387150593634, 0.018063861544110944, 0.018063853860699704, 0.018063847441226244, 0.01806384221916752, 0.018063838128000498, 0.018063834934894527, 0.018063832207449844, 0.01806383057763534, 0.018063828981082355, 0.018063827584098493, 0.018063827051914165, 0.01806382552188422, 0.01806382505622293, 0.018063825189269016, 0.018063825189269016, 0.018063824091638838, 0.018063823459669948, 0.018063823892069713, 0.01806382355945451, 0.018063823260100826, 0.018063823326623867, 0.01806382312705474, 0.01806382357608527, 0.018063823093793223, 0.018063823160316263, 0.018063823359885385, 0.018063823359885385, 0.018063823293362345, 0.018063823093793223, 0.018063823293362345, 0.018063823110423982, 0.018063823293362345, 0.018063823260100826, 0.018063823326623867, 0.018063823160316263, 0.018063823226839304, 0.018063823226839304, 0.018063823393146907, 0.018063823393146907, 0.018063823093793223, 0.018063823093793223, 0.018063823393146907, 0.01806382357608527, 0.018063823359885385, 0.018063823526192988, 0.018063823459669948, 0.018063823326623867, 0.018063823160316263, 0.018063823226839304, 0.018063823359885385, 0.018063823426408426, 0.01806382362597755, 0.018063823393146907, 0.018063823293362345, 0.018063823093793223, 0.018063823160316263, 0.0180638230605317]}