{"val_loss": [1.316942572593689, 1.2797744274139404, 1.2438104152679443, 1.2090544700622559, 1.1755001544952393, 1.1431376934051514, 1.1119532585144043, 1.0819283723831177, 1.053047776222229, 1.0252853631973267, 0.9986211061477661, 0.9730281829833984, 0.9484827518463135, 0.9249600172042847, 0.902431309223175, 0.8808717727661133, 0.8602536916732788, 0.8405488133430481, 0.8217267990112305, 0.8037613034248352, 0.7866232395172119, 0.77028489112854, 0.7547169923782349, 0.7398958802223206, 0.725791871547699, 0.7123798727989197, 0.6996338367462158, 0.6875346302986145, 0.6760580539703369, 0.6651831269264221, 0.6548880934715271, 0.6451514959335327, 0.6359525918960571, 0.6272664070129395, 0.6190710067749023, 0.6113488674163818, 0.6040733456611633, 0.597232460975647, 0.5908047556877136, 0.5847732424736023, 0.5791217684745789, 0.5738203525543213, 0.5688546895980835, 0.5641993880271912, 0.5598462820053101, 0.555769681930542, 0.5519434213638306, 0.5483558177947998, 0.544989824295044, 0.5418299436569214, 0.5388463735580444, 0.5360375642776489, 0.5333806276321411, 0.5308653116226196, 0.5284745693206787, 0.5261811017990112, 0.523980438709259, 0.5218569040298462, 0.5198005437850952, 0.5178046822547913, 0.5158622860908508, 0.5139548182487488, 0.5120753645896912, 0.5102121829986572, 0.5083528757095337, 0.5064849853515625, 0.5046113729476929, 0.5027182102203369, 0.5008053779602051, 0.49886763095855713, 0.49691396951675415, 0.4949095547199249, 0.4928783178329468, 0.49082863330841064, 0.4887595474720001, 0.4866441488265991, 0.48449525237083435, 0.4823133945465088, 0.48011696338653564, 0.47788840532302856, 0.47562843561172485, 0.47334024310112, 0.4710397720336914, 0.46872344613075256, 0.4663946032524109, 0.4640344977378845, 0.4616660475730896, 0.4592840075492859, 0.4568783640861511, 0.4544515907764435, 0.4520156979560852, 0.44957494735717773, 0.44712913036346436, 0.4446668326854706, 0.44221431016921997, 0.43976616859436035, 0.4373255968093872, 0.434895396232605, 0.4324764907360077, 0.43005627393722534], "loss": [1.355513095855713, 1.3166040182113647, 1.2788336277008057, 1.2422831058502197, 1.206979751586914, 1.1729204654693604, 1.1400206089019775, 1.1082756519317627, 1.0777512788772583, 1.0484288930892944, 1.0201421976089478, 0.9929706454277039, 0.9668616056442261, 0.941864013671875, 0.9179457426071167, 0.894738495349884, 0.8727991580963135, 0.8514961004257202, 0.8313219547271729, 0.811899721622467, 0.7933219075202942, 0.7753832340240479, 0.7585090398788452, 0.7419326305389404, 0.726129412651062, 0.7111304998397827, 0.6969273090362549, 0.6825723648071289, 0.6691015958786011, 0.6561435461044312, 0.6435559988021851, 0.6315956115722656, 0.6197853088378906, 0.60865318775177, 0.5972858667373657, 0.5866800546646118, 0.575985848903656, 0.5646196007728577, 0.5546691417694092, 0.543590784072876, 0.5348864793777466, 0.5249161720275879, 0.5151253938674927, 0.5053269267082214, 0.4961113929748535, 0.48649489879608154, 0.4783928096294403, 0.467525452375412, 0.45956552028656006, 0.4514230787754059, 0.4414425790309906, 0.4323243796825409, 0.4226059019565582, 0.4159933924674988, 0.40866461396217346, 0.4003469944000244, 0.3924848139286041, 0.3857879042625427, 0.3750167787075043, 0.3693666160106659, 0.3596856892108917, 0.3556981682777405, 0.3492932617664337, 0.3418436348438263, 0.3356311321258545, 0.3339701294898987, 0.3239060938358307, 0.3204193115234375, 0.3141492009162903, 0.30586302280426025, 0.3004199266433716, 0.30038511753082275, 0.2948903739452362, 0.28913483023643494, 0.2838663160800934, 0.2796790301799774, 0.27375900745391846, 0.27138376235961914, 0.2676254212856293, 0.2621871829032898, 0.26045945286750793, 0.2559991180896759, 0.2539328336715698, 0.2498423159122467, 0.2511676549911499, 0.24765390157699585, 0.24310943484306335, 0.24080432951450348, 0.23442921042442322, 0.2362845540046692, 0.23227649927139282, 0.22662150859832764, 0.22302909195423126, 0.22317847609519958, 0.22023700177669525, 0.21828830242156982, 0.21502256393432617, 0.2159641981124878, 0.21399624645709991, 0.2116192877292633]}