{"val_loss": [3.56150484085083, 3.417752265930176, 3.2788138389587402, 3.1446995735168457, 3.0153918266296387, 2.890842914581299, 2.7709975242614746, 2.6557836532592773, 2.545121192932129, 2.438924789428711, 2.3371005058288574, 2.239550828933716, 2.1461708545684814, 2.056856870651245, 1.9714961051940918, 1.8899762630462646, 1.812187671661377, 1.738012433052063, 1.667336344718933, 1.6000404357910156, 1.5360102653503418, 1.4751286506652832, 1.4172828197479248, 1.362356424331665, 1.3102388381958008, 1.2608312368392944, 1.2140250205993652, 1.1697310209274292, 1.1278493404388428, 1.08827805519104, 1.0509042739868164, 1.015622854232788, 0.9823413491249084, 0.9509466290473938, 0.9213329553604126, 0.893401026725769, 0.8670119047164917, 0.8420881628990173, 0.8185310959815979, 0.7962266206741333, 0.7750757336616516, 0.7549855709075928, 0.7358628511428833, 0.7176216840744019, 0.7001811861991882, 0.6834739446640015, 0.6674178838729858, 0.6519842147827148, 0.6371043920516968, 0.6227372288703918, 0.6088604927062988, 0.595421552658081, 0.5824118256568909, 0.5697836875915527, 0.5575383305549622, 0.5456560850143433, 0.5341154336929321, 0.5229036808013916, 0.5120252370834351, 0.5014591217041016, 0.49118730425834656, 0.4812139570713043, 0.47153493762016296, 0.46214550733566284, 0.4530315697193146, 0.4441910982131958, 0.43562084436416626, 0.427327036857605, 0.41928887367248535, 0.4114960730075836, 0.40394407510757446, 0.39660874009132385, 0.38949546217918396, 0.3825951814651489, 0.37591275572776794, 0.3694390654563904, 0.3631536364555359, 0.35706183314323425, 0.351155161857605, 0.34541770815849304, 0.3398430347442627, 0.3344360291957855, 0.329187273979187, 0.3240821361541748, 0.3191151022911072, 0.3142891228199005, 0.3096005320549011, 0.30503636598587036, 0.3006030321121216, 0.29628968238830566, 0.29209625720977783, 0.28802406787872314, 0.2840571105480194, 0.2801995575428009, 0.2764412760734558, 0.2727721035480499, 0.26919078826904297, 0.26569831371307373, 0.26228415966033936, 0.2589417099952698], "loss": [3.709867477416992, 3.5592336654663086, 3.4133105278015137, 3.2721855640411377, 3.1360530853271484, 3.0046944618225098, 2.878267765045166, 2.756437301635742, 2.639130115509033, 2.5266385078430176, 2.4187917709350586, 2.3150675296783447, 2.215493679046631, 2.120342254638672, 2.029613733291626, 1.9420974254608154, 1.8585078716278076, 1.7786953449249268, 1.7023873329162598, 1.6296086311340332, 1.5600204467773438, 1.493280291557312, 1.429760456085205, 1.3686306476593018, 1.3102059364318848, 1.2541879415512085, 1.2014840841293335, 1.1484088897705078, 1.1001416444778442, 1.0530364513397217, 1.0081908702850342, 0.9646244049072266, 0.9217458963394165, 0.8813595175743103, 0.8431994318962097, 0.804171085357666, 0.7710550427436829, 0.7352692484855652, 0.702263355255127, 0.6711017489433289, 0.6417183876037598, 0.6115099191665649, 0.5837234258651733, 0.5624157190322876, 0.5359491109848022, 0.5108896493911743, 0.4879818260669708, 0.468492329120636, 0.4518117904663086, 0.4292929470539093, 0.4145057797431946, 0.39660173654556274, 0.3787967562675476, 0.36885809898376465, 0.3523479402065277, 0.3404196500778198, 0.3277960419654846, 0.3207126259803772, 0.30204206705093384, 0.291002094745636, 0.2851695418357849, 0.27371299266815186, 0.2641866207122803, 0.2569568455219269, 0.24865573644638062, 0.2397308647632599, 0.23261624574661255, 0.2270604372024536, 0.22339767217636108, 0.21527154743671417, 0.20970800518989563, 0.20434284210205078, 0.19863565266132355, 0.19462528824806213, 0.1883922815322876, 0.18603329360485077, 0.18215730786323547, 0.1762639284133911, 0.17246855795383453, 0.16906511783599854, 0.16520985960960388, 0.1614009290933609, 0.15929670631885529, 0.15726310014724731, 0.1541280448436737, 0.15045475959777832, 0.1489410102367401, 0.1495511680841446, 0.14423096179962158, 0.14276574552059174, 0.14062654972076416, 0.13617263734340668, 0.13664883375167847, 0.1332775056362152, 0.13236233592033386, 0.13265281915664673, 0.12885457277297974, 0.12626269459724426, 0.1268932968378067, 0.12577791512012482]}